[Message: Preloader] BepInEx 0.0.0 - RE (2026/9/4 19:20:56)
[Info   :   BepInEx] System platform: Windows 10 64-bit
[Info   :   BepInEx] Process bitness: 64-bit (x64)
[Info   :   BepInEx] Running under Unity 2022.3.36f1
[Info   :   BepInEx] Runtime version: 6.0.7
[Info   :   BepInEx] Runtime information: .NET 6.0.7
[Debug  :   BepInEx] Game executable path: D:\steam\steamapps\common\RomanticEscapades\RE\RE.exe
[Debug  :   BepInEx] Interop assembly directory: D:\steam\steamapps\common\RomanticEscapades\RE\BepInEx\interop
[Debug  :   BepInEx] BepInEx root path: D:\steam\steamapps\common\RomanticEscapades\RE\BepInEx
[Info   : Preloader] 0 patcher plugins loaded
[Debug  :AssemblyPatcher] Assembly loaded: Assembly-CSharp.dll
[Debug  :AssemblyPatcher] Assembly loaded: AstarPathfindingProject.dll
[Debug  :AssemblyPatcher] Assembly loaded: BehaviorDesigner.Runtime.dll
[Debug  :AssemblyPatcher] Assembly loaded: Cinemachine.dll
[Debug  :AssemblyPatcher] Assembly loaded: com.rlabrecque.steamworks.net.dll
[Debug  :AssemblyPatcher] Assembly loaded: CW.Common.dll
[Debug  :AssemblyPatcher] Assembly loaded: DOTween.dll
[Debug  :AssemblyPatcher] Assembly loaded: GameFramework.dll
[Debug  :AssemblyPatcher] Assembly loaded: ICSharpCode.SharpZipLib.dll
[Debug  :AssemblyPatcher] Assembly loaded: Il2CppMono.Security.dll
[Debug  :AssemblyPatcher] Assembly loaded: Il2Cppmscorlib.dll
[Debug  :AssemblyPatcher] Assembly loaded: Il2CppSystem.Configuration.dll
[Debug  :AssemblyPatcher] Assembly loaded: Il2CppSystem.Core.dll
[Debug  :AssemblyPatcher] Assembly loaded: Il2CppSystem.dll
[Debug  :AssemblyPatcher] Assembly loaded: Il2CppSystem.Numerics.dll
[Debug  :AssemblyPatcher] Assembly loaded: Il2CppSystem.Runtime.Serialization.dll
[Debug  :AssemblyPatcher] Assembly loaded: Il2CppSystem.Xml.dll
[Debug  :AssemblyPatcher] Assembly loaded: IngameDebugConsole.Runtime.dll
[Debug  :AssemblyPatcher] Assembly loaded: KWS.dll
[Debug  :AssemblyPatcher] Assembly loaded: MagicaCloth.dll
[Debug  :AssemblyPatcher] Assembly loaded: Newtonsoft.Json.dll
[Debug  :AssemblyPatcher] Assembly loaded: PaintIn3D.dll
[Debug  :AssemblyPatcher] Assembly loaded: PaintIn3D_Editor.dll
[Debug  :AssemblyPatcher] Assembly loaded: PaintIn3D_Game.dll
[Debug  :AssemblyPatcher] Assembly loaded: Pathfinding.ClipperLib.dll
[Debug  :AssemblyPatcher] Assembly loaded: Pathfinding.Ionic.Zip.Reduced.dll
[Debug  :AssemblyPatcher] Assembly loaded: Pathfinding.Poly2Tri.dll
[Debug  :AssemblyPatcher] Assembly loaded: Unity.Burst.dll
[Debug  :AssemblyPatcher] Assembly loaded: Unity.Burst.Unsafe.dll
[Debug  :AssemblyPatcher] Assembly loaded: Unity.Collections.dll
[Debug  :AssemblyPatcher] Assembly loaded: Unity.Collections.LowLevel.ILSupport.dll
[Debug  :AssemblyPatcher] Assembly loaded: Unity.InputSystem.dll
[Debug  :AssemblyPatcher] Assembly loaded: Unity.InputSystem.ForUI.dll
[Debug  :AssemblyPatcher] Assembly loaded: Unity.Mathematics.dll
[Debug  :AssemblyPatcher] Assembly loaded: Unity.RenderPipelines.Core.Runtime.dll
[Debug  :AssemblyPatcher] Assembly loaded: Unity.RenderPipelines.HighDefinition.Config.Runtime.dll
[Debug  :AssemblyPatcher] Assembly loaded: Unity.RenderPipelines.HighDefinition.Runtime.dll
[Debug  :AssemblyPatcher] Assembly loaded: Unity.TextMeshPro.dll
[Debug  :AssemblyPatcher] Assembly loaded: Unity.Timeline.dll
[Debug  :AssemblyPatcher] Assembly loaded: Unity.VisualEffectGraph.Runtime.dll
[Debug  :AssemblyPatcher] Assembly loaded: UnityEngine.AccessibilityModule.dll
[Debug  :AssemblyPatcher] Assembly loaded: UnityEngine.AIModule.dll
[Debug  :AssemblyPatcher] Assembly loaded: UnityEngine.AndroidJNIModule.dll
[Debug  :AssemblyPatcher] Assembly loaded: UnityEngine.AnimationModule.dll
[Debug  :AssemblyPatcher] Assembly loaded: UnityEngine.AssetBundleModule.dll
[Debug  :AssemblyPatcher] Assembly loaded: UnityEngine.AudioModule.dll
[Debug  :AssemblyPatcher] Assembly loaded: UnityEngine.ClothModule.dll
[Debug  :AssemblyPatcher] Assembly loaded: UnityEngine.ClusterInputModule.dll
[Debug  :AssemblyPatcher] Assembly loaded: UnityEngine.ClusterRendererModule.dll
[Debug  :AssemblyPatcher] Assembly loaded: UnityEngine.ContentLoadModule.dll
[Debug  :AssemblyPatcher] Assembly loaded: UnityEngine.CoreModule.dll
[Debug  :AssemblyPatcher] Assembly loaded: UnityEngine.CrashReportingModule.dll
[Debug  :AssemblyPatcher] Assembly loaded: UnityEngine.DirectorModule.dll
[Debug  :AssemblyPatcher] Assembly loaded: UnityEngine.dll
[Debug  :AssemblyPatcher] Assembly loaded: UnityEngine.DSPGraphModule.dll
[Debug  :AssemblyPatcher] Assembly loaded: UnityEngine.GameCenterModule.dll
[Debug  :AssemblyPatcher] Assembly loaded: UnityEngine.GIModule.dll
[Debug  :AssemblyPatcher] Assembly loaded: UnityEngine.GridModule.dll
[Debug  :AssemblyPatcher] Assembly loaded: UnityEngine.HotReloadModule.dll
[Debug  :AssemblyPatcher] Assembly loaded: UnityEngine.ImageConversionModule.dll
[Debug  :AssemblyPatcher] Assembly loaded: UnityEngine.IMGUIModule.dll
[Debug  :AssemblyPatcher] Assembly loaded: UnityEngine.InputLegacyModule.dll
[Debug  :AssemblyPatcher] Assembly loaded: UnityEngine.InputModule.dll
[Debug  :AssemblyPatcher] Assembly loaded: UnityEngine.JSONSerializeModule.dll
[Debug  :AssemblyPatcher] Assembly loaded: UnityEngine.LocalizationModule.dll
[Debug  :AssemblyPatcher] Assembly loaded: UnityEngine.ParticleSystemModule.dll
[Debug  :AssemblyPatcher] Assembly loaded: UnityEngine.PerformanceReportingModule.dll
[Debug  :AssemblyPatcher] Assembly loaded: UnityEngine.Physics2DModule.dll
[Debug  :AssemblyPatcher] Assembly loaded: UnityEngine.PhysicsModule.dll
[Debug  :AssemblyPatcher] Assembly loaded: UnityEngine.ProfilerModule.dll
[Debug  :AssemblyPatcher] Assembly loaded: UnityEngine.PropertiesModule.dll
[Debug  :AssemblyPatcher] Assembly loaded: UnityEngine.RuntimeInitializeOnLoadManagerInitializerModule.dll
[Debug  :AssemblyPatcher] Assembly loaded: UnityEngine.ScreenCaptureModule.dll
[Debug  :AssemblyPatcher] Assembly loaded: UnityEngine.SharedInternalsModule.dll
[Debug  :AssemblyPatcher] Assembly loaded: UnityEngine.SpriteMaskModule.dll
[Debug  :AssemblyPatcher] Assembly loaded: UnityEngine.SpriteShapeModule.dll
[Debug  :AssemblyPatcher] Assembly loaded: UnityEngine.StreamingModule.dll
[Debug  :AssemblyPatcher] Assembly loaded: UnityEngine.SubstanceModule.dll
[Debug  :AssemblyPatcher] Assembly loaded: UnityEngine.SubsystemsModule.dll
[Debug  :AssemblyPatcher] Assembly loaded: UnityEngine.TerrainModule.dll
[Debug  :AssemblyPatcher] Assembly loaded: UnityEngine.TerrainPhysicsModule.dll
[Debug  :AssemblyPatcher] Assembly loaded: UnityEngine.TextCoreFontEngineModule.dll
[Debug  :AssemblyPatcher] Assembly loaded: UnityEngine.TextCoreTextEngineModule.dll
[Debug  :AssemblyPatcher] Assembly loaded: UnityEngine.TextRenderingModule.dll
[Debug  :AssemblyPatcher] Assembly loaded: UnityEngine.TilemapModule.dll
[Debug  :AssemblyPatcher] Assembly loaded: UnityEngine.TLSModule.dll
[Debug  :AssemblyPatcher] Assembly loaded: UnityEngine.UI.dll
[Debug  :AssemblyPatcher] Assembly loaded: UnityEngine.UIElementsModule.dll
[Debug  :AssemblyPatcher] Assembly loaded: UnityEngine.UIModule.dll
[Debug  :AssemblyPatcher] Assembly loaded: UnityEngine.UmbraModule.dll
[Debug  :AssemblyPatcher] Assembly loaded: UnityEngine.UnityAnalyticsCommonModule.dll
[Debug  :AssemblyPatcher] Assembly loaded: UnityEngine.UnityAnalyticsModule.dll
[Debug  :AssemblyPatcher] Assembly loaded: UnityEngine.UnityConnectModule.dll
[Debug  :AssemblyPatcher] Assembly loaded: UnityEngine.UnityCurlModule.dll
[Debug  :AssemblyPatcher] Assembly loaded: UnityEngine.UnityTestProtocolModule.dll
[Debug  :AssemblyPatcher] Assembly loaded: UnityEngine.UnityWebRequestAssetBundleModule.dll
[Debug  :AssemblyPatcher] Assembly loaded: UnityEngine.UnityWebRequestAudioModule.dll
[Debug  :AssemblyPatcher] Assembly loaded: UnityEngine.UnityWebRequestModule.dll
[Debug  :AssemblyPatcher] Assembly loaded: UnityEngine.UnityWebRequestTextureModule.dll
[Debug  :AssemblyPatcher] Assembly loaded: UnityEngine.UnityWebRequestWWWModule.dll
[Debug  :AssemblyPatcher] Assembly loaded: UnityEngine.VehiclesModule.dll
[Debug  :AssemblyPatcher] Assembly loaded: UnityEngine.VFXModule.dll
[Debug  :AssemblyPatcher] Assembly loaded: UnityEngine.VideoModule.dll
[Debug  :AssemblyPatcher] Assembly loaded: UnityEngine.VirtualTexturingModule.dll
[Debug  :AssemblyPatcher] Assembly loaded: UnityEngine.VRModule.dll
[Debug  :AssemblyPatcher] Assembly loaded: UnityEngine.WindModule.dll
[Debug  :AssemblyPatcher] Assembly loaded: UnityEngine.XRModule.dll
[Debug  :AssemblyPatcher] Assembly loaded: UnityGameFramework.Runtime.dll
[Debug  :AssemblyPatcher] Assembly loaded: __Generated.dll
[Info   : Preloader] 0 assemblies discovered
[Message:AssemblyPatcher] Executing 0 patch(es)
[Message:   BepInEx] Chainloader initialized
[Debug  : Preloader] Runtime invoke pointer: 0x7FFFE4579820
[Debug  :DobbyDetour] Preparing detour from 0x7FFFE4579820 to 0x7FF7C6293264
[Debug  :DobbyDetour] Prepared detour; Trampoline: 0x7FFFA4580000
[Debug  :DobbyDetour] Original: 7FFFE4579820, Trampoline: 7FFFA4580000, diff: 3FFF9820
[Debug  : Preloader] Runtime invoke patched
[Debug  :Il2CppInterop] il2cpp_object_get_virtual_method: 0x7FFFE4579700
[Debug  :Il2CppInterop] Object::GetVirtualMethod: 0x7FFFE45937B0
[Debug  :Il2CppInterop] GenericMethod::GetMethod found: 0x7FFFE45A0470
[Debug  :DobbyDetour] Preparing detour from 0x7FFFE45A0470 to 0x7FF7C62932A4
[Debug  :DobbyDetour] Prepared detour; Trampoline: 0x7FFFA45B0000
[Debug  :DobbyDetour] Original: 7FFFE45A0470, Trampoline: 7FFFA45B0000, diff: 3FFF0470
[Debug  :Il2CppInterop] il2cpp_image_get_class: 0x7FFFE45793D0
[Debug  :Il2CppInterop] Image::GetType: 0x7FFFE4615AC0
[Debug  :Il2CppInterop] imageGetTypeXrefs.Length: 2
[Debug  :Il2CppInterop] getTypeInfoFromHandle: 7FFFE45D9B80
[Debug  :Il2CppInterop] MetadataCache::GetTypeInfoFromTypeDefinitionIndex found: 0x7FFFE4606DC0
[Debug  :DobbyDetour] Preparing detour from 0x7FFFE4606DC0 to 0x7FF7C62932E4
[Debug  :DobbyDetour] Prepared detour; Trampoline: 0x7FFFA4610000
[Debug  :DobbyDetour] Original: 7FFFE4606DC0, Trampoline: 7FFFA4610000, diff: 3FFF6DC0
[Debug  :Il2CppInterop] Class::GetDefaultFieldValue found: 0x7FFFE4605A60
[Debug  :DobbyDetour] Preparing detour from 0x7FFFE4605A60 to 0x7FF7C6293324
[Debug  :DobbyDetour] Prepared detour; Trampoline: 0x7FFFA4610020
[Debug  :DobbyDetour] Original: 7FFFE4605A60, Trampoline: 7FFFA4610020, diff: 3FFF5A40
[Warning:Il2CppInterop] Class::Init signatures have been exhausted, using a substitute!
[Debug  :Il2CppInterop] Picked mono_class_instance_size as a Class::Init substitute
[Debug  :Il2CppInterop] Class::Init: 0x7FFFE457A060
[Debug  :Il2CppInterop] il2cpp_class_from_il2cpp_type: 0x7FFFE4578C40
[Debug  :Il2CppInterop] Class::FromIl2CppType found: 0x7FFFE45D69B0
[Debug  :DobbyDetour] Preparing detour from 0x7FFFE45D69B0 to 0x7FF7C6293364
[Debug  :DobbyDetour] Prepared detour; Trampoline: 0x7FFFA4610040
[Debug  :DobbyDetour] Original: 7FFFE45D69B0, Trampoline: 7FFFA4610040, diff: 3FFC6970
[Debug  :Il2CppInterop] il2cpp_class_from_name: 0x7FFFE4578C50
[Debug  :Il2CppInterop] Class::FromName found: 0x7FFFE45D6F10
[Debug  :DobbyDetour] Preparing detour from 0x7FFFE45D6F10 to 0x7FF7C62933A4
[Debug  :DobbyDetour] Prepared detour; Trampoline: 0x7FFFA4610060
[Debug  :DobbyDetour] Original: 7FFFE45D6F10, Trampoline: 7FFFA4610060, diff: 3FFC6EB0
[Debug  :Il2CppInterop] GarbageCollector::RunFinalizer found: 0x7FFFE4584650
[Debug  :DobbyDetour] Preparing detour from 0x7FFFE4584650 to 0x7FF7C62933E4
[Debug  :DobbyDetour] Prepared detour; Trampoline: 0x7FFFA45B0020
[Debug  :DobbyDetour] Original: 7FFFE4584650, Trampoline: 7FFFA45B0020, diff: 3FFD4630
[Info   :Il2CppInterop] Registered mono type Il2CppInterop.Runtime.DelegateSupport+Il2CppToMonoDelegateReference in il2cpp domain
[Debug  :InteropManager] Preloaded 109 interop assemblies in 215ms
[Debug  :   BepInEx] Skipping loading D:\steam\steamapps\common\RomanticEscapades\RE\BepInEx\plugins\xmod\runtimes\win-x64\native\capstone.dll because it's not a valid .NET assembly. Full error: Format of the executable (.exe) or library (.dll) is invalid.
[Debug  :   BepInEx] Skipping loading D:\steam\steamapps\common\RomanticEscapades\RE\BepInEx\plugins\xmod\runtimes\win-x64\native\grpc_csharp_ext.x64.dll because it's not a valid .NET assembly. Full error: Format of the executable (.exe) or library (.dll) is invalid.
[Debug  :   BepInEx] Skipping loading D:\steam\steamapps\common\RomanticEscapades\RE\BepInEx\plugins\xmod\runtimes\win-x86\native\capstone.dll because it's not a valid .NET assembly. Full error: Format of the executable (.exe) or library (.dll) is invalid.
[Debug  :   BepInEx] Skipping loading D:\steam\steamapps\common\RomanticEscapades\RE\BepInEx\plugins\xmod\runtimes\win-x86\native\grpc_csharp_ext.x86.dll because it's not a valid .NET assembly. Full error: Format of the executable (.exe) or library (.dll) is invalid.
[Info   :   BepInEx] 2 plugins to load
[Info   :   BepInEx] Loading [QTE / 万能 Trainer 1.1.0]
[Warning:   BepInEx] Registering QteTrainer.QteTrainerUi in Il2Cpp type system
[Info   :Il2CppInterop] Registered mono type QteTrainer.QteTrainerUi in il2cpp domain
[Debug  :DobbyDetour] Preparing detour from 0x7FFFE4920830 to 0x7FF7C62938A4
[Debug  :DobbyDetour] Prepared detour; Trampoline: 0x7FFFA4930000
[Debug  :DobbyDetour] Original: 7FFFE4920830, Trampoline: 7FFFA4930000, diff: 3FFF0830
[Debug  :DobbyDetour] Preparing detour from 0x7FFFE4920C10 to 0x7FF7C62938E4
[Debug  :DobbyDetour] Prepared detour; Trampoline: 0x7FFFA4930020
[Debug  :DobbyDetour] Original: 7FFFE4920C10, Trampoline: 7FFFA4930020, diff: 3FFF0BF0
[Debug  :DobbyDetour] Preparing detour from 0x7FFFE4778020 to 0x7FF7C6293924
[Debug  :DobbyDetour] Prepared detour; Trampoline: 0x7FFFA4930040
[Debug  :DobbyDetour] Original: 7FFFE4778020, Trampoline: 7FFFA4930040, diff: 3FE47FE0
[Debug  :DobbyDetour] Preparing detour from 0x7FFFE4924450 to 0x7FF7C6293964
[Debug  :DobbyDetour] Prepared detour; Trampoline: 0x7FFFA4930060
[Debug  :DobbyDetour] Original: 7FFFE4924450, Trampoline: 7FFFA4930060, diff: 3FFF43F0
[Debug  :DobbyDetour] Preparing detour from 0x7FFFE477E360 to 0x7FF7C62939A4
[Debug  :DobbyDetour] Prepared detour; Trampoline: 0x7FFFA4930080
[Debug  :DobbyDetour] Original: 7FFFE477E360, Trampoline: 7FFFA4930080, diff: 3FE4E2E0
[Error  :  HarmonyX] Failed to patch void Game.InfoCreature::SetCurtHP(float v): System.Exception: Parameter "value" not found in method void Game.InfoCreature::SetCurtHP(float v)
   at HarmonyLib.Public.Patching.HarmonyManipulator.EmitCallParameter(MethodInfo patch, Boolean allowFirsParamPassthrough, VariableDefinition& tmpObjectVar, List`1& tmpBoxVars)
   at HarmonyLib.Public.Patching.HarmonyManipulator.WritePrefixes(Label returnLabel)
   at HarmonyLib.Public.Patching.HarmonyManipulator.WriteImpl()
[Warning:QTE / 万能 Trainer] Patch InfoCreature_SetCurtHP_Patch failed, continuing: IL Compile Error (unknown location)
[Error  :  HarmonyX] Failed to patch void Game.InfoCreature::SetCurtRP(float v): System.Exception: Parameter "value" not found in method void Game.InfoCreature::SetCurtRP(float v)
   at HarmonyLib.Public.Patching.HarmonyManipulator.EmitCallParameter(MethodInfo patch, Boolean allowFirsParamPassthrough, VariableDefinition& tmpObjectVar, List`1& tmpBoxVars)
   at HarmonyLib.Public.Patching.HarmonyManipulator.WritePrefixes(Label returnLabel)
   at HarmonyLib.Public.Patching.HarmonyManipulator.WriteImpl()
[Warning:QTE / 万能 Trainer] Patch InfoCreature_SetCurtRP_Patch failed, continuing: IL Compile Error (unknown location)
[Debug  :DobbyDetour] Preparing detour from 0x7FFFE4724820 to 0x7FF7C62939E4
[Debug  :DobbyDetour] Prepared detour; Trampoline: 0x7FFFA49300A0
[Debug  :DobbyDetour] Original: 7FFFE4724820, Trampoline: 7FFFA49300A0, diff: 3FDF4780
[Debug  :DobbyDetour] Preparing detour from 0x7FFFE4726B10 to 0x7FF7C6293A24
[Debug  :DobbyDetour] Prepared detour; Trampoline: 0x7FFFA49300C0
[Debug  :DobbyDetour] Original: 7FFFE4726B10, Trampoline: 7FFFA49300C0, diff: 3FDF6A50
[Debug  :DobbyDetour] Preparing detour from 0x7FFFE4793800 to 0x7FF7C6293A64
[Debug  :DobbyDetour] Prepared detour; Trampoline: 0x7FFFA49300E0
[Debug  :DobbyDetour] Original: 7FFFE4793800, Trampoline: 7FFFA49300E0, diff: 3FE63720
[Debug  :DobbyDetour] Preparing detour from 0x7FFFE4708D50 to 0x7FF7C6293AA4
[Debug  :DobbyDetour] Prepared detour; Trampoline: 0x7FFFA4930100
[Debug  :DobbyDetour] Original: 7FFFE4708D50, Trampoline: 7FFFA4930100, diff: 3FDD8C50
[Debug  :DobbyDetour] Preparing detour from 0x7FFFE46AEA60 to 0x7FF7C6293AE4
[Debug  :DobbyDetour] Prepared detour; Trampoline: 0x7FFFA4930120
[Debug  :DobbyDetour] Original: 7FFFE46AEA60, Trampoline: 7FFFA4930120, diff: 3FD7E940
[Info   :QTE / 万能 Trainer] QTE Trainer loaded.
[Info   :   BepInEx] Loading [Il2cpp plugin FlowerPicker 1.0.0]
[Info   :Il2CppInterop] Registered mono type WindowDragger in il2cpp domain
[Info   :Il2CppInterop] Registered mono type HaxxToyBox.GUI.SliderAmountText in il2cpp domain
[Info   :Il2CppInterop] Registered mono type ModFramework.Utilities.CoroutineRunner in il2cpp domain
[Info   :Il2CppInterop] Registered mono type ModFramework.GUI.GlobalDeselectOnClick in il2cpp domain
[Warning:Il2CppInterop] Method System.Collections.IEnumerator DoFadeIn() on type ModFramework.GUI.HoverEffect has unsupported return type System.Collections.IEnumerator
[Warning:Il2CppInterop] Method System.Collections.IEnumerator DoFadeOut() on type ModFramework.GUI.HoverEffect has unsupported return type System.Collections.IEnumerator
[Info   :Il2CppInterop] Registered mono type ModFramework.GUI.HoverEffect in il2cpp domain
[Info   :Il2CppInterop] Registered mono type ModFramework.GUI.Ripple in il2cpp domain
[Info   :Il2CppInterop] Registered mono type ModFramework.GUI.FadeButtonWrapper in il2cpp domain
[Warning:Il2CppInterop] Method System.Collections.IEnumerator InitAfterLayout() on type ModFramework.GUI.InfinityScrollBase has unsupported return type System.Collections.IEnumerator
[Info   :Il2CppInterop] Registered mono type ModFramework.GUI.InfinityScrollBase in il2cpp domain
[Info   :Il2CppInterop] Registered mono type ModFramework.GUI.PopupPanel in il2cpp domain
[Info   :Il2CppInterop] Registered mono type ModFramework.GUI.SettingsPanel in il2cpp domain
[Warning:Il2CppInterop] Method System.Collections.IEnumerator DisableAnimator() on type ModFramework.GUI.AnimatedIconHandler has unsupported return type System.Collections.IEnumerator
[Info   :Il2CppInterop] Registered mono type ModFramework.GUI.AnimatedIconHandler in il2cpp domain
[Warning:Il2CppInterop] Method System.Collections.IEnumerator LayoutFix() on type ModFramework.GUI.ButtonManager has unsupported return type System.Collections.IEnumerator
[Warning:Il2CppInterop] Method System.Collections.IEnumerator SetNormal() on type ModFramework.GUI.ButtonManager has unsupported return type System.Collections.IEnumerator
[Warning:Il2CppInterop] Method System.Collections.IEnumerator SetHighlight() on type ModFramework.GUI.ButtonManager has unsupported return type System.Collections.IEnumerator
[Warning:Il2CppInterop] Method System.Collections.IEnumerator SetPressed() on type ModFramework.GUI.ButtonManager has unsupported return type System.Collections.IEnumerator
[Warning:Il2CppInterop] Method System.Collections.IEnumerator SetDisabled() on type ModFramework.GUI.ButtonManager has unsupported return type System.Collections.IEnumerator
[Warning:Il2CppInterop] Method System.Collections.IEnumerator CheckForDoubleClick() on type ModFramework.GUI.ButtonManager has unsupported return type System.Collections.IEnumerator
[Warning:Il2CppInterop] Method System.Collections.IEnumerator InitUINavigation(UnityEngine.UI.Navigation) on type ModFramework.GUI.ButtonManager has unsupported return type System.Collections.IEnumerator
[Info   :Il2CppInterop] Registered mono type ModFramework.GUI.ButtonManager in il2cpp domain
[Warning:Il2CppInterop] Method Void SetItems(System.Collections.Generic.IEnumerable`1[System.String], Int32) on type ModFramework.GUI.HorizontalSelector has unsupported parameter System.Collections.Generic.IEnumerable`1[System.String] titles of type System.Collections.Generic.IEnumerable`1[System.String]
[Warning:Il2CppInterop] Method System.Collections.IEnumerator DisableAnimator() on type ModFramework.GUI.HorizontalSelector has unsupported return type System.Collections.IEnumerator
[Info   :Il2CppInterop] Registered mono type ModFramework.GUI.HorizontalSelector in il2cpp domain
[Warning:Il2CppInterop] Method System.Collections.IEnumerator SetNormal() on type ModFramework.GUI.PanelButton has unsupported return type System.Collections.IEnumerator
[Warning:Il2CppInterop] Method System.Collections.IEnumerator SetHighlight() on type ModFramework.GUI.PanelButton has unsupported return type System.Collections.IEnumerator
[Warning:Il2CppInterop] Method System.Collections.IEnumerator SetPressed() on type ModFramework.GUI.PanelButton has unsupported return type System.Collections.IEnumerator
[Warning:Il2CppInterop] Method System.Collections.IEnumerator SetSelect() on type ModFramework.GUI.PanelButton has unsupported return type System.Collections.IEnumerator
[Info   :Il2CppInterop] Registered mono type ModFramework.GUI.PanelButton in il2cpp domain
[Warning:Il2CppInterop] Method System.Collections.IEnumerator DisablePreviousPanel() on type ModFramework.GUI.WindowPanelManager has unsupported return type System.Collections.IEnumerator
[Warning:Il2CppInterop] Method System.Collections.IEnumerator DisableAnimators() on type ModFramework.GUI.WindowPanelManager has unsupported return type System.Collections.IEnumerator
[Warning:Il2CppInterop] Method System.Collections.IEnumerator MoveIndicatorToParent(UnityEngine.Transform) on type ModFramework.GUI.WindowPanelManager has unsupported return type System.Collections.IEnumerator
[Warning:Il2CppInterop] Method System.Collections.IEnumerator SetIndicatorHeight(Single) on type ModFramework.GUI.WindowPanelManager has unsupported return type System.Collections.IEnumerator
[Info   :Il2CppInterop] Registered mono type ModFramework.GUI.WindowPanelManager in il2cpp domain
[Info   :Il2CppInterop] Registered mono type ModFramework.GUI.WindowResizeAnchor in il2cpp domain
[Warning:Il2CppInterop] Method System.Collections.IEnumerator DoAnimate(Single, Single, System.Action`1[System.Single]) on type ModFramework.GUI.WindowManager has unsupported return type System.Collections.IEnumerator
[Warning:Il2CppInterop] Method System.Collections.IEnumerator DisableAfter(Boolean) on type ModFramework.GUI.WindowManager has unsupported return type System.Collections.IEnumerator
[Info   :Il2CppInterop] Registered mono type ModFramework.GUI.WindowManager in il2cpp domain
[Warning:Il2CppInterop] Method Void Bind(ModFramework.GUI.IItemModel, System.Func`1[System.Int32]) on type ModFramework.GUI.GenericItemEntry has unsupported parameter ModFramework.GUI.IItemModel model of type ModFramework.GUI.IItemModel
[Info   :Il2CppInterop] Registered mono type ModFramework.GUI.GenericItemEntry in il2cpp domain
[Warning:Il2CppInterop] Method System.Collections.IEnumerator DeferredInit() on type ModFramework.GUI.GenericItemPanel has unsupported return type System.Collections.IEnumerator
[Warning:Il2CppInterop] Method Void Configure(System.Collections.Generic.List`1[ModFramework.GUI.IItemModel], System.Collections.Generic.List`1[ModFramework.GUI.FilterDefinition]) on type ModFramework.GUI.GenericItemPanel has unsupported parameter System.Collections.Generic.List`1[ModFramework.GUI.IItemModel] models of type System.Collections.Generic.List`1[ModFramework.GUI.IItemModel]
[Warning:Il2CppInterop] Method Void ShowQuantityDialog(ModFramework.GUI.IItemModel) on type ModFramework.GUI.GenericItemPanel has unsupported parameter ModFramework.GUI.IItemModel model of type ModFramework.GUI.IItemModel
[Info   :Il2CppInterop] Registered mono type ModFramework.GUI.GenericItemPanel in il2cpp domain
[Warning:Il2cpp plugin FlowerPicker] Failed to register ModFramework.GUI.IItemModel: System.ArgumentException: Class System.Object does not inherit from a class registered in il2cpp
   at Il2CppInterop.Runtime.Injection.ClassInjector.RegisterTypeInIl2Cpp(Type type, RegisterTypeOptions options) in /home/runner/work/Il2CppInterop/Il2CppInterop/Il2CppInterop.Runtime/Injection/ClassInjector.cs:line 185
   at Il2CppInterop.Runtime.Injection.ClassInjector.RegisterTypeInIl2Cpp(Type type, RegisterTypeOptions options) in /home/runner/work/Il2CppInterop/Il2CppInterop/Il2CppInterop.Runtime/Injection/ClassInjector.cs:line 191
   at ModFramework.Utilities.Attributes.RegisterInIl2CppAttribute.RegisterType(Type type, Type[] interfaces)
[Warning:Il2CppInterop] Method System.Collections.Generic.List`1[ModFramework.GUI.IItemModel] get_Models() on type ModFramework.GUI.InfinityScrollModel has unsupported return type System.Collections.Generic.List`1[ModFramework.GUI.IItemModel]
[Warning:Il2CppInterop] Method Void set_Models(System.Collections.Generic.List`1[ModFramework.GUI.IItemModel]) on type ModFramework.GUI.InfinityScrollModel has unsupported parameter System.Collections.Generic.List`1[ModFramework.GUI.IItemModel] value of type System.Collections.Generic.List`1[ModFramework.GUI.IItemModel]
[Warning:Il2CppInterop] Method System.Func`1[System.Int32] get_QuantityProvider() on type ModFramework.GUI.InfinityScrollModel has unsupported return type System.Func`1[System.Int32]
[Warning:Il2CppInterop] Method Void set_QuantityProvider(System.Func`1[System.Int32]) on type ModFramework.GUI.InfinityScrollModel has unsupported parameter System.Func`1[System.Int32] value of type System.Func`1[System.Int32]
[Info   :Il2CppInterop] Registered mono type ModFramework.GUI.InfinityScrollModel in il2cpp domain
[Warning:Il2CppInterop] Method Void SetKey(System.String, System.String[]) on type ModFramework.GUI.LocalizedText has unsupported parameter System.String[] newArgKeys of type System.String[]
[Info   :Il2CppInterop] Registered mono type ModFramework.GUI.LocalizedText in il2cpp domain
[Warning:Il2CppInterop] Method Void Bind(ModFramework.GUI.PropertyDefinition) on type ModFramework.GUI.PropertyEntry has unsupported parameter ModFramework.GUI.PropertyDefinition def of type ModFramework.GUI.PropertyDefinition
[Info   :Il2CppInterop] Registered mono type ModFramework.GUI.PropertyEntry in il2cpp domain
[Warning:Il2CppInterop] Method System.Collections.IEnumerator ResizeCoroutine(Single, Single) on type ModFramework.GUI.PropertyGroup has unsupported return type System.Collections.IEnumerator
[Info   :Il2CppInterop] Registered mono type ModFramework.GUI.PropertyGroup in il2cpp domain
[Warning:Il2CppInterop] Method Void SetupSelectionButtonForGroup(UnityEngine.GameObject, System.String, System.Func`1[System.Collections.Generic.List`1[ModFramework.GUI.SelectionDefinition]]) on type ModFramework.GUI.PropertyPanel has unsupported parameter System.Func`1[System.Collections.Generic.List`1[ModFramework.GUI.SelectionDefinition]] defsProvider of type System.Func`1[System.Collections.Generic.List`1[ModFramework.GUI.SelectionDefinition]]
[Warning:Il2CppInterop] Method SelectionButtonInfo SetupSelectionButton(System.String, System.Func`1[System.Collections.Generic.List`1[ModFramework.GUI.SelectionDefinition]], UnityEngine.Transform, Int32) on type ModFramework.GUI.PropertyPanel has unsupported return type ModFramework.GUI.PropertyPanel+SelectionButtonInfo
[Warning:Il2CppInterop] Method UnityEngine.GameObject AddPropertyGroup(ModFramework.GUI.PropertyGroupDefinition) on type ModFramework.GUI.PropertyPanel has unsupported parameter ModFramework.GUI.PropertyGroupDefinition groupDef of type ModFramework.GUI.PropertyGroupDefinition
[Warning:Il2CppInterop] Method Void SetPropertyGroups(System.Collections.Generic.List`1[ModFramework.GUI.PropertyGroupDefinition]) on type ModFramework.GUI.PropertyPanel has unsupported parameter System.Collections.Generic.List`1[ModFramework.GUI.PropertyGroupDefinition] groupDefs of type System.Collections.Generic.List`1[ModFramework.GUI.PropertyGroupDefinition]
[Warning:Il2CppInterop] Method SelectionButtonInfo GetSelectionButtonForGroup(UnityEngine.GameObject) on type ModFramework.GUI.PropertyPanel has unsupported return type ModFramework.GUI.PropertyPanel+SelectionButtonInfo
[Warning:Il2CppInterop] Method Void ConstructGroup(UnityEngine.Transform, ModFramework.GUI.PropertyGroupDefinition) on type ModFramework.GUI.PropertyPanel has unsupported parameter ModFramework.GUI.PropertyGroupDefinition def of type ModFramework.GUI.PropertyGroupDefinition
[Warning:Il2CppInterop] Method Void SetActiveRange(System.Collections.Generic.List`1[UnityEngine.GameObject], Int32) on type ModFramework.GUI.PropertyPanel has unsupported parameter System.Collections.Generic.List`1[UnityEngine.GameObject] pool of type System.Collections.Generic.List`1[UnityEngine.GameObject]
[Warning:Il2CppInterop] Method Void BindSlot(UnityEngine.Transform, ModFramework.GUI.PropertyDefinition) on type ModFramework.GUI.PropertyPanel has unsupported parameter ModFramework.GUI.PropertyDefinition prop of type ModFramework.GUI.PropertyDefinition
[Info   :Il2CppInterop] Registered mono type ModFramework.GUI.PropertyPanel in il2cpp domain
[Warning:Il2CppInterop] Method Void Open(System.Collections.Generic.List`1[ModFramework.GUI.SelectionDefinition]) on type ModFramework.GUI.TargetSelectionWidget has unsupported parameter System.Collections.Generic.List`1[ModFramework.GUI.SelectionDefinition] defs of type System.Collections.Generic.List`1[ModFramework.GUI.SelectionDefinition]
[Warning:Il2CppInterop] Method System.Collections.IEnumerator DisableObjectAfterDelay() on type ModFramework.GUI.TargetSelectionWidget has unsupported return type System.Collections.IEnumerator
[Warning:Il2CppInterop] Method System.Collections.IEnumerator DisableAnimatorAfterDelay() on type ModFramework.GUI.TargetSelectionWidget has unsupported return type System.Collections.IEnumerator
[Info   :Il2CppInterop] Registered mono type ModFramework.GUI.TargetSelectionWidget in il2cpp domain
[Warning:Il2CppInterop] Method Void ConfigureRoles(System.Collections.Generic.List`1[ModFramework.GUI.RoleDefinition]) on type ModFramework.GUI.GenericRolePanel has unsupported parameter System.Collections.Generic.List`1[ModFramework.GUI.RoleDefinition] roles of type System.Collections.Generic.List`1[ModFramework.GUI.RoleDefinition]
[Warning:Il2CppInterop] Method Void ConfigureProperties(System.Collections.Generic.List`1[ModFramework.GUI.PropertyGroupDefinition]) on type ModFramework.GUI.GenericRolePanel has unsupported parameter System.Collections.Generic.List`1[ModFramework.GUI.PropertyGroupDefinition] groupDefs of type System.Collections.Generic.List`1[ModFramework.GUI.PropertyGroupDefinition]
[Warning:Il2CppInterop] Method Void PopulateGroup(UnityEngine.Transform, ModFramework.GUI.PropertyGroupDefinition) on type ModFramework.GUI.GenericRolePanel has unsupported parameter ModFramework.GUI.PropertyGroupDefinition def of type ModFramework.GUI.PropertyGroupDefinition
[Warning:Il2CppInterop] Method Void PopulateEntry(UnityEngine.Transform, ModFramework.GUI.PropertyDefinition) on type ModFramework.GUI.GenericRolePanel has unsupported parameter ModFramework.GUI.PropertyDefinition prop of type ModFramework.GUI.PropertyDefinition
[Warning:Il2CppInterop] Method Void EnsurePoolSize(System.Collections.Generic.List`1[UnityEngine.GameObject], UnityEngine.Transform, UnityEngine.GameObject, Int32) on type ModFramework.GUI.GenericRolePanel has unsupported parameter System.Collections.Generic.List`1[UnityEngine.GameObject] pool of type System.Collections.Generic.List`1[UnityEngine.GameObject]
[Info   :Il2CppInterop] Registered mono type ModFramework.GUI.GenericRolePanel in il2cpp domain
[Warning:Il2CppInterop] Method System.Collections.IEnumerator InitRoutine() on type ModFramework.GUI.UIService has unsupported return type System.Collections.IEnumerator
[Warning:Il2CppInterop] Method System.Collections.IEnumerator LoadAndInstantiateAsyncWithFallback() on type ModFramework.GUI.UIService has unsupported return type System.Collections.IEnumerator
[Warning:Il2CppInterop] Method System.Collections.IEnumerator InstantiateFromBundleAsync() on type ModFramework.GUI.UIService has unsupported return type System.Collections.IEnumerator
[Warning:Il2CppInterop] Method System.IO.Stream GetEmbeddedStream() on type ModFramework.GUI.UIService has unsupported return type System.IO.Stream
[Warning:Il2CppInterop] Method System.Collections.IEnumerator PreloadRequiredAssetsAsync() on type ModFramework.GUI.UIService has unsupported return type System.Collections.IEnumerator
[Warning:Il2CppInterop] Method System.Collections.IEnumerator LoadAndCacheAsync[T](System.String) on type ModFramework.GUI.UIService has unsupported return type System.Collections.IEnumerator
[Info   :Il2CppInterop] Registered mono type ModFramework.GUI.UIService in il2cpp domain
[Warning:Il2CppInterop] Method System.Collections.Generic.Dictionary`2[System.String,System.Action`1[System.String]] get_Handlers() on type ModFramework.Components.CommandComponentBase has unsupported return type System.Collections.Generic.Dictionary`2[System.String,System.Action`1[System.String]]
[Warning:Il2CppInterop] Method Void set_Handlers(System.Collections.Generic.Dictionary`2[System.String,System.Action`1[System.String]]) on type ModFramework.Components.CommandComponentBase has unsupported parameter System.Collections.Generic.Dictionary`2[System.String,System.Action`1[System.String]] value of type System.Collections.Generic.Dictionary`2[System.String,System.Action`1[System.String]]
[Warning:Il2CppInterop] Method Void ProcessRequest(CommandRequest) on type ModFramework.Components.CommandComponentBase has unsupported parameter CommandRequest req of type ModFramework.Commands.CommandDispatcher+CommandRequest
[Warning:Il2CppInterop] Method Void HandleToggle(System.String, System.Action`1[System.Boolean]) on type ModFramework.Components.CommandComponentBase has unsupported parameter System.Action`1[System.Boolean] onToggle of type System.Action`1[System.Boolean]
[Info   :Il2CppInterop] Registered mono type ModFramework.Components.CommandComponentBase in il2cpp domain
[Info   :Il2CppInterop] Registered mono type ModFramework.Utilities.StreamExtensions+StreamWrapper in il2cpp domain
[Warning:Il2cpp plugin FlowerPicker] Failed to register ModFramework.GUI.IItemModel: System.ArgumentException: Class System.Object does not inherit from a class registered in il2cpp
   at Il2CppInterop.Runtime.Injection.ClassInjector.RegisterTypeInIl2Cpp(Type type, RegisterTypeOptions options) in /home/runner/work/Il2CppInterop/Il2CppInterop/Il2CppInterop.Runtime/Injection/ClassInjector.cs:line 185
   at Il2CppInterop.Runtime.Injection.ClassInjector.RegisterTypeInIl2Cpp(Type type, RegisterTypeOptions options) in /home/runner/work/Il2CppInterop/Il2CppInterop/Il2CppInterop.Runtime/Injection/ClassInjector.cs:line 191
   at ModFramework.Utilities.Attributes.RegisterInIl2CppAttribute.RegisterType(Type type, Type[] interfaces)
[Warning:Il2cpp plugin FlowerPicker] Failed to register FlowerPicker.GUI.GameItemModel: System.ArgumentException: Class System.Object does not inherit from a class registered in il2cpp
   at Il2CppInterop.Runtime.Injection.ClassInjector.RegisterTypeInIl2Cpp(Type type, RegisterTypeOptions options) in /home/runner/work/Il2CppInterop/Il2CppInterop/Il2CppInterop.Runtime/Injection/ClassInjector.cs:line 185
   at Il2CppInterop.Runtime.Injection.ClassInjector.RegisterTypeInIl2Cpp(Type type, RegisterTypeOptions options) in /home/runner/work/Il2CppInterop/Il2CppInterop/Il2CppInterop.Runtime/Injection/ClassInjector.cs:line 191
   at Il2CppInterop.Runtime.Injection.ClassInjector.RegisterTypeInIl2Cpp(Type type, RegisterTypeOptions options) in /home/runner/work/Il2CppInterop/Il2CppInterop/Il2CppInterop.Runtime/Injection/ClassInjector.cs:line 191
   at ModFramework.Utilities.Attributes.RegisterInIl2CppAttribute.RegisterType(Type type, Type[] interfaces)
[Warning:Il2CppInterop] Method System.Collections.IEnumerator SetupCoroutine() on type FlowerPicker.GUI.ItemPanelAdapter has unsupported return type System.Collections.IEnumerator
[Info   :Il2CppInterop] Registered mono type FlowerPicker.GUI.ItemPanelAdapter in il2cpp domain
[Warning:Il2CppInterop] Method System.Collections.IEnumerator LoadIcons() on type FlowerPicker.Components.FlowerPickerComponent has unsupported return type System.Collections.IEnumerator
[Info   :Il2CppInterop] Registered mono type FlowerPicker.Components.FlowerPickerComponent in il2cpp domain
[Info   :Il2CppInterop] Registered mono type BepInEx.Unity.IL2CPP.Utils.Collections.Il2CppManagedEnumerator in il2cpp domain
[Info   :Il2cpp plugin FlowerPicker] Polling for scene change...
[Debug  :Il2cpp plugin FlowerPicker] Starting service [Win32NamedPipeService]
[Debug  :Il2cpp plugin FlowerPicker] [Win32Pipe] Starting service [\\.\pipe\FlowerPickerPipe]
[Debug  :Il2cpp plugin FlowerPicker] [Win32Pipe] Service [\\.\pipe\FlowerPickerPipe] started
[Debug  :Il2cpp plugin FlowerPicker] Starting service [Win32WindowMessageService]
[Info   :Il2cpp plugin FlowerPicker] [Win32Pipe] ListenLoop() entered on thread 18
[Info   :Il2cpp plugin FlowerPicker] [Win32Pipe] Waiting for connection on \\.\pipe\FlowerPickerPipe...
[Info   :Il2cpp plugin FlowerPicker] [WinMsg] Subclass installed on hwnd=0x740A80
[Debug  :Il2cpp plugin FlowerPicker] Starting service [GrpcCommunicationService]
[Info   :Il2cpp plugin FlowerPicker] Grpc.Core v2.0.0.0 loaded from D:\steam\steamapps\common\RomanticEscapades\RE\BepInEx\plugins\xmod\Grpc.Core.dll
[Info   :Il2cpp plugin FlowerPicker] Selected free port: 49160
[Info   :Il2cpp plugin FlowerPicker] gRPC server started
[Info   :Il2cpp plugin FlowerPicker]     Listening on 0.0.0.0:49160
[Warning:Il2cpp plugin FlowerPicker] Could not find X-Mod window to post port
[Message:   BepInEx] Chainloader startup complete
[Debug  :Il2cpp plugin FlowerPicker] PortRequestLoop entering wait-loop
[Debug  : Preloader] Runtime invoke unpatched
[Error  :Il2CppInterop] Exception in IL2CPP-to-Managed trampoline, not passing it to il2cpp: Il2CppInterop.Runtime.Il2CppException: System.InvalidOperationException: You are trying to read Input using the UnityEngine.Input class, but you have switched active Input handling to Input System package in Player Settings.
--- BEGIN IL2CPP STACK TRACE ---
System.InvalidOperationException: You are trying to read Input using the UnityEngine.Input class, but you have switched active Input handling to Input System package in Player Settings.

--- END IL2CPP STACK TRACE ---

   at Il2CppInterop.Runtime.Il2CppException.RaiseExceptionIfNecessary(IntPtr returnedException) in /home/runner/work/Il2CppInterop/Il2CppInterop/Il2CppInterop.Runtime/Il2CppException.cs:line 36
   at UnityEngine.Input.GetKeyDown(KeyCode key)
   at QteTrainer.QteTrainerUi.Update()
   at Trampoline_VoidThisQteTrainer.QteTrainerUiUpdate(IntPtr , Il2CppMethodInfo* )
[Info   :Il2cpp plugin FlowerPicker] Scene loaded: Start
[Info   :Il2CppInterop] Registered mono type ModFramework.FrameworkBehaviour in il2cpp domain
[Info   :Il2CppInterop] Registered mono type ModFramework.Runtime.Il2Cpp.Il2CppManagedEnumerator in il2cpp domain
[Info   :Il2cpp plugin FlowerPicker] Scene loaded: Start
[Error  :Il2CppInterop] Exception in IL2CPP-to-Managed trampoline, not passing it to il2cpp: System.NotSupportedException: Method unstripping failed
   at UnityEngine.TextEditor.UpdateScrollOffset()
   at UnityEngine.TextEditor.set_position(Rect value)
   at UnityEngine.GUI.DoTextField(Rect position, Int32 id, GUIContent content, Boolean multiline, Int32 maxLength, GUIStyle style, String secureText, Char maskChar)
   at UnityEngine.GUI.DoTextField(Rect position, Int32 id, GUIContent content, Boolean multiline, Int32 maxLength, GUIStyle style, String secureText)
   at UnityEngine.GUI.DoTextField(Rect position, Int32 id, GUIContent content, Boolean multiline, Int32 maxLength, GUIStyle style)
   at UnityEngine.GUILayout.DoTextField(String text, Int32 maxLength, Boolean multiline, GUIStyle style, Il2CppReferenceArray`1 options)
   at UnityEngine.GUILayout.TextField(String text, Int32 maxLength, Il2CppReferenceArray`1 options)
   at UnityEngine.GUILayout.TextField(String text, Int32 maxLength, GUILayoutOption[] options)
   at QteTrainer.QteTrainerUi.OnGUI()
   at Trampoline_VoidThisQteTrainer.QteTrainerUiOnGUI(IntPtr , Il2CppMethodInfo* )
[Error  :Il2CppInterop] Exception in IL2CPP-to-Managed trampoline, not passing it to il2cpp: System.NotSupportedException: Method unstripping failed
   at UnityEngine.TextEditor.UpdateScrollOffset()
   at UnityEngine.TextEditor.set_position(Rect value)
   at UnityEngine.GUI.DoTextField(Rect position, Int32 id, GUIContent content, Boolean multiline, Int32 maxLength, GUIStyle style, String secureText, Char maskChar)
   at UnityEngine.GUI.DoTextField(Rect position, Int32 id, GUIContent content, Boolean multiline, Int32 maxLength, GUIStyle style, String secureText)
   at UnityEngine.GUI.DoTextField(Rect position, Int32 id, GUIContent content, Boolean multiline, Int32 maxLength, GUIStyle style)
   at UnityEngine.GUILayout.DoTextField(String text, Int32 maxLength, Boolean multiline, GUIStyle style, Il2CppReferenceArray`1 options)
   at UnityEngine.GUILayout.TextField(String text, Int32 maxLength, Il2CppReferenceArray`1 options)
   at UnityEngine.GUILayout.TextField(String text, Int32 maxLength, GUILayoutOption[] options)
   at QteTrainer.QteTrainerUi.OnGUI()
   at Trampoline_VoidThisQteTrainer.QteTrainerUiOnGUI(IntPtr , Il2CppMethodInfo* )
[Error  :Il2CppInterop] Exception in IL2CPP-to-Managed trampoline, not passing it to il2cpp: Il2CppInterop.Runtime.Il2CppException: System.InvalidOperationException: You are trying to read Input using the UnityEngine.Input class, but you have switched active Input handling to Input System package in Player Settings.
--- BEGIN IL2CPP STACK TRACE ---
System.InvalidOperationException: You are trying to read Input using the UnityEngine.Input class, but you have switched active Input handling to Input System package in Player Settings.

--- END IL2CPP STACK TRACE ---

   at Il2CppInterop.Runtime.Il2CppException.RaiseExceptionIfNecessary(IntPtr returnedException) in /home/runner/work/Il2CppInterop/Il2CppInterop/Il2CppInterop.Runtime/Il2CppException.cs:line 36
   at UnityEngine.Input.GetKeyDown(KeyCode key)
   at QteTrainer.QteTrainerUi.Update()
   at Trampoline_VoidThisQteTrainer.QteTrainerUiUpdate(IntPtr , Il2CppMethodInfo* )
[Info   :Il2cpp plugin FlowerPicker] Loaded Unhollowed modules in 1.4540001 seconds.
[Info   :Il2cpp plugin FlowerPicker] Setup deobfuscation cache in 0.124000005 seconds.
[Info   :Il2cpp plugin FlowerPicker] Initialized new InputSystem support.
[Debug  :DobbyDetour] Preparing detour from 0x7FFFE6B3CBE0 to 0x7FF7C7A954E4
[Debug  :DobbyDetour] Prepared detour; Trampoline: 0x7FFFA6B40000
[Debug  :DobbyDetour] Original: 7FFFE6B3CBE0, Trampoline: 7FFFA6B40000, diff: 3FFFCBE0
[Debug  :Il2cpp plugin FlowerPicker] 	 Successfully patched UnityEngine.EventSystems.EventSystem.current
[Debug  :DobbyDetour] Preparing detour from 0x7FFFE6B3B830 to 0x7FF7C7A95524
[Debug  :DobbyDetour] Prepared detour; Trampoline: 0x7FFFA6B40020
[Debug  :DobbyDetour] Original: 7FFFE6B3B830, Trampoline: 7FFFA6B40020, diff: 3FFFB810
[Debug  :Il2cpp plugin FlowerPicker] 	 Successfully patched UnityEngine.EventSystems.EventSystem.SetSelectedGameObject
[Debug  :DobbyDetour] Preparing detour from 0x7FFFE68AB430 to 0x7FF7C7A95564
[Debug  :DobbyDetour] Prepared detour; Trampoline: 0x7FFFA6B40040
[Debug  :DobbyDetour] Original: 7FFFE68AB430, Trampoline: 7FFFA6B40040, diff: 3FD6B3F0
[Debug  :Il2cpp plugin FlowerPicker] 	 Successfully patched UnityEngine.Cursor.lockState
[Debug  :DobbyDetour] Preparing detour from 0x7FFFE68AB470 to 0x7FF7C7A955A4
[Debug  :DobbyDetour] Prepared detour; Trampoline: 0x7FFFA6B40060
[Debug  :DobbyDetour] Original: 7FFFE68AB470, Trampoline: 7FFFA6B40060, diff: 3FD6B410
[Debug  :Il2cpp plugin FlowerPicker] 	 Successfully patched UnityEngine.Cursor.visible
[Debug  :Il2cpp plugin FlowerPicker] Found panel button: Property Editing in Navigation Panel
[Debug  :Il2cpp plugin FlowerPicker] Found panel button: Item Editting in Navigation Panel
[Debug  :Il2cpp plugin FlowerPicker] Found panel button: Miscellaneous in Navigation Panel
[Debug  :Il2cpp plugin FlowerPicker] Found panel button: Settings in Navigation Panel
[Warning:Il2cpp plugin FlowerPicker] [ModFramework] Localization path not found: Xmod/Container/Content/Main Content/Settings/Settings List/List/Music Notification/Title
[Info   :Il2cpp plugin FlowerPicker] ModFramework initialized.
[Debug  :DobbyDetour] Preparing detour from 0x7FFFE68D0490 to 0x7FF7C7A956A4
[Debug  :DobbyDetour] Prepared detour; Trampoline: 0x7FFFA6B40080
[Debug  :DobbyDetour] Original: 7FFFE68D0490, Trampoline: 7FFFA6B40080, diff: 3FD90410
[Debug  :DobbyDetour] Preparing detour from 0x7FFFE4726B10 to 0x7FF7C7A956E4
[Debug  :DobbyDetour] Prepared detour; Trampoline: 0x7FFFA4930140
[Debug  :DobbyDetour] Original: 7FFFE4726B10, Trampoline: 7FFFA4930140, diff: 3FDF69D0
[Debug  :DobbyDetour] Preparing detour from 0x7FFFE4726C00 to 0x7FF7C7A95724
[Debug  :DobbyDetour] Prepared detour; Trampoline: 0x7FFFA4930160
[Debug  :DobbyDetour] Original: 7FFFE4726C00, Trampoline: 7FFFA4930160, diff: 3FDF6AA0
[Error  :  HarmonyX] Failed to patch void Game.InfoCreature::SetCurtHP(float v): System.Exception: Parameter "value" not found in method void Game.InfoCreature::SetCurtHP(float v)
   at HarmonyLib.Public.Patching.HarmonyManipulator.EmitCallParameter(MethodInfo patch, Boolean allowFirsParamPassthrough, VariableDefinition& tmpObjectVar, List`1& tmpBoxVars)
   at HarmonyLib.Public.Patching.HarmonyManipulator.WritePrefixes(Label returnLabel)
   at HarmonyLib.Public.Patching.HarmonyManipulator.WriteImpl()
[Error  :Il2cpp plugin FlowerPicker] Failed to patch: HarmonyLib.HarmonyException: IL Compile Error (unknown location)
 ---> HarmonyLib.HarmonyException: IL Compile Error (unknown location)
 ---> System.Exception: Parameter "value" not found in method void Game.InfoCreature::SetCurtHP(float v)
   at HarmonyLib.Public.Patching.HarmonyManipulator.EmitCallParameter(MethodInfo patch, Boolean allowFirsParamPassthrough, VariableDefinition& tmpObjectVar, List`1& tmpBoxVars)
   at HarmonyLib.Public.Patching.HarmonyManipulator.WritePrefixes(Label returnLabel)
   at HarmonyLib.Public.Patching.HarmonyManipulator.WriteImpl()
   --- End of inner exception stack trace ---
   at HarmonyLib.Public.Patching.HarmonyManipulator.WriteImpl()
   at HarmonyLib.Public.Patching.HarmonyManipulator.Process(ILContext ilContext, MethodBase originalMethod)
   at HarmonyLib.Public.Patching.HarmonyManipulator.Manipulate(MethodBase original, PatchInfo patchInfo, ILContext ctx)
   at Il2CppInterop.HarmonySupport.Il2CppDetourMethodPatcher.DetourTo(MethodBase replacement) in /home/runner/work/Il2CppInterop/Il2CppInterop/Il2CppInterop.HarmonySupport/Il2CppDetourMethodPatcher.cs:line 131
   at HarmonyLib.PatchFunctions.UpdateWrapper(MethodBase original, PatchInfo patchInfo)
   --- End of inner exception stack trace ---
   at HarmonyLib.PatchClassProcessor.ReportException(Exception exception, MethodBase original)
   at HarmonyLib.PatchClassProcessor.Patch()
   at HarmonyLib.Harmony.<PatchAll>b__11_0(Type type)
   at HarmonyLib.CollectionExtensions.Do[T](IEnumerable`1 sequence, Action`1 action)
   at HarmonyLib.Harmony.PatchAll(Assembly assembly)
   at HarmonyLib.Harmony.PatchAll()
   at FlowerPicker.FlowerPickerPlugin.SetupLate()
[Error  :Il2CppInterop] Exception in IL2CPP-to-Managed trampoline, not passing it to il2cpp: System.NotSupportedException: Method unstripping failed
   at UnityEngine.TextEditor.UpdateScrollOffset()
   at UnityEngine.TextEditor.set_position(Rect value)
   at UnityEngine.GUI.DoTextField(Rect position, Int32 id, GUIContent content, Boolean multiline, Int32 maxLength, GUIStyle style, String secureText, Char maskChar)
   at UnityEngine.GUI.DoTextField(Rect position, Int32 id, GUIContent content, Boolean multiline, Int32 maxLength, GUIStyle style, String secureText)
   at UnityEngine.GUI.DoTextField(Rect position, Int32 id, GUIContent content, Boolean multiline, Int32 maxLength, GUIStyle style)
   at UnityEngine.GUILayout.DoTextField(String text, Int32 maxLength, Boolean multiline, GUIStyle style, Il2CppReferenceArray`1 options)
   at UnityEngine.GUILayout.TextField(String text, Int32 maxLength, Il2CppReferenceArray`1 options)
   at UnityEngine.GUILayout.TextField(String text, Int32 maxLength, GUILayoutOption[] options)
   at QteTrainer.QteTrainerUi.OnGUI()
   at Trampoline_VoidThisQteTrainer.QteTrainerUiOnGUI(IntPtr , Il2CppMethodInfo* )
[Error  :Il2CppInterop] Exception in IL2CPP-to-Managed trampoline, not passing it to il2cpp: System.NotSupportedException: Method unstripping failed
   at UnityEngine.TextEditor.UpdateScrollOffset()
   at UnityEngine.TextEditor.set_position(Rect value)
   at UnityEngine.GUI.DoTextField(Rect position, Int32 id, GUIContent content, Boolean multiline, Int32 maxLength, GUIStyle style, String secureText, Char maskChar)
   at UnityEngine.GUI.DoTextField(Rect position, Int32 id, GUIContent content, Boolean multiline, Int32 maxLength, GUIStyle style, String secureText)
   at UnityEngine.GUI.DoTextField(Rect position, Int32 id, GUIContent content, Boolean multiline, Int32 maxLength, GUIStyle style)
   at UnityEngine.GUILayout.DoTextField(String text, Int32 maxLength, Boolean multiline, GUIStyle style, Il2CppReferenceArray`1 options)
   at UnityEngine.GUILayout.TextField(String text, Int32 maxLength, Il2CppReferenceArray`1 options)
   at UnityEngine.GUILayout.TextField(String text, Int32 maxLength, GUILayoutOption[] options)
   at QteTrainer.QteTrainerUi.OnGUI()
   at Trampoline_VoidThisQteTrainer.QteTrainerUiOnGUI(IntPtr , Il2CppMethodInfo* )
[Error  :Il2CppInterop] Exception in IL2CPP-to-Managed trampoline, not passing it to il2cpp: Il2CppInterop.Runtime.Il2CppException: System.InvalidOperationException: You are trying to read Input using the UnityEngine.Input class, but you have switched active Input handling to Input System package in Player Settings.
--- BEGIN IL2CPP STACK TRACE ---
System.InvalidOperationException: You are trying to read Input using the UnityEngine.Input class, but you have switched active Input handling to Input System package in Player Settings.

--- END IL2CPP STACK TRACE ---

   at Il2CppInterop.Runtime.Il2CppException.RaiseExceptionIfNecessary(IntPtr returnedException) in /home/runner/work/Il2CppInterop/Il2CppInterop/Il2CppInterop.Runtime/Il2CppException.cs:line 36
   at UnityEngine.Input.GetKeyDown(KeyCode key)
   at QteTrainer.QteTrainerUi.Update()
   at Trampoline_VoidThisQteTrainer.QteTrainerUiUpdate(IntPtr , Il2CppMethodInfo* )
[Error  :Il2CppInterop] Exception in IL2CPP-to-Managed trampoline, not passing it to il2cpp: System.NotSupportedException: Method unstripping failed
   at UnityEngine.TextEditor.UpdateScrollOffset()
   at UnityEngine.TextEditor.set_position(Rect value)
   at UnityEngine.GUI.DoTextField(Rect position, Int32 id, GUIContent content, Boolean multiline, Int32 maxLength, GUIStyle style, String secureText, Char maskChar)
   at UnityEngine.GUI.DoTextField(Rect position, Int32 id, GUIContent content, Boolean multiline, Int32 maxLength, GUIStyle style, String secureText)
   at UnityEngine.GUI.DoTextField(Rect position, Int32 id, GUIContent content, Boolean multiline, Int32 maxLength, GUIStyle style)
   at UnityEngine.GUILayout.DoTextField(String text, Int32 maxLength, Boolean multiline, GUIStyle style, Il2CppReferenceArray`1 options)
   at UnityEngine.GUILayout.TextField(String text, Int32 maxLength, Il2CppReferenceArray`1 options)
   at UnityEngine.GUILayout.TextField(String text, Int32 maxLength, GUILayoutOption[] options)
   at QteTrainer.QteTrainerUi.OnGUI()
   at Trampoline_VoidThisQteTrainer.QteTrainerUiOnGUI(IntPtr , Il2CppMethodInfo* )
[Error  :Il2CppInterop] Exception in IL2CPP-to-Managed trampoline, not passing it to il2cpp: System.NotSupportedException: Method unstripping failed
   at UnityEngine.TextEditor.UpdateScrollOffset()
   at UnityEngine.TextEditor.set_position(Rect value)
   at UnityEngine.GUI.DoTextField(Rect position, Int32 id, GUIContent content, Boolean multiline, Int32 maxLength, GUIStyle style, String secureText, Char maskChar)
   at UnityEngine.GUI.DoTextField(Rect position, Int32 id, GUIContent content, Boolean multiline, Int32 maxLength, GUIStyle style, String secureText)
   at UnityEngine.GUI.DoTextField(Rect position, Int32 id, GUIContent content, Boolean multiline, Int32 maxLength, GUIStyle style)
   at UnityEngine.GUILayout.DoTextField(String text, Int32 maxLength, Boolean multiline, GUIStyle style, Il2CppReferenceArray`1 options)
   at UnityEngine.GUILayout.TextField(String text, Int32 maxLength, Il2CppReferenceArray`1 options)
   at UnityEngine.GUILayout.TextField(String text, Int32 maxLength, GUILayoutOption[] options)
   at QteTrainer.QteTrainerUi.OnGUI()
   at Trampoline_VoidThisQteTrainer.QteTrainerUiOnGUI(IntPtr , Il2CppMethodInfo* )
[Error  :Il2CppInterop] Exception in IL2CPP-to-Managed trampoline, not passing it to il2cpp: Il2CppInterop.Runtime.Il2CppException: System.InvalidOperationException: You are trying to read Input using the UnityEngine.Input class, but you have switched active Input handling to Input System package in Player Settings.
--- BEGIN IL2CPP STACK TRACE ---
System.InvalidOperationException: You are trying to read Input using the UnityEngine.Input class, but you have switched active Input handling to Input System package in Player Settings.

--- END IL2CPP STACK TRACE ---

   at Il2CppInterop.Runtime.Il2CppException.RaiseExceptionIfNecessary(IntPtr returnedException) in /home/runner/work/Il2CppInterop/Il2CppInterop/Il2CppInterop.Runtime/Il2CppException.cs:line 36
   at UnityEngine.Input.GetKeyDown(KeyCode key)
   at QteTrainer.QteTrainerUi.Update()
   at Trampoline_VoidThisQteTrainer.QteTrainerUiUpdate(IntPtr , Il2CppMethodInfo* )
[Error  :Il2CppInterop] Exception in IL2CPP-to-Managed trampoline, not passing it to il2cpp: System.NotSupportedException: Method unstripping failed
   at UnityEngine.TextEditor.UpdateScrollOffset()
   at UnityEngine.TextEditor.set_position(Rect value)
   at UnityEngine.GUI.DoTextField(Rect position, Int32 id, GUIContent content, Boolean multiline, Int32 maxLength, GUIStyle style, String secureText, Char maskChar)
   at UnityEngine.GUI.DoTextField(Rect position, Int32 id, GUIContent content, Boolean multiline, Int32 maxLength, GUIStyle style, String secureText)
   at UnityEngine.GUI.DoTextField(Rect position, Int32 id, GUIContent content, Boolean multiline, Int32 maxLength, GUIStyle style)
   at UnityEngine.GUILayout.DoTextField(String text, Int32 maxLength, Boolean multiline, GUIStyle style, Il2CppReferenceArray`1 options)
   at UnityEngine.GUILayout.TextField(String text, Int32 maxLength, Il2CppReferenceArray`1 options)
   at UnityEngine.GUILayout.TextField(String text, Int32 maxLength, GUILayoutOption[] options)
   at QteTrainer.QteTrainerUi.OnGUI()
   at Trampoline_VoidThisQteTrainer.QteTrainerUiOnGUI(IntPtr , Il2CppMethodInfo* )
[Error  :Il2CppInterop] Exception in IL2CPP-to-Managed trampoline, not passing it to il2cpp: System.NotSupportedException: Method unstripping failed
   at UnityEngine.TextEditor.UpdateScrollOffset()
   at UnityEngine.TextEditor.set_position(Rect value)
   at UnityEngine.GUI.DoTextField(Rect position, Int32 id, GUIContent content, Boolean multiline, Int32 maxLength, GUIStyle style, String secureText, Char maskChar)
   at UnityEngine.GUI.DoTextField(Rect position, Int32 id, GUIContent content, Boolean multiline, Int32 maxLength, GUIStyle style, String secureText)
   at UnityEngine.GUI.DoTextField(Rect position, Int32 id, GUIContent content, Boolean multiline, Int32 maxLength, GUIStyle style)
   at UnityEngine.GUILayout.DoTextField(String text, Int32 maxLength, Boolean multiline, GUIStyle style, Il2CppReferenceArray`1 options)
   at UnityEngine.GUILayout.TextField(String text, Int32 maxLength, Il2CppReferenceArray`1 options)
   at UnityEngine.GUILayout.TextField(String text, Int32 maxLength, GUILayoutOption[] options)
   at QteTrainer.QteTrainerUi.OnGUI()
   at Trampoline_VoidThisQteTrainer.QteTrainerUiOnGUI(IntPtr , Il2CppMethodInfo* )
[Error  :Il2CppInterop] Exception in IL2CPP-to-Managed trampoline, not passing it to il2cpp: Il2CppInterop.Runtime.Il2CppException: System.InvalidOperationException: You are trying to read Input using the UnityEngine.Input class, but you have switched active Input handling to Input System package in Player Settings.
--- BEGIN IL2CPP STACK TRACE ---
System.InvalidOperationException: You are trying to read Input using the UnityEngine.Input class, but you have switched active Input handling to Input System package in Player Settings.

--- END IL2CPP STACK TRACE ---

   at Il2CppInterop.Runtime.Il2CppException.RaiseExceptionIfNecessary(IntPtr returnedException) in /home/runner/work/Il2CppInterop/Il2CppInterop/Il2CppInterop.Runtime/Il2CppException.cs:line 36
   at UnityEngine.Input.GetKeyDown(KeyCode key)
   at QteTrainer.QteTrainerUi.Update()
   at Trampoline_VoidThisQteTrainer.QteTrainerUiUpdate(IntPtr , Il2CppMethodInfo* )
[Error  :Il2CppInterop] Exception in IL2CPP-to-Managed trampoline, not passing it to il2cpp: System.NotSupportedException: Method unstripping failed
   at UnityEngine.TextEditor.UpdateScrollOffset()
   at UnityEngine.TextEditor.set_position(Rect value)
   at UnityEngine.GUI.DoTextField(Rect position, Int32 id, GUIContent content, Boolean multiline, Int32 maxLength, GUIStyle style, String secureText, Char maskChar)
   at UnityEngine.GUI.DoTextField(Rect position, Int32 id, GUIContent content, Boolean multiline, Int32 maxLength, GUIStyle style, String secureText)
   at UnityEngine.GUI.DoTextField(Rect position, Int32 id, GUIContent content, Boolean multiline, Int32 maxLength, GUIStyle style)
   at UnityEngine.GUILayout.DoTextField(String text, Int32 maxLength, Boolean multiline, GUIStyle style, Il2CppReferenceArray`1 options)
   at UnityEngine.GUILayout.TextField(String text, Int32 maxLength, Il2CppReferenceArray`1 options)
   at UnityEngine.GUILayout.TextField(String text, Int32 maxLength, GUILayoutOption[] options)
   at QteTrainer.QteTrainerUi.OnGUI()
   at Trampoline_VoidThisQteTrainer.QteTrainerUiOnGUI(IntPtr , Il2CppMethodInfo* )
[Error  :Il2CppInterop] Exception in IL2CPP-to-Managed trampoline, not passing it to il2cpp: System.NotSupportedException: Method unstripping failed
   at UnityEngine.TextEditor.UpdateScrollOffset()
   at UnityEngine.TextEditor.set_position(Rect value)
   at UnityEngine.GUI.DoTextField(Rect position, Int32 id, GUIContent content, Boolean multiline, Int32 maxLength, GUIStyle style, String secureText, Char maskChar)
   at UnityEngine.GUI.DoTextField(Rect position, Int32 id, GUIContent content, Boolean multiline, Int32 maxLength, GUIStyle style, String secureText)
   at UnityEngine.GUI.DoTextField(Rect position, Int32 id, GUIContent content, Boolean multiline, Int32 maxLength, GUIStyle style)
   at UnityEngine.GUILayout.DoTextField(String text, Int32 maxLength, Boolean multiline, GUIStyle style, Il2CppReferenceArray`1 options)
   at UnityEngine.GUILayout.TextField(String text, Int32 maxLength, Il2CppReferenceArray`1 options)
   at UnityEngine.GUILayout.TextField(String text, Int32 maxLength, GUILayoutOption[] options)
   at QteTrainer.QteTrainerUi.OnGUI()
   at Trampoline_VoidThisQteTrainer.QteTrainerUiOnGUI(IntPtr , Il2CppMethodInfo* )
[Error  :Il2CppInterop] Exception in IL2CPP-to-Managed trampoline, not passing it to il2cpp: Il2CppInterop.Runtime.Il2CppException: System.InvalidOperationException: You are trying to read Input using the UnityEngine.Input class, but you have switched active Input handling to Input System package in Player Settings.
--- BEGIN IL2CPP STACK TRACE ---
System.InvalidOperationException: You are trying to read Input using the UnityEngine.Input class, but you have switched active Input handling to Input System package in Player Settings.

--- END IL2CPP STACK TRACE ---

   at Il2CppInterop.Runtime.Il2CppException.RaiseExceptionIfNecessary(IntPtr returnedException) in /home/runner/work/Il2CppInterop/Il2CppInterop/Il2CppInterop.Runtime/Il2CppException.cs:line 36
   at UnityEngine.Input.GetKeyDown(KeyCode key)
   at QteTrainer.QteTrainerUi.Update()
   at Trampoline_VoidThisQteTrainer.QteTrainerUiUpdate(IntPtr , Il2CppMethodInfo* )
[Error  :Il2CppInterop] Exception in IL2CPP-to-Managed trampoline, not passing it to il2cpp: System.NotSupportedException: Method unstripping failed
   at UnityEngine.TextEditor.UpdateScrollOffset()
   at UnityEngine.TextEditor.set_position(Rect value)
   at UnityEngine.GUI.DoTextField(Rect position, Int32 id, GUIContent content, Boolean multiline, Int32 maxLength, GUIStyle style, String secureText, Char maskChar)
   at UnityEngine.GUI.DoTextField(Rect position, Int32 id, GUIContent content, Boolean multiline, Int32 maxLength, GUIStyle style, String secureText)
   at UnityEngine.GUI.DoTextField(Rect position, Int32 id, GUIContent content, Boolean multiline, Int32 maxLength, GUIStyle style)
   at UnityEngine.GUILayout.DoTextField(String text, Int32 maxLength, Boolean multiline, GUIStyle style, Il2CppReferenceArray`1 options)
   at UnityEngine.GUILayout.TextField(String text, Int32 maxLength, Il2CppReferenceArray`1 options)
   at UnityEngine.GUILayout.TextField(String text, Int32 maxLength, GUILayoutOption[] options)
   at QteTrainer.QteTrainerUi.OnGUI()
   at Trampoline_VoidThisQteTrainer.QteTrainerUiOnGUI(IntPtr , Il2CppMethodInfo* )
[Error  :Il2CppInterop] Exception in IL2CPP-to-Managed trampoline, not passing it to il2cpp: System.NotSupportedException: Method unstripping failed
   at UnityEngine.TextEditor.UpdateScrollOffset()
   at UnityEngine.TextEditor.set_position(Rect value)
   at UnityEngine.GUI.DoTextField(Rect position, Int32 id, GUIContent content, Boolean multiline, Int32 maxLength, GUIStyle style, String secureText, Char maskChar)
   at UnityEngine.GUI.DoTextField(Rect position, Int32 id, GUIContent content, Boolean multiline, Int32 maxLength, GUIStyle style, String secureText)
   at UnityEngine.GUI.DoTextField(Rect position, Int32 id, GUIContent content, Boolean multiline, Int32 maxLength, GUIStyle style)
   at UnityEngine.GUILayout.DoTextField(String text, Int32 maxLength, Boolean multiline, GUIStyle style, Il2CppReferenceArray`1 options)
   at UnityEngine.GUILayout.TextField(String text, Int32 maxLength, Il2CppReferenceArray`1 options)
   at UnityEngine.GUILayout.TextField(String text, Int32 maxLength, GUILayoutOption[] options)
   at QteTrainer.QteTrainerUi.OnGUI()
   at Trampoline_VoidThisQteTrainer.QteTrainerUiOnGUI(IntPtr , Il2CppMethodInfo* )
[Error  :Il2CppInterop] Exception in IL2CPP-to-Managed trampoline, not passing it to il2cpp: Il2CppInterop.Runtime.Il2CppException: System.InvalidOperationException: You are trying to read Input using the UnityEngine.Input class, but you have switched active Input handling to Input System package in Player Settings.
--- BEGIN IL2CPP STACK TRACE ---
System.InvalidOperationException: You are trying to read Input using the UnityEngine.Input class, but you have switched active Input handling to Input System package in Player Settings.

--- END IL2CPP STACK TRACE ---

   at Il2CppInterop.Runtime.Il2CppException.RaiseExceptionIfNecessary(IntPtr returnedException) in /home/runner/work/Il2CppInterop/Il2CppInterop/Il2CppInterop.Runtime/Il2CppException.cs:line 36
   at UnityEngine.Input.GetKeyDown(KeyCode key)
   at QteTrainer.QteTrainerUi.Update()
   at Trampoline_VoidThisQteTrainer.QteTrainerUiUpdate(IntPtr , Il2CppMethodInfo* )
[Error  :Il2CppInterop] Exception in IL2CPP-to-Managed trampoline, not passing it to il2cpp: System.NotSupportedException: Method unstripping failed
   at UnityEngine.TextEditor.UpdateScrollOffset()
   at UnityEngine.TextEditor.set_position(Rect value)
   at UnityEngine.GUI.DoTextField(Rect position, Int32 id, GUIContent content, Boolean multiline, Int32 maxLength, GUIStyle style, String secureText, Char maskChar)
   at UnityEngine.GUI.DoTextField(Rect position, Int32 id, GUIContent content, Boolean multiline, Int32 maxLength, GUIStyle style, String secureText)
   at UnityEngine.GUI.DoTextField(Rect position, Int32 id, GUIContent content, Boolean multiline, Int32 maxLength, GUIStyle style)
   at UnityEngine.GUILayout.DoTextField(String text, Int32 maxLength, Boolean multiline, GUIStyle style, Il2CppReferenceArray`1 options)
   at UnityEngine.GUILayout.TextField(String text, Int32 maxLength, Il2CppReferenceArray`1 options)
   at UnityEngine.GUILayout.TextField(String text, Int32 maxLength, GUILayoutOption[] options)
   at QteTrainer.QteTrainerUi.OnGUI()
   at Trampoline_VoidThisQteTrainer.QteTrainerUiOnGUI(IntPtr , Il2CppMethodInfo* )
[Error  :Il2CppInterop] Exception in IL2CPP-to-Managed trampoline, not passing it to il2cpp: System.NotSupportedException: Method unstripping failed
   at UnityEngine.TextEditor.UpdateScrollOffset()
   at UnityEngine.TextEditor.set_position(Rect value)
   at UnityEngine.GUI.DoTextField(Rect position, Int32 id, GUIContent content, Boolean multiline, Int32 maxLength, GUIStyle style, String secureText, Char maskChar)
   at UnityEngine.GUI.DoTextField(Rect position, Int32 id, GUIContent content, Boolean multiline, Int32 maxLength, GUIStyle style, String secureText)
   at UnityEngine.GUI.DoTextField(Rect position, Int32 id, GUIContent content, Boolean multiline, Int32 maxLength, GUIStyle style)
   at UnityEngine.GUILayout.DoTextField(String text, Int32 maxLength, Boolean multiline, GUIStyle style, Il2CppReferenceArray`1 options)
   at UnityEngine.GUILayout.TextField(String text, Int32 maxLength, Il2CppReferenceArray`1 options)
   at UnityEngine.GUILayout.TextField(String text, Int32 maxLength, GUILayoutOption[] options)
   at QteTrainer.QteTrainerUi.OnGUI()
   at Trampoline_VoidThisQteTrainer.QteTrainerUiOnGUI(IntPtr , Il2CppMethodInfo* )
[Error  :Il2CppInterop] Exception in IL2CPP-to-Managed trampoline, not passing it to il2cpp: Il2CppInterop.Runtime.Il2CppException: System.InvalidOperationException: You are trying to read Input using the UnityEngine.Input class, but you have switched active Input handling to Input System package in Player Settings.
--- BEGIN IL2CPP STACK TRACE ---
System.InvalidOperationException: You are trying to read Input using the UnityEngine.Input class, but you have switched active Input handling to Input System package in Player Settings.

--- END IL2CPP STACK TRACE ---

   at Il2CppInterop.Runtime.Il2CppException.RaiseExceptionIfNecessary(IntPtr returnedException) in /home/runner/work/Il2CppInterop/Il2CppInterop/Il2CppInterop.Runtime/Il2CppException.cs:line 36
   at UnityEngine.Input.GetKeyDown(KeyCode key)
   at QteTrainer.QteTrainerUi.Update()
   at Trampoline_VoidThisQteTrainer.QteTrainerUiUpdate(IntPtr , Il2CppMethodInfo* )
[Error  :Il2CppInterop] Exception in IL2CPP-to-Managed trampoline, not passing it to il2cpp: System.NotSupportedException: Method unstripping failed
   at UnityEngine.TextEditor.UpdateScrollOffset()
   at UnityEngine.TextEditor.set_position(Rect value)
   at UnityEngine.GUI.DoTextField(Rect position, Int32 id, GUIContent content, Boolean multiline, Int32 maxLength, GUIStyle style, String secureText, Char maskChar)
   at UnityEngine.GUI.DoTextField(Rect position, Int32 id, GUIContent content, Boolean multiline, Int32 maxLength, GUIStyle style, String secureText)
   at UnityEngine.GUI.DoTextField(Rect position, Int32 id, GUIContent content, Boolean multiline, Int32 maxLength, GUIStyle style)
   at UnityEngine.GUILayout.DoTextField(String text, Int32 maxLength, Boolean multiline, GUIStyle style, Il2CppReferenceArray`1 options)
   at UnityEngine.GUILayout.TextField(String text, Int32 maxLength, Il2CppReferenceArray`1 options)
   at UnityEngine.GUILayout.TextField(String text, Int32 maxLength, GUILayoutOption[] options)
   at QteTrainer.QteTrainerUi.OnGUI()
   at Trampoline_VoidThisQteTrainer.QteTrainerUiOnGUI(IntPtr , Il2CppMethodInfo* )
[Error  :Il2CppInterop] Exception in IL2CPP-to-Managed trampoline, not passing it to il2cpp: System.NotSupportedException: Method unstripping failed
   at UnityEngine.TextEditor.UpdateScrollOffset()
   at UnityEngine.TextEditor.set_position(Rect value)
   at UnityEngine.GUI.DoTextField(Rect position, Int32 id, GUIContent content, Boolean multiline, Int32 maxLength, GUIStyle style, String secureText, Char maskChar)
   at UnityEngine.GUI.DoTextField(Rect position, Int32 id, GUIContent content, Boolean multiline, Int32 maxLength, GUIStyle style, String secureText)
   at UnityEngine.GUI.DoTextField(Rect position, Int32 id, GUIContent content, Boolean multiline, Int32 maxLength, GUIStyle style)
   at UnityEngine.GUILayout.DoTextField(String text, Int32 maxLength, Boolean multiline, GUIStyle style, Il2CppReferenceArray`1 options)
   at UnityEngine.GUILayout.TextField(String text, Int32 maxLength, Il2CppReferenceArray`1 options)
   at UnityEngine.GUILayout.TextField(String text, Int32 maxLength, GUILayoutOption[] options)
   at QteTrainer.QteTrainerUi.OnGUI()
   at Trampoline_VoidThisQteTrainer.QteTrainerUiOnGUI(IntPtr , Il2CppMethodInfo* )
[Error  :Il2CppInterop] Exception in IL2CPP-to-Managed trampoline, not passing it to il2cpp: Il2CppInterop.Runtime.Il2CppException: System.InvalidOperationException: You are trying to read Input using the UnityEngine.Input class, but you have switched active Input handling to Input System package in Player Settings.
--- BEGIN IL2CPP STACK TRACE ---
System.InvalidOperationException: You are trying to read Input using the UnityEngine.Input class, but you have switched active Input handling to Input System package in Player Settings.

--- END IL2CPP STACK TRACE ---

   at Il2CppInterop.Runtime.Il2CppException.RaiseExceptionIfNecessary(IntPtr returnedException) in /home/runner/work/Il2CppInterop/Il2CppInterop/Il2CppInterop.Runtime/Il2CppException.cs:line 36
   at UnityEngine.Input.GetKeyDown(KeyCode key)
   at QteTrainer.QteTrainerUi.Update()
   at Trampoline_VoidThisQteTrainer.QteTrainerUiUpdate(IntPtr , Il2CppMethodInfo* )
[Error  :Il2CppInterop] Exception in IL2CPP-to-Managed trampoline, not passing it to il2cpp: System.NotSupportedException: Method unstripping failed
   at UnityEngine.TextEditor.UpdateScrollOffset()
   at UnityEngine.TextEditor.set_position(Rect value)
   at UnityEngine.GUI.DoTextField(Rect position, Int32 id, GUIContent content, Boolean multiline, Int32 maxLength, GUIStyle style, String secureText, Char maskChar)
   at UnityEngine.GUI.DoTextField(Rect position, Int32 id, GUIContent content, Boolean multiline, Int32 maxLength, GUIStyle style, String secureText)
   at UnityEngine.GUI.DoTextField(Rect position, Int32 id, GUIContent content, Boolean multiline, Int32 maxLength, GUIStyle style)
   at UnityEngine.GUILayout.DoTextField(String text, Int32 maxLength, Boolean multiline, GUIStyle style, Il2CppReferenceArray`1 options)
   at UnityEngine.GUILayout.TextField(String text, Int32 maxLength, Il2CppReferenceArray`1 options)
   at UnityEngine.GUILayout.TextField(String text, Int32 maxLength, GUILayoutOption[] options)
   at QteTrainer.QteTrainerUi.OnGUI()
   at Trampoline_VoidThisQteTrainer.QteTrainerUiOnGUI(IntPtr , Il2CppMethodInfo* )
[Error  :Il2CppInterop] Exception in IL2CPP-to-Managed trampoline, not passing it to il2cpp: System.NotSupportedException: Method unstripping failed
   at UnityEngine.TextEditor.UpdateScrollOffset()
   at UnityEngine.TextEditor.set_position(Rect value)
   at UnityEngine.GUI.DoTextField(Rect position, Int32 id, GUIContent content, Boolean multiline, Int32 maxLength, GUIStyle style, String secureText, Char maskChar)
   at UnityEngine.GUI.DoTextField(Rect position, Int32 id, GUIContent content, Boolean multiline, Int32 maxLength, GUIStyle style, String secureText)
   at UnityEngine.GUI.DoTextField(Rect position, Int32 id, GUIContent content, Boolean multiline, Int32 maxLength, GUIStyle style)
   at UnityEngine.GUILayout.DoTextField(String text, Int32 maxLength, Boolean multiline, GUIStyle style, Il2CppReferenceArray`1 options)
   at UnityEngine.GUILayout.TextField(String text, Int32 maxLength, Il2CppReferenceArray`1 options)
   at UnityEngine.GUILayout.TextField(String text, Int32 maxLength, GUILayoutOption[] options)
   at QteTrainer.QteTrainerUi.OnGUI()
   at Trampoline_VoidThisQteTrainer.QteTrainerUiOnGUI(IntPtr , Il2CppMethodInfo* )
[Error  :Il2CppInterop] Exception in IL2CPP-to-Managed trampoline, not passing it to il2cpp: Il2CppInterop.Runtime.Il2CppException: System.InvalidOperationException: You are trying to read Input using the UnityEngine.Input class, but you have switched active Input handling to Input System package in Player Settings.
--- BEGIN IL2CPP STACK TRACE ---
System.InvalidOperationException: You are trying to read Input using the UnityEngine.Input class, but you have switched active Input handling to Input System package in Player Settings.

--- END IL2CPP STACK TRACE ---

   at Il2CppInterop.Runtime.Il2CppException.RaiseExceptionIfNecessary(IntPtr returnedException) in /home/runner/work/Il2CppInterop/Il2CppInterop/Il2CppInterop.Runtime/Il2CppException.cs:line 36
   at UnityEngine.Input.GetKeyDown(KeyCode key)
   at QteTrainer.QteTrainerUi.Update()
   at Trampoline_VoidThisQteTrainer.QteTrainerUiUpdate(IntPtr , Il2CppMethodInfo* )
[Error  :Il2CppInterop] Exception in IL2CPP-to-Managed trampoline, not passing it to il2cpp: System.NotSupportedException: Method unstripping failed
   at UnityEngine.TextEditor.UpdateScrollOffset()
   at UnityEngine.TextEditor.set_position(Rect value)
   at UnityEngine.GUI.DoTextField(Rect position, Int32 id, GUIContent content, Boolean multiline, Int32 maxLength, GUIStyle style, String secureText, Char maskChar)
   at UnityEngine.GUI.DoTextField(Rect position, Int32 id, GUIContent content, Boolean multiline, Int32 maxLength, GUIStyle style, String secureText)
   at UnityEngine.GUI.DoTextField(Rect position, Int32 id, GUIContent content, Boolean multiline, Int32 maxLength, GUIStyle style)
   at UnityEngine.GUILayout.DoTextField(String text, Int32 maxLength, Boolean multiline, GUIStyle style, Il2CppReferenceArray`1 options)
   at UnityEngine.GUILayout.TextField(String text, Int32 maxLength, Il2CppReferenceArray`1 options)
   at UnityEngine.GUILayout.TextField(String text, Int32 maxLength, GUILayoutOption[] options)
   at QteTrainer.QteTrainerUi.OnGUI()
   at Trampoline_VoidThisQteTrainer.QteTrainerUiOnGUI(IntPtr , Il2CppMethodInfo* )
[Error  :Il2CppInterop] Exception in IL2CPP-to-Managed trampoline, not passing it to il2cpp: System.NotSupportedException: Method unstripping failed
   at UnityEngine.TextEditor.UpdateScrollOffset()
   at UnityEngine.TextEditor.set_position(Rect value)
   at UnityEngine.GUI.DoTextField(Rect position, Int32 id, GUIContent content, Boolean multiline, Int32 maxLength, GUIStyle style, String secureText, Char maskChar)
   at UnityEngine.GUI.DoTextField(Rect position, Int32 id, GUIContent content, Boolean multiline, Int32 maxLength, GUIStyle style, String secureText)
   at UnityEngine.GUI.DoTextField(Rect position, Int32 id, GUIContent content, Boolean multiline, Int32 maxLength, GUIStyle style)
   at UnityEngine.GUILayout.DoTextField(String text, Int32 maxLength, Boolean multiline, GUIStyle style, Il2CppReferenceArray`1 options)
   at UnityEngine.GUILayout.TextField(String text, Int32 maxLength, Il2CppReferenceArray`1 options)
   at UnityEngine.GUILayout.TextField(String text, Int32 maxLength, GUILayoutOption[] options)
   at QteTrainer.QteTrainerUi.OnGUI()
   at Trampoline_VoidThisQteTrainer.QteTrainerUiOnGUI(IntPtr , Il2CppMethodInfo* )
[Error  :Il2CppInterop] Exception in IL2CPP-to-Managed trampoline, not passing it to il2cpp: Il2CppInterop.Runtime.Il2CppException: System.InvalidOperationException: You are trying to read Input using the UnityEngine.Input class, but you have switched active Input handling to Input System package in Player Settings.
--- BEGIN IL2CPP STACK TRACE ---
System.InvalidOperationException: You are trying to read Input using the UnityEngine.Input class, but you have switched active Input handling to Input System package in Player Settings.

--- END IL2CPP STACK TRACE ---

   at Il2CppInterop.Runtime.Il2CppException.RaiseExceptionIfNecessary(IntPtr returnedException) in /home/runner/work/Il2CppInterop/Il2CppInterop/Il2CppInterop.Runtime/Il2CppException.cs:line 36
   at UnityEngine.Input.GetKeyDown(KeyCode key)
   at QteTrainer.QteTrainerUi.Update()
   at Trampoline_VoidThisQteTrainer.QteTrainerUiUpdate(IntPtr , Il2CppMethodInfo* )
[Error  :Il2CppInterop] Exception in IL2CPP-to-Managed trampoline, not passing it to il2cpp: System.NotSupportedException: Method unstripping failed
   at UnityEngine.TextEditor.UpdateScrollOffset()
   at UnityEngine.TextEditor.set_position(Rect value)
   at UnityEngine.GUI.DoTextField(Rect position, Int32 id, GUIContent content, Boolean multiline, Int32 maxLength, GUIStyle style, String secureText, Char maskChar)
   at UnityEngine.GUI.DoTextField(Rect position, Int32 id, GUIContent content, Boolean multiline, Int32 maxLength, GUIStyle style, String secureText)
   at UnityEngine.GUI.DoTextField(Rect position, Int32 id, GUIContent content, Boolean multiline, Int32 maxLength, GUIStyle style)
   at UnityEngine.GUILayout.DoTextField(String text, Int32 maxLength, Boolean multiline, GUIStyle style, Il2CppReferenceArray`1 options)
   at UnityEngine.GUILayout.TextField(String text, Int32 maxLength, Il2CppReferenceArray`1 options)
   at UnityEngine.GUILayout.TextField(String text, Int32 maxLength, GUILayoutOption[] options)
   at QteTrainer.QteTrainerUi.OnGUI()
   at Trampoline_VoidThisQteTrainer.QteTrainerUiOnGUI(IntPtr , Il2CppMethodInfo* )
[Error  :Il2CppInterop] Exception in IL2CPP-to-Managed trampoline, not passing it to il2cpp: System.NotSupportedException: Method unstripping failed
   at UnityEngine.TextEditor.UpdateScrollOffset()
   at UnityEngine.TextEditor.set_position(Rect value)
   at UnityEngine.GUI.DoTextField(Rect position, Int32 id, GUIContent content, Boolean multiline, Int32 maxLength, GUIStyle style, String secureText, Char maskChar)
   at UnityEngine.GUI.DoTextField(Rect position, Int32 id, GUIContent content, Boolean multiline, Int32 maxLength, GUIStyle style, String secureText)
   at UnityEngine.GUI.DoTextField(Rect position, Int32 id, GUIContent content, Boolean multiline, Int32 maxLength, GUIStyle style)
   at UnityEngine.GUILayout.DoTextField(String text, Int32 maxLength, Boolean multiline, GUIStyle style, Il2CppReferenceArray`1 options)
   at UnityEngine.GUILayout.TextField(String text, Int32 maxLength, Il2CppReferenceArray`1 options)
   at UnityEngine.GUILayout.TextField(String text, Int32 maxLength, GUILayoutOption[] options)
   at QteTrainer.QteTrainerUi.OnGUI()
   at Trampoline_VoidThisQteTrainer.QteTrainerUiOnGUI(IntPtr , Il2CppMethodInfo* )
[Error  :Il2CppInterop] Exception in IL2CPP-to-Managed trampoline, not passing it to il2cpp: Il2CppInterop.Runtime.Il2CppException: System.InvalidOperationException: You are trying to read Input using the UnityEngine.Input class, but you have switched active Input handling to Input System package in Player Settings.
--- BEGIN IL2CPP STACK TRACE ---
System.InvalidOperationException: You are trying to read Input using the UnityEngine.Input class, but you have switched active Input handling to Input System package in Player Settings.

--- END IL2CPP STACK TRACE ---

   at Il2CppInterop.Runtime.Il2CppException.RaiseExceptionIfNecessary(IntPtr returnedException) in /home/runner/work/Il2CppInterop/Il2CppInterop/Il2CppInterop.Runtime/Il2CppException.cs:line 36
   at UnityEngine.Input.GetKeyDown(KeyCode key)
   at QteTrainer.QteTrainerUi.Update()
   at Trampoline_VoidThisQteTrainer.QteTrainerUiUpdate(IntPtr , Il2CppMethodInfo* )
[Error  :Il2CppInterop] Exception in IL2CPP-to-Managed trampoline, not passing it to il2cpp: System.NotSupportedException: Method unstripping failed
   at UnityEngine.TextEditor.UpdateScrollOffset()
   at UnityEngine.TextEditor.set_position(Rect value)
   at UnityEngine.GUI.DoTextField(Rect position, Int32 id, GUIContent content, Boolean multiline, Int32 maxLength, GUIStyle style, String secureText, Char maskChar)
   at UnityEngine.GUI.DoTextField(Rect position, Int32 id, GUIContent content, Boolean multiline, Int32 maxLength, GUIStyle style, String secureText)
   at UnityEngine.GUI.DoTextField(Rect position, Int32 id, GUIContent content, Boolean multiline, Int32 maxLength, GUIStyle style)
   at UnityEngine.GUILayout.DoTextField(String text, Int32 maxLength, Boolean multiline, GUIStyle style, Il2CppReferenceArray`1 options)
   at UnityEngine.GUILayout.TextField(String text, Int32 maxLength, Il2CppReferenceArray`1 options)
   at UnityEngine.GUILayout.TextField(String text, Int32 maxLength, GUILayoutOption[] options)
   at QteTrainer.QteTrainerUi.OnGUI()
   at Trampoline_VoidThisQteTrainer.QteTrainerUiOnGUI(IntPtr , Il2CppMethodInfo* )
[Error  :Il2CppInterop] Exception in IL2CPP-to-Managed trampoline, not passing it to il2cpp: System.NotSupportedException: Method unstripping failed
   at UnityEngine.TextEditor.UpdateScrollOffset()
   at UnityEngine.TextEditor.set_position(Rect value)
   at UnityEngine.GUI.DoTextField(Rect position, Int32 id, GUIContent content, Boolean multiline, Int32 maxLength, GUIStyle style, String secureText, Char maskChar)
   at UnityEngine.GUI.DoTextField(Rect position, Int32 id, GUIContent content, Boolean multiline, Int32 maxLength, GUIStyle style, String secureText)
   at UnityEngine.GUI.DoTextField(Rect position, Int32 id, GUIContent content, Boolean multiline, Int32 maxLength, GUIStyle style)
   at UnityEngine.GUILayout.DoTextField(String text, Int32 maxLength, Boolean multiline, GUIStyle style, Il2CppReferenceArray`1 options)
   at UnityEngine.GUILayout.TextField(String text, Int32 maxLength, Il2CppReferenceArray`1 options)
   at UnityEngine.GUILayout.TextField(String text, Int32 maxLength, GUILayoutOption[] options)
   at QteTrainer.QteTrainerUi.OnGUI()
   at Trampoline_VoidThisQteTrainer.QteTrainerUiOnGUI(IntPtr , Il2CppMethodInfo* )
[Error  :Il2CppInterop] Exception in IL2CPP-to-Managed trampoline, not passing it to il2cpp: Il2CppInterop.Runtime.Il2CppException: System.InvalidOperationException: You are trying to read Input using the UnityEngine.Input class, but you have switched active Input handling to Input System package in Player Settings.
--- BEGIN IL2CPP STACK TRACE ---
System.InvalidOperationException: You are trying to read Input using the UnityEngine.Input class, but you have switched active Input handling to Input System package in Player Settings.

--- END IL2CPP STACK TRACE ---

   at Il2CppInterop.Runtime.Il2CppException.RaiseExceptionIfNecessary(IntPtr returnedException) in /home/runner/work/Il2CppInterop/Il2CppInterop/Il2CppInterop.Runtime/Il2CppException.cs:line 36
   at UnityEngine.Input.GetKeyDown(KeyCode key)
   at QteTrainer.QteTrainerUi.Update()
   at Trampoline_VoidThisQteTrainer.QteTrainerUiUpdate(IntPtr , Il2CppMethodInfo* )
[Error  :Il2CppInterop] Exception in IL2CPP-to-Managed trampoline, not passing it to il2cpp: System.NotSupportedException: Method unstripping failed
   at UnityEngine.TextEditor.UpdateScrollOffset()
   at UnityEngine.TextEditor.set_position(Rect value)
   at UnityEngine.GUI.DoTextField(Rect position, Int32 id, GUIContent content, Boolean multiline, Int32 maxLength, GUIStyle style, String secureText, Char maskChar)
   at UnityEngine.GUI.DoTextField(Rect position, Int32 id, GUIContent content, Boolean multiline, Int32 maxLength, GUIStyle style, String secureText)
   at UnityEngine.GUI.DoTextField(Rect position, Int32 id, GUIContent content, Boolean multiline, Int32 maxLength, GUIStyle style)
   at UnityEngine.GUILayout.DoTextField(String text, Int32 maxLength, Boolean multiline, GUIStyle style, Il2CppReferenceArray`1 options)
   at UnityEngine.GUILayout.TextField(String text, Int32 maxLength, Il2CppReferenceArray`1 options)
   at UnityEngine.GUILayout.TextField(String text, Int32 maxLength, GUILayoutOption[] options)
   at QteTrainer.QteTrainerUi.OnGUI()
   at Trampoline_VoidThisQteTrainer.QteTrainerUiOnGUI(IntPtr , Il2CppMethodInfo* )
[Error  :Il2CppInterop] Exception in IL2CPP-to-Managed trampoline, not passing it to il2cpp: System.NotSupportedException: Method unstripping failed
   at UnityEngine.TextEditor.UpdateScrollOffset()
   at UnityEngine.TextEditor.set_position(Rect value)
   at UnityEngine.GUI.DoTextField(Rect position, Int32 id, GUIContent content, Boolean multiline, Int32 maxLength, GUIStyle style, String secureText, Char maskChar)
   at UnityEngine.GUI.DoTextField(Rect position, Int32 id, GUIContent content, Boolean multiline, Int32 maxLength, GUIStyle style, String secureText)
   at UnityEngine.GUI.DoTextField(Rect position, Int32 id, GUIContent content, Boolean multiline, Int32 maxLength, GUIStyle style)
   at UnityEngine.GUILayout.DoTextField(String text, Int32 maxLength, Boolean multiline, GUIStyle style, Il2CppReferenceArray`1 options)
   at UnityEngine.GUILayout.TextField(String text, Int32 maxLength, Il2CppReferenceArray`1 options)
   at UnityEngine.GUILayout.TextField(String text, Int32 maxLength, GUILayoutOption[] options)
   at QteTrainer.QteTrainerUi.OnGUI()
   at Trampoline_VoidThisQteTrainer.QteTrainerUiOnGUI(IntPtr , Il2CppMethodInfo* )
[Error  :Il2CppInterop] Exception in IL2CPP-to-Managed trampoline, not passing it to il2cpp: Il2CppInterop.Runtime.Il2CppException: System.InvalidOperationException: You are trying to read Input using the UnityEngine.Input class, but you have switched active Input handling to Input System package in Player Settings.
--- BEGIN IL2CPP STACK TRACE ---
System.InvalidOperationException: You are trying to read Input using the UnityEngine.Input class, but you have switched active Input handling to Input System package in Player Settings.

--- END IL2CPP STACK TRACE ---

   at Il2CppInterop.Runtime.Il2CppException.RaiseExceptionIfNecessary(IntPtr returnedException) in /home/runner/work/Il2CppInterop/Il2CppInterop/Il2CppInterop.Runtime/Il2CppException.cs:line 36
   at UnityEngine.Input.GetKeyDown(KeyCode key)
   at QteTrainer.QteTrainerUi.Update()
   at Trampoline_VoidThisQteTrainer.QteTrainerUiUpdate(IntPtr , Il2CppMethodInfo* )
[Error  :Il2CppInterop] Exception in IL2CPP-to-Managed trampoline, not passing it to il2cpp: System.NotSupportedException: Method unstripping failed
   at UnityEngine.TextEditor.UpdateScrollOffset()
   at UnityEngine.TextEditor.set_position(Rect value)
   at UnityEngine.GUI.DoTextField(Rect position, Int32 id, GUIContent content, Boolean multiline, Int32 maxLength, GUIStyle style, String secureText, Char maskChar)
   at UnityEngine.GUI.DoTextField(Rect position, Int32 id, GUIContent content, Boolean multiline, Int32 maxLength, GUIStyle style, String secureText)
   at UnityEngine.GUI.DoTextField(Rect position, Int32 id, GUIContent content, Boolean multiline, Int32 maxLength, GUIStyle style)
   at UnityEngine.GUILayout.DoTextField(String text, Int32 maxLength, Boolean multiline, GUIStyle style, Il2CppReferenceArray`1 options)
   at UnityEngine.GUILayout.TextField(String text, Int32 maxLength, Il2CppReferenceArray`1 options)
   at UnityEngine.GUILayout.TextField(String text, Int32 maxLength, GUILayoutOption[] options)
   at QteTrainer.QteTrainerUi.OnGUI()
   at Trampoline_VoidThisQteTrainer.QteTrainerUiOnGUI(IntPtr , Il2CppMethodInfo* )
[Error  :Il2CppInterop] Exception in IL2CPP-to-Managed trampoline, not passing it to il2cpp: System.NotSupportedException: Method unstripping failed
   at UnityEngine.TextEditor.UpdateScrollOffset()
   at UnityEngine.TextEditor.set_position(Rect value)
   at UnityEngine.GUI.DoTextField(Rect position, Int32 id, GUIContent content, Boolean multiline, Int32 maxLength, GUIStyle style, String secureText, Char maskChar)
   at UnityEngine.GUI.DoTextField(Rect position, Int32 id, GUIContent content, Boolean multiline, Int32 maxLength, GUIStyle style, String secureText)
   at UnityEngine.GUI.DoTextField(Rect position, Int32 id, GUIContent content, Boolean multiline, Int32 maxLength, GUIStyle style)
   at UnityEngine.GUILayout.DoTextField(String text, Int32 maxLength, Boolean multiline, GUIStyle style, Il2CppReferenceArray`1 options)
   at UnityEngine.GUILayout.TextField(String text, Int32 maxLength, Il2CppReferenceArray`1 options)
   at UnityEngine.GUILayout.TextField(String text, Int32 maxLength, GUILayoutOption[] options)
   at QteTrainer.QteTrainerUi.OnGUI()
   at Trampoline_VoidThisQteTrainer.QteTrainerUiOnGUI(IntPtr , Il2CppMethodInfo* )
[Error  :Il2CppInterop] Exception in IL2CPP-to-Managed trampoline, not passing it to il2cpp: Il2CppInterop.Runtime.Il2CppException: System.InvalidOperationException: You are trying to read Input using the UnityEngine.Input class, but you have switched active Input handling to Input System package in Player Settings.
--- BEGIN IL2CPP STACK TRACE ---
System.InvalidOperationException: You are trying to read Input using the UnityEngine.Input class, but you have switched active Input handling to Input System package in Player Settings.

--- END IL2CPP STACK TRACE ---

   at Il2CppInterop.Runtime.Il2CppException.RaiseExceptionIfNecessary(IntPtr returnedException) in /home/runner/work/Il2CppInterop/Il2CppInterop/Il2CppInterop.Runtime/Il2CppException.cs:line 36
   at UnityEngine.Input.GetKeyDown(KeyCode key)
   at QteTrainer.QteTrainerUi.Update()
   at Trampoline_VoidThisQteTrainer.QteTrainerUiUpdate(IntPtr , Il2CppMethodInfo* )
[Error  :Il2CppInterop] Exception in IL2CPP-to-Managed trampoline, not passing it to il2cpp: System.NotSupportedException: Method unstripping failed
   at UnityEngine.TextEditor.UpdateScrollOffset()
   at UnityEngine.TextEditor.set_position(Rect value)
   at UnityEngine.GUI.DoTextField(Rect position, Int32 id, GUIContent content, Boolean multiline, Int32 maxLength, GUIStyle style, String secureText, Char maskChar)
   at UnityEngine.GUI.DoTextField(Rect position, Int32 id, GUIContent content, Boolean multiline, Int32 maxLength, GUIStyle style, String secureText)
   at UnityEngine.GUI.DoTextField(Rect position, Int32 id, GUIContent content, Boolean multiline, Int32 maxLength, GUIStyle style)
   at UnityEngine.GUILayout.DoTextField(String text, Int32 maxLength, Boolean multiline, GUIStyle style, Il2CppReferenceArray`1 options)
   at UnityEngine.GUILayout.TextField(String text, Int32 maxLength, Il2CppReferenceArray`1 options)
   at UnityEngine.GUILayout.TextField(String text, Int32 maxLength, GUILayoutOption[] options)
   at QteTrainer.QteTrainerUi.OnGUI()
   at Trampoline_VoidThisQteTrainer.QteTrainerUiOnGUI(IntPtr , Il2CppMethodInfo* )
[Error  :Il2CppInterop] Exception in IL2CPP-to-Managed trampoline, not passing it to il2cpp: System.NotSupportedException: Method unstripping failed
   at UnityEngine.TextEditor.UpdateScrollOffset()
   at UnityEngine.TextEditor.set_position(Rect value)
   at UnityEngine.GUI.DoTextField(Rect position, Int32 id, GUIContent content, Boolean multiline, Int32 maxLength, GUIStyle style, String secureText, Char maskChar)
   at UnityEngine.GUI.DoTextField(Rect position, Int32 id, GUIContent content, Boolean multiline, Int32 maxLength, GUIStyle style, String secureText)
   at UnityEngine.GUI.DoTextField(Rect position, Int32 id, GUIContent content, Boolean multiline, Int32 maxLength, GUIStyle style)
   at UnityEngine.GUILayout.DoTextField(String text, Int32 maxLength, Boolean multiline, GUIStyle style, Il2CppReferenceArray`1 options)
   at UnityEngine.GUILayout.TextField(String text, Int32 maxLength, Il2CppReferenceArray`1 options)
   at UnityEngine.GUILayout.TextField(String text, Int32 maxLength, GUILayoutOption[] options)
   at QteTrainer.QteTrainerUi.OnGUI()
   at Trampoline_VoidThisQteTrainer.QteTrainerUiOnGUI(IntPtr , Il2CppMethodInfo* )
[Error  :Il2CppInterop] Exception in IL2CPP-to-Managed trampoline, not passing it to il2cpp: Il2CppInterop.Runtime.Il2CppException: System.InvalidOperationException: You are trying to read Input using the UnityEngine.Input class, but you have switched active Input handling to Input System package in Player Settings.
--- BEGIN IL2CPP STACK TRACE ---
System.InvalidOperationException: You are trying to read Input using the UnityEngine.Input class, but you have switched active Input handling to Input System package in Player Settings.

--- END IL2CPP STACK TRACE ---

   at Il2CppInterop.Runtime.Il2CppException.RaiseExceptionIfNecessary(IntPtr returnedException) in /home/runner/work/Il2CppInterop/Il2CppInterop/Il2CppInterop.Runtime/Il2CppException.cs:line 36
   at UnityEngine.Input.GetKeyDown(KeyCode key)
   at QteTrainer.QteTrainerUi.Update()
   at Trampoline_VoidThisQteTrainer.QteTrainerUiUpdate(IntPtr , Il2CppMethodInfo* )
[Error  :Il2CppInterop] Exception in IL2CPP-to-Managed trampoline, not passing it to il2cpp: System.NotSupportedException: Method unstripping failed
   at UnityEngine.TextEditor.UpdateScrollOffset()
   at UnityEngine.TextEditor.set_position(Rect value)
   at UnityEngine.GUI.DoTextField(Rect position, Int32 id, GUIContent content, Boolean multiline, Int32 maxLength, GUIStyle style, String secureText, Char maskChar)
   at UnityEngine.GUI.DoTextField(Rect position, Int32 id, GUIContent content, Boolean multiline, Int32 maxLength, GUIStyle style, String secureText)
   at UnityEngine.GUI.DoTextField(Rect position, Int32 id, GUIContent content, Boolean multiline, Int32 maxLength, GUIStyle style)
   at UnityEngine.GUILayout.DoTextField(String text, Int32 maxLength, Boolean multiline, GUIStyle style, Il2CppReferenceArray`1 options)
   at UnityEngine.GUILayout.TextField(String text, Int32 maxLength, Il2CppReferenceArray`1 options)
   at UnityEngine.GUILayout.TextField(String text, Int32 maxLength, GUILayoutOption[] options)
   at QteTrainer.QteTrainerUi.OnGUI()
   at Trampoline_VoidThisQteTrainer.QteTrainerUiOnGUI(IntPtr , Il2CppMethodInfo* )
[Error  :Il2CppInterop] Exception in IL2CPP-to-Managed trampoline, not passing it to il2cpp: System.NotSupportedException: Method unstripping failed
   at UnityEngine.TextEditor.set_position(Rect value)
   at UnityEngine.GUI.DoTextField(Rect position, Int32 id, GUIContent content, Boolean multiline, Int32 maxLength, GUIStyle style, String secureText, Char maskChar)
   at UnityEngine.GUILayout.DoTextField(String text, Int32 maxLength, Boolean multiline, GUIStyle style, Il2CppReferenceArray`1 options)
   at QteTrainer.QteTrainerUi.OnGUI()
   at Trampoline_VoidThisQteTrainer.QteTrainerUiOnGUI(IntPtr , Il2CppMethodInfo* )
[Error  :Il2CppInterop] Exception in IL2CPP-to-Managed trampoline, not passing it to il2cpp: Il2CppInterop.Runtime.Il2CppException: System.InvalidOperationException: You are trying to read Input using the UnityEngine.Input class, but you have switched active Input handling to Input System package in Player Settings.
--- BEGIN IL2CPP STACK TRACE ---
System.InvalidOperationException: You are trying to read Input using the UnityEngine.Input class, but you have switched active Input handling to Input System package in Player Settings.

--- END IL2CPP STACK TRACE ---

   at Il2CppInterop.Runtime.Il2CppException.RaiseExceptionIfNecessary(IntPtr returnedException) in /home/runner/work/Il2CppInterop/Il2CppInterop/Il2CppInterop.Runtime/Il2CppException.cs:line 36
   at UnityEngine.Input.GetKeyDown(KeyCode key)
   at QteTrainer.QteTrainerUi.Update()
   at Trampoline_VoidThisQteTrainer.QteTrainerUiUpdate(IntPtr , Il2CppMethodInfo* )
[Error  :Il2CppInterop] Exception in IL2CPP-to-Managed trampoline, not passing it to il2cpp: System.NotSupportedException: Method unstripping failed
   at UnityEngine.TextEditor.set_position(Rect value)
   at UnityEngine.GUI.DoTextField(Rect position, Int32 id, GUIContent content, Boolean multiline, Int32 maxLength, GUIStyle style, String secureText, Char maskChar)
   at UnityEngine.GUILayout.DoTextField(String text, Int32 maxLength, Boolean multiline, GUIStyle style, Il2CppReferenceArray`1 options)
   at QteTrainer.QteTrainerUi.OnGUI()
   at Trampoline_VoidThisQteTrainer.QteTrainerUiOnGUI(IntPtr , Il2CppMethodInfo* )
[Error  :Il2CppInterop] Exception in IL2CPP-to-Managed trampoline, not passing it to il2cpp: System.NotSupportedException: Method unstripping failed
   at UnityEngine.TextEditor.set_position(Rect value)
   at UnityEngine.GUI.DoTextField(Rect position, Int32 id, GUIContent content, Boolean multiline, Int32 maxLength, GUIStyle style, String secureText, Char maskChar)
   at UnityEngine.GUILayout.DoTextField(String text, Int32 maxLength, Boolean multiline, GUIStyle style, Il2CppReferenceArray`1 options)
   at QteTrainer.QteTrainerUi.OnGUI()
   at Trampoline_VoidThisQteTrainer.QteTrainerUiOnGUI(IntPtr , Il2CppMethodInfo* )
[Error  :Il2CppInterop] Exception in IL2CPP-to-Managed trampoline, not passing it to il2cpp: Il2CppInterop.Runtime.Il2CppException: System.InvalidOperationException: You are trying to read Input using the UnityEngine.Input class, but you have switched active Input handling to Input System package in Player Settings.
--- BEGIN IL2CPP STACK TRACE ---
System.InvalidOperationException: You are trying to read Input using the UnityEngine.Input class, but you have switched active Input handling to Input System package in Player Settings.

--- END IL2CPP STACK TRACE ---

   at Il2CppInterop.Runtime.Il2CppException.RaiseExceptionIfNecessary(IntPtr returnedException) in /home/runner/work/Il2CppInterop/Il2CppInterop/Il2CppInterop.Runtime/Il2CppException.cs:line 36
   at UnityEngine.Input.GetKeyDown(KeyCode key)
   at QteTrainer.QteTrainerUi.Update()
   at Trampoline_VoidThisQteTrainer.QteTrainerUiUpdate(IntPtr , Il2CppMethodInfo* )
[Error  :Il2CppInterop] Exception in IL2CPP-to-Managed trampoline, not passing it to il2cpp: System.NotSupportedException: Method unstripping failed
   at UnityEngine.TextEditor.set_position(Rect value)
   at UnityEngine.GUI.DoTextField(Rect position, Int32 id, GUIContent content, Boolean multiline, Int32 maxLength, GUIStyle style, String secureText, Char maskChar)
   at UnityEngine.GUILayout.DoTextField(String text, Int32 maxLength, Boolean multiline, GUIStyle style, Il2CppReferenceArray`1 options)
   at QteTrainer.QteTrainerUi.OnGUI()
   at Trampoline_VoidThisQteTrainer.QteTrainerUiOnGUI(IntPtr , Il2CppMethodInfo* )
[Error  :Il2CppInterop] Exception in IL2CPP-to-Managed trampoline, not passing it to il2cpp: System.NotSupportedException: Method unstripping failed
   at UnityEngine.TextEditor.set_position(Rect value)
   at UnityEngine.GUI.DoTextField(Rect position, Int32 id, GUIContent content, Boolean multiline, Int32 maxLength, GUIStyle style, String secureText, Char maskChar)
   at UnityEngine.GUILayout.DoTextField(String text, Int32 maxLength, Boolean multiline, GUIStyle style, Il2CppReferenceArray`1 options)
   at QteTrainer.QteTrainerUi.OnGUI()
   at Trampoline_VoidThisQteTrainer.QteTrainerUiOnGUI(IntPtr , Il2CppMethodInfo* )
[Error  :Il2CppInterop] Exception in IL2CPP-to-Managed trampoline, not passing it to il2cpp: Il2CppInterop.Runtime.Il2CppException: System.InvalidOperationException: You are trying to read Input using the UnityEngine.Input class, but you have switched active Input handling to Input System package in Player Settings.
--- BEGIN IL2CPP STACK TRACE ---
System.InvalidOperationException: You are trying to read Input using the UnityEngine.Input class, but you have switched active Input handling to Input System package in Player Settings.

--- END IL2CPP STACK TRACE ---

   at Il2CppInterop.Runtime.Il2CppException.RaiseExceptionIfNecessary(IntPtr returnedException) in /home/runner/work/Il2CppInterop/Il2CppInterop/Il2CppInterop.Runtime/Il2CppException.cs:line 36
   at UnityEngine.Input.GetKeyDown(KeyCode key)
   at QteTrainer.QteTrainerUi.Update()
   at Trampoline_VoidThisQteTrainer.QteTrainerUiUpdate(IntPtr , Il2CppMethodInfo* )
[Error  :Il2CppInterop] Exception in IL2CPP-to-Managed trampoline, not passing it to il2cpp: System.NotSupportedException: Method unstripping failed
   at UnityEngine.TextEditor.set_position(Rect value)
   at UnityEngine.GUI.DoTextField(Rect position, Int32 id, GUIContent content, Boolean multiline, Int32 maxLength, GUIStyle style, String secureText, Char maskChar)
   at UnityEngine.GUILayout.DoTextField(String text, Int32 maxLength, Boolean multiline, GUIStyle style, Il2CppReferenceArray`1 options)
   at QteTrainer.QteTrainerUi.OnGUI()
   at Trampoline_VoidThisQteTrainer.QteTrainerUiOnGUI(IntPtr , Il2CppMethodInfo* )
[Error  :Il2CppInterop] Exception in IL2CPP-to-Managed trampoline, not passing it to il2cpp: System.NotSupportedException: Method unstripping failed
   at UnityEngine.TextEditor.set_position(Rect value)
   at UnityEngine.GUI.DoTextField(Rect position, Int32 id, GUIContent content, Boolean multiline, Int32 maxLength, GUIStyle style, String secureText, Char maskChar)
   at UnityEngine.GUILayout.DoTextField(String text, Int32 maxLength, Boolean multiline, GUIStyle style, Il2CppReferenceArray`1 options)
   at QteTrainer.QteTrainerUi.OnGUI()
   at Trampoline_VoidThisQteTrainer.QteTrainerUiOnGUI(IntPtr , Il2CppMethodInfo* )
[Error  :Il2CppInterop] Exception in IL2CPP-to-Managed trampoline, not passing it to il2cpp: Il2CppInterop.Runtime.Il2CppException: System.InvalidOperationException: You are trying to read Input using the UnityEngine.Input class, but you have switched active Input handling to Input System package in Player Settings.
--- BEGIN IL2CPP STACK TRACE ---
System.InvalidOperationException: You are trying to read Input using the UnityEngine.Input class, but you have switched active Input handling to Input System package in Player Settings.

--- END IL2CPP STACK TRACE ---

   at Il2CppInterop.Runtime.Il2CppException.RaiseExceptionIfNecessary(IntPtr returnedException) in /home/runner/work/Il2CppInterop/Il2CppInterop/Il2CppInterop.Runtime/Il2CppException.cs:line 36
   at UnityEngine.Input.GetKeyDown(KeyCode key)
   at QteTrainer.QteTrainerUi.Update()
   at Trampoline_VoidThisQteTrainer.QteTrainerUiUpdate(IntPtr , Il2CppMethodInfo* )
[Error  :Il2CppInterop] Exception in IL2CPP-to-Managed trampoline, not passing it to il2cpp: System.NotSupportedException: Method unstripping failed
   at UnityEngine.TextEditor.set_position(Rect value)
   at UnityEngine.GUI.DoTextField(Rect position, Int32 id, GUIContent content, Boolean multiline, Int32 maxLength, GUIStyle style, String secureText, Char maskChar)
   at UnityEngine.GUILayout.DoTextField(String text, Int32 maxLength, Boolean multiline, GUIStyle style, Il2CppReferenceArray`1 options)
   at QteTrainer.QteTrainerUi.OnGUI()
   at Trampoline_VoidThisQteTrainer.QteTrainerUiOnGUI(IntPtr , Il2CppMethodInfo* )
[Error  :Il2CppInterop] Exception in IL2CPP-to-Managed trampoline, not passing it to il2cpp: System.NotSupportedException: Method unstripping failed
   at UnityEngine.TextEditor.set_position(Rect value)
   at UnityEngine.GUI.DoTextField(Rect position, Int32 id, GUIContent content, Boolean multiline, Int32 maxLength, GUIStyle style, String secureText, Char maskChar)
   at UnityEngine.GUILayout.DoTextField(String text, Int32 maxLength, Boolean multiline, GUIStyle style, Il2CppReferenceArray`1 options)
   at QteTrainer.QteTrainerUi.OnGUI()
   at Trampoline_VoidThisQteTrainer.QteTrainerUiOnGUI(IntPtr , Il2CppMethodInfo* )
[Error  :Il2CppInterop] Exception in IL2CPP-to-Managed trampoline, not passing it to il2cpp: Il2CppInterop.Runtime.Il2CppException: System.InvalidOperationException: You are trying to read Input using the UnityEngine.Input class, but you have switched active Input handling to Input System package in Player Settings.
--- BEGIN IL2CPP STACK TRACE ---
System.InvalidOperationException: You are trying to read Input using the UnityEngine.Input class, but you have switched active Input handling to Input System package in Player Settings.

--- END IL2CPP STACK TRACE ---

   at Il2CppInterop.Runtime.Il2CppException.RaiseExceptionIfNecessary(IntPtr returnedException) in /home/runner/work/Il2CppInterop/Il2CppInterop/Il2CppInterop.Runtime/Il2CppException.cs:line 36
   at UnityEngine.Input.GetKeyDown(KeyCode key)
   at QteTrainer.QteTrainerUi.Update()
   at Trampoline_VoidThisQteTrainer.QteTrainerUiUpdate(IntPtr , Il2CppMethodInfo* )
[Error  :Il2CppInterop] Exception in IL2CPP-to-Managed trampoline, not passing it to il2cpp: System.NotSupportedException: Method unstripping failed
   at UnityEngine.TextEditor.set_position(Rect value)
   at UnityEngine.GUI.DoTextField(Rect position, Int32 id, GUIContent content, Boolean multiline, Int32 maxLength, GUIStyle style, String secureText, Char maskChar)
   at UnityEngine.GUILayout.DoTextField(String text, Int32 maxLength, Boolean multiline, GUIStyle style, Il2CppReferenceArray`1 options)
   at QteTrainer.QteTrainerUi.OnGUI()
   at Trampoline_VoidThisQteTrainer.QteTrainerUiOnGUI(IntPtr , Il2CppMethodInfo* )
[Error  :Il2CppInterop] Exception in IL2CPP-to-Managed trampoline, not passing it to il2cpp: System.NotSupportedException: Method unstripping failed
   at UnityEngine.TextEditor.set_position(Rect value)
   at UnityEngine.GUI.DoTextField(Rect position, Int32 id, GUIContent content, Boolean multiline, Int32 maxLength, GUIStyle style, String secureText, Char maskChar)
   at UnityEngine.GUILayout.DoTextField(String text, Int32 maxLength, Boolean multiline, GUIStyle style, Il2CppReferenceArray`1 options)
   at QteTrainer.QteTrainerUi.OnGUI()
   at Trampoline_VoidThisQteTrainer.QteTrainerUiOnGUI(IntPtr , Il2CppMethodInfo* )
[Error  :Il2CppInterop] Exception in IL2CPP-to-Managed trampoline, not passing it to il2cpp: Il2CppInterop.Runtime.Il2CppException: System.InvalidOperationException: You are trying to read Input using the UnityEngine.Input class, but you have switched active Input handling to Input System package in Player Settings.
--- BEGIN IL2CPP STACK TRACE ---
System.InvalidOperationException: You are trying to read Input using the UnityEngine.Input class, but you have switched active Input handling to Input System package in Player Settings.

--- END IL2CPP STACK TRACE ---

   at Il2CppInterop.Runtime.Il2CppException.RaiseExceptionIfNecessary(IntPtr returnedException) in /home/runner/work/Il2CppInterop/Il2CppInterop/Il2CppInterop.Runtime/Il2CppException.cs:line 36
   at UnityEngine.Input.GetKeyDown(KeyCode key)
   at QteTrainer.QteTrainerUi.Update()
   at Trampoline_VoidThisQteTrainer.QteTrainerUiUpdate(IntPtr , Il2CppMethodInfo* )
[Error  :Il2CppInterop] Exception in IL2CPP-to-Managed trampoline, not passing it to il2cpp: System.NotSupportedException: Method unstripping failed
   at UnityEngine.TextEditor.set_position(Rect value)
   at UnityEngine.GUI.DoTextField(Rect position, Int32 id, GUIContent content, Boolean multiline, Int32 maxLength, GUIStyle style, String secureText, Char maskChar)
   at UnityEngine.GUILayout.DoTextField(String text, Int32 maxLength, Boolean multiline, GUIStyle style, Il2CppReferenceArray`1 options)
   at QteTrainer.QteTrainerUi.OnGUI()
   at Trampoline_VoidThisQteTrainer.QteTrainerUiOnGUI(IntPtr , Il2CppMethodInfo* )
[Error  :Il2CppInterop] Exception in IL2CPP-to-Managed trampoline, not passing it to il2cpp: System.NotSupportedException: Method unstripping failed
   at UnityEngine.TextEditor.set_position(Rect value)
   at UnityEngine.GUI.DoTextField(Rect position, Int32 id, GUIContent content, Boolean multiline, Int32 maxLength, GUIStyle style, String secureText, Char maskChar)
   at UnityEngine.GUILayout.DoTextField(String text, Int32 maxLength, Boolean multiline, GUIStyle style, Il2CppReferenceArray`1 options)
   at QteTrainer.QteTrainerUi.OnGUI()
   at Trampoline_VoidThisQteTrainer.QteTrainerUiOnGUI(IntPtr , Il2CppMethodInfo* )
[Error  :Il2CppInterop] Exception in IL2CPP-to-Managed trampoline, not passing it to il2cpp: Il2CppInterop.Runtime.Il2CppException: System.InvalidOperationException: You are trying to read Input using the UnityEngine.Input class, but you have switched active Input handling to Input System package in Player Settings.
--- BEGIN IL2CPP STACK TRACE ---
System.InvalidOperationException: You are trying to read Input using the UnityEngine.Input class, but you have switched active Input handling to Input System package in Player Settings.

--- END IL2CPP STACK TRACE ---

   at Il2CppInterop.Runtime.Il2CppException.RaiseExceptionIfNecessary(IntPtr returnedException) in /home/runner/work/Il2CppInterop/Il2CppInterop/Il2CppInterop.Runtime/Il2CppException.cs:line 36
   at UnityEngine.Input.GetKeyDown(KeyCode key)
   at QteTrainer.QteTrainerUi.Update()
   at Trampoline_VoidThisQteTrainer.QteTrainerUiUpdate(IntPtr , Il2CppMethodInfo* )
[Error  :Il2CppInterop] Exception in IL2CPP-to-Managed trampoline, not passing it to il2cpp: System.NotSupportedException: Method unstripping failed
   at UnityEngine.TextEditor.set_position(Rect value)
   at UnityEngine.GUI.DoTextField(Rect position, Int32 id, GUIContent content, Boolean multiline, Int32 maxLength, GUIStyle style, String secureText, Char maskChar)
   at UnityEngine.GUILayout.DoTextField(String text, Int32 maxLength, Boolean multiline, GUIStyle style, Il2CppReferenceArray`1 options)
   at QteTrainer.QteTrainerUi.OnGUI()
   at Trampoline_VoidThisQteTrainer.QteTrainerUiOnGUI(IntPtr , Il2CppMethodInfo* )
[Error  :Il2CppInterop] Exception in IL2CPP-to-Managed trampoline, not passing it to il2cpp: System.NotSupportedException: Method unstripping failed
   at UnityEngine.TextEditor.set_position(Rect value)
   at UnityEngine.GUI.DoTextField(Rect position, Int32 id, GUIContent content, Boolean multiline, Int32 maxLength, GUIStyle style, String secureText, Char maskChar)
   at UnityEngine.GUILayout.DoTextField(String text, Int32 maxLength, Boolean multiline, GUIStyle style, Il2CppReferenceArray`1 options)
   at QteTrainer.QteTrainerUi.OnGUI()
   at Trampoline_VoidThisQteTrainer.QteTrainerUiOnGUI(IntPtr , Il2CppMethodInfo* )
[Error  :Il2CppInterop] Exception in IL2CPP-to-Managed trampoline, not passing it to il2cpp: Il2CppInterop.Runtime.Il2CppException: System.InvalidOperationException: You are trying to read Input using the UnityEngine.Input class, but you have switched active Input handling to Input System package in Player Settings.
--- BEGIN IL2CPP STACK TRACE ---
System.InvalidOperationException: You are trying to read Input using the UnityEngine.Input class, but you have switched active Input handling to Input System package in Player Settings.

--- END IL2CPP STACK TRACE ---

   at Il2CppInterop.Runtime.Il2CppException.RaiseExceptionIfNecessary(IntPtr returnedException) in /home/runner/work/Il2CppInterop/Il2CppInterop/Il2CppInterop.Runtime/Il2CppException.cs:line 36
   at UnityEngine.Input.GetKeyDown(KeyCode key)
   at QteTrainer.QteTrainerUi.Update()
   at Trampoline_VoidThisQteTrainer.QteTrainerUiUpdate(IntPtr , Il2CppMethodInfo* )
[Error  :Il2CppInterop] Exception in IL2CPP-to-Managed trampoline, not passing it to il2cpp: System.NotSupportedException: Method unstripping failed
   at UnityEngine.TextEditor.set_position(Rect value)
   at UnityEngine.GUI.DoTextField(Rect position, Int32 id, GUIContent content, Boolean multiline, Int32 maxLength, GUIStyle style, String secureText, Char maskChar)
   at UnityEngine.GUILayout.DoTextField(String text, Int32 maxLength, Boolean multiline, GUIStyle style, Il2CppReferenceArray`1 options)
   at QteTrainer.QteTrainerUi.OnGUI()
   at Trampoline_VoidThisQteTrainer.QteTrainerUiOnGUI(IntPtr , Il2CppMethodInfo* )
[Error  :Il2CppInterop] Exception in IL2CPP-to-Managed trampoline, not passing it to il2cpp: System.NotSupportedException: Method unstripping failed
   at UnityEngine.TextEditor.set_position(Rect value)
   at UnityEngine.GUI.DoTextField(Rect position, Int32 id, GUIContent content, Boolean multiline, Int32 maxLength, GUIStyle style, String secureText, Char maskChar)
   at UnityEngine.GUILayout.DoTextField(String text, Int32 maxLength, Boolean multiline, GUIStyle style, Il2CppReferenceArray`1 options)
   at QteTrainer.QteTrainerUi.OnGUI()
   at Trampoline_VoidThisQteTrainer.QteTrainerUiOnGUI(IntPtr , Il2CppMethodInfo* )
[Error  :Il2CppInterop] Exception in IL2CPP-to-Managed trampoline, not passing it to il2cpp: Il2CppInterop.Runtime.Il2CppException: System.InvalidOperationException: You are trying to read Input using the UnityEngine.Input class, but you have switched active Input handling to Input System package in Player Settings.
--- BEGIN IL2CPP STACK TRACE ---
System.InvalidOperationException: You are trying to read Input using the UnityEngine.Input class, but you have switched active Input handling to Input System package in Player Settings.

--- END IL2CPP STACK TRACE ---

   at Il2CppInterop.Runtime.Il2CppException.RaiseExceptionIfNecessary(IntPtr returnedException) in /home/runner/work/Il2CppInterop/Il2CppInterop/Il2CppInterop.Runtime/Il2CppException.cs:line 36
   at UnityEngine.Input.GetKeyDown(KeyCode key)
   at QteTrainer.QteTrainerUi.Update()
   at Trampoline_VoidThisQteTrainer.QteTrainerUiUpdate(IntPtr , Il2CppMethodInfo* )
[Error  :Il2CppInterop] Exception in IL2CPP-to-Managed trampoline, not passing it to il2cpp: System.NotSupportedException: Method unstripping failed
   at UnityEngine.TextEditor.set_position(Rect value)
   at UnityEngine.GUI.DoTextField(Rect position, Int32 id, GUIContent content, Boolean multiline, Int32 maxLength, GUIStyle style, String secureText, Char maskChar)
   at UnityEngine.GUILayout.DoTextField(String text, Int32 maxLength, Boolean multiline, GUIStyle style, Il2CppReferenceArray`1 options)
   at QteTrainer.QteTrainerUi.OnGUI()
   at Trampoline_VoidThisQteTrainer.QteTrainerUiOnGUI(IntPtr , Il2CppMethodInfo* )
[Error  :Il2CppInterop] Exception in IL2CPP-to-Managed trampoline, not passing it to il2cpp: System.NotSupportedException: Method unstripping failed
   at UnityEngine.TextEditor.set_position(Rect value)
   at UnityEngine.GUI.DoTextField(Rect position, Int32 id, GUIContent content, Boolean multiline, Int32 maxLength, GUIStyle style, String secureText, Char maskChar)
   at UnityEngine.GUILayout.DoTextField(String text, Int32 maxLength, Boolean multiline, GUIStyle style, Il2CppReferenceArray`1 options)
   at QteTrainer.QteTrainerUi.OnGUI()
   at Trampoline_VoidThisQteTrainer.QteTrainerUiOnGUI(IntPtr , Il2CppMethodInfo* )
[Error  :Il2CppInterop] Exception in IL2CPP-to-Managed trampoline, not passing it to il2cpp: Il2CppInterop.Runtime.Il2CppException: System.InvalidOperationException: You are trying to read Input using the UnityEngine.Input class, but you have switched active Input handling to Input System package in Player Settings.
--- BEGIN IL2CPP STACK TRACE ---
System.InvalidOperationException: You are trying to read Input using the UnityEngine.Input class, but you have switched active Input handling to Input System package in Player Settings.

--- END IL2CPP STACK TRACE ---

   at Il2CppInterop.Runtime.Il2CppException.RaiseExceptionIfNecessary(IntPtr returnedException) in /home/runner/work/Il2CppInterop/Il2CppInterop/Il2CppInterop.Runtime/Il2CppException.cs:line 36
   at UnityEngine.Input.GetKeyDown(KeyCode key)
   at QteTrainer.QteTrainerUi.Update()
   at Trampoline_VoidThisQteTrainer.QteTrainerUiUpdate(IntPtr , Il2CppMethodInfo* )
[Error  :Il2CppInterop] Exception in IL2CPP-to-Managed trampoline, not passing it to il2cpp: System.NotSupportedException: Method unstripping failed
   at UnityEngine.TextEditor.set_position(Rect value)
   at UnityEngine.GUI.DoTextField(Rect position, Int32 id, GUIContent content, Boolean multiline, Int32 maxLength, GUIStyle style, String secureText, Char maskChar)
   at UnityEngine.GUILayout.DoTextField(String text, Int32 maxLength, Boolean multiline, GUIStyle style, Il2CppReferenceArray`1 options)
   at QteTrainer.QteTrainerUi.OnGUI()
   at Trampoline_VoidThisQteTrainer.QteTrainerUiOnGUI(IntPtr , Il2CppMethodInfo* )
[Error  :Il2CppInterop] Exception in IL2CPP-to-Managed trampoline, not passing it to il2cpp: System.NotSupportedException: Method unstripping failed
   at UnityEngine.TextEditor.set_position(Rect value)
   at UnityEngine.GUI.DoTextField(Rect position, Int32 id, GUIContent content, Boolean multiline, Int32 maxLength, GUIStyle style, String secureText, Char maskChar)
   at UnityEngine.GUILayout.DoTextField(String text, Int32 maxLength, Boolean multiline, GUIStyle style, Il2CppReferenceArray`1 options)
   at QteTrainer.QteTrainerUi.OnGUI()
   at Trampoline_VoidThisQteTrainer.QteTrainerUiOnGUI(IntPtr , Il2CppMethodInfo* )
[Error  :Il2CppInterop] Exception in IL2CPP-to-Managed trampoline, not passing it to il2cpp: Il2CppInterop.Runtime.Il2CppException: System.InvalidOperationException: You are trying to read Input using the UnityEngine.Input class, but you have switched active Input handling to Input System package in Player Settings.
--- BEGIN IL2CPP STACK TRACE ---
System.InvalidOperationException: You are trying to read Input using the UnityEngine.Input class, but you have switched active Input handling to Input System package in Player Settings.

--- END IL2CPP STACK TRACE ---

   at Il2CppInterop.Runtime.Il2CppException.RaiseExceptionIfNecessary(IntPtr returnedException) in /home/runner/work/Il2CppInterop/Il2CppInterop/Il2CppInterop.Runtime/Il2CppException.cs:line 36
   at UnityEngine.Input.GetKeyDown(KeyCode key)
   at QteTrainer.QteTrainerUi.Update()
   at Trampoline_VoidThisQteTrainer.QteTrainerUiUpdate(IntPtr , Il2CppMethodInfo* )
[Error  :Il2CppInterop] Exception in IL2CPP-to-Managed trampoline, not passing it to il2cpp: System.NotSupportedException: Method unstripping failed
   at UnityEngine.TextEditor.set_position(Rect value)
   at UnityEngine.GUI.DoTextField(Rect position, Int32 id, GUIContent content, Boolean multiline, Int32 maxLength, GUIStyle style, String secureText, Char maskChar)
   at UnityEngine.GUILayout.DoTextField(String text, Int32 maxLength, Boolean multiline, GUIStyle style, Il2CppReferenceArray`1 options)
   at QteTrainer.QteTrainerUi.OnGUI()
   at Trampoline_VoidThisQteTrainer.QteTrainerUiOnGUI(IntPtr , Il2CppMethodInfo* )
[Error  :Il2CppInterop] Exception in IL2CPP-to-Managed trampoline, not passing it to il2cpp: System.NotSupportedException: Method unstripping failed
   at UnityEngine.TextEditor.set_position(Rect value)
   at UnityEngine.GUI.DoTextField(Rect position, Int32 id, GUIContent content, Boolean multiline, Int32 maxLength, GUIStyle style, String secureText, Char maskChar)
   at UnityEngine.GUILayout.DoTextField(String text, Int32 maxLength, Boolean multiline, GUIStyle style, Il2CppReferenceArray`1 options)
   at QteTrainer.QteTrainerUi.OnGUI()
   at Trampoline_VoidThisQteTrainer.QteTrainerUiOnGUI(IntPtr , Il2CppMethodInfo* )
[Error  :Il2CppInterop] Exception in IL2CPP-to-Managed trampoline, not passing it to il2cpp: Il2CppInterop.Runtime.Il2CppException: System.InvalidOperationException: You are trying to read Input using the UnityEngine.Input class, but you have switched active Input handling to Input System package in Player Settings.
--- BEGIN IL2CPP STACK TRACE ---
System.InvalidOperationException: You are trying to read Input using the UnityEngine.Input class, but you have switched active Input handling to Input System package in Player Settings.

--- END IL2CPP STACK TRACE ---

   at Il2CppInterop.Runtime.Il2CppException.RaiseExceptionIfNecessary(IntPtr returnedException) in /home/runner/work/Il2CppInterop/Il2CppInterop/Il2CppInterop.Runtime/Il2CppException.cs:line 36
   at UnityEngine.Input.GetKeyDown(KeyCode key)
   at QteTrainer.QteTrainerUi.Update()
   at Trampoline_VoidThisQteTrainer.QteTrainerUiUpdate(IntPtr , Il2CppMethodInfo* )
[Error  :Il2CppInterop] Exception in IL2CPP-to-Managed trampoline, not passing it to il2cpp: System.NotSupportedException: Method unstripping failed
   at UnityEngine.TextEditor.set_position(Rect value)
   at UnityEngine.GUI.DoTextField(Rect position, Int32 id, GUIContent content, Boolean multiline, Int32 maxLength, GUIStyle style, String secureText, Char maskChar)
   at UnityEngine.GUILayout.DoTextField(String text, Int32 maxLength, Boolean multiline, GUIStyle style, Il2CppReferenceArray`1 options)
   at QteTrainer.QteTrainerUi.OnGUI()
   at Trampoline_VoidThisQteTrainer.QteTrainerUiOnGUI(IntPtr , Il2CppMethodInfo* )
[Error  :Il2CppInterop] Exception in IL2CPP-to-Managed trampoline, not passing it to il2cpp: System.NotSupportedException: Method unstripping failed
   at UnityEngine.TextEditor.set_position(Rect value)
   at UnityEngine.GUI.DoTextField(Rect position, Int32 id, GUIContent content, Boolean multiline, Int32 maxLength, GUIStyle style, String secureText, Char maskChar)
   at UnityEngine.GUILayout.DoTextField(String text, Int32 maxLength, Boolean multiline, GUIStyle style, Il2CppReferenceArray`1 options)
   at QteTrainer.QteTrainerUi.OnGUI()
   at Trampoline_VoidThisQteTrainer.QteTrainerUiOnGUI(IntPtr , Il2CppMethodInfo* )
[Error  :Il2CppInterop] Exception in IL2CPP-to-Managed trampoline, not passing it to il2cpp: Il2CppInterop.Runtime.Il2CppException: System.InvalidOperationException: You are trying to read Input using the UnityEngine.Input class, but you have switched active Input handling to Input System package in Player Settings.
--- BEGIN IL2CPP STACK TRACE ---
System.InvalidOperationException: You are trying to read Input using the UnityEngine.Input class, but you have switched active Input handling to Input System package in Player Settings.

--- END IL2CPP STACK TRACE ---

   at Il2CppInterop.Runtime.Il2CppException.RaiseExceptionIfNecessary(IntPtr returnedException) in /home/runner/work/Il2CppInterop/Il2CppInterop/Il2CppInterop.Runtime/Il2CppException.cs:line 36
   at UnityEngine.Input.GetKeyDown(KeyCode key)
   at QteTrainer.QteTrainerUi.Update()
   at Trampoline_VoidThisQteTrainer.QteTrainerUiUpdate(IntPtr , Il2CppMethodInfo* )
[Error  :Il2CppInterop] Exception in IL2CPP-to-Managed trampoline, not passing it to il2cpp: System.NotSupportedException: Method unstripping failed
   at UnityEngine.TextEditor.set_position(Rect value)
   at UnityEngine.GUI.DoTextField(Rect position, Int32 id, GUIContent content, Boolean multiline, Int32 maxLength, GUIStyle style, String secureText, Char maskChar)
   at UnityEngine.GUILayout.DoTextField(String text, Int32 maxLength, Boolean multiline, GUIStyle style, Il2CppReferenceArray`1 options)
   at QteTrainer.QteTrainerUi.OnGUI()
   at Trampoline_VoidThisQteTrainer.QteTrainerUiOnGUI(IntPtr , Il2CppMethodInfo* )
[Error  :Il2CppInterop] Exception in IL2CPP-to-Managed trampoline, not passing it to il2cpp: System.NotSupportedException: Method unstripping failed
   at UnityEngine.TextEditor.set_position(Rect value)
   at UnityEngine.GUI.DoTextField(Rect position, Int32 id, GUIContent content, Boolean multiline, Int32 maxLength, GUIStyle style, String secureText, Char maskChar)
   at UnityEngine.GUILayout.DoTextField(String text, Int32 maxLength, Boolean multiline, GUIStyle style, Il2CppReferenceArray`1 options)
   at QteTrainer.QteTrainerUi.OnGUI()
   at Trampoline_VoidThisQteTrainer.QteTrainerUiOnGUI(IntPtr , Il2CppMethodInfo* )
[Error  :Il2CppInterop] Exception in IL2CPP-to-Managed trampoline, not passing it to il2cpp: Il2CppInterop.Runtime.Il2CppException: System.InvalidOperationException: You are trying to read Input using the UnityEngine.Input class, but you have switched active Input handling to Input System package in Player Settings.
--- BEGIN IL2CPP STACK TRACE ---
System.InvalidOperationException: You are trying to read Input using the UnityEngine.Input class, but you have switched active Input handling to Input System package in Player Settings.

--- END IL2CPP STACK TRACE ---

   at Il2CppInterop.Runtime.Il2CppException.RaiseExceptionIfNecessary(IntPtr returnedException) in /home/runner/work/Il2CppInterop/Il2CppInterop/Il2CppInterop.Runtime/Il2CppException.cs:line 36
   at UnityEngine.Input.GetKeyDown(KeyCode key)
   at QteTrainer.QteTrainerUi.Update()
   at Trampoline_VoidThisQteTrainer.QteTrainerUiUpdate(IntPtr , Il2CppMethodInfo* )
[Error  :Il2CppInterop] Exception in IL2CPP-to-Managed trampoline, not passing it to il2cpp: System.NotSupportedException: Method unstripping failed
   at UnityEngine.TextEditor.set_position(Rect value)
   at UnityEngine.GUI.DoTextField(Rect position, Int32 id, GUIContent content, Boolean multiline, Int32 maxLength, GUIStyle style, String secureText, Char maskChar)
   at UnityEngine.GUILayout.DoTextField(String text, Int32 maxLength, Boolean multiline, GUIStyle style, Il2CppReferenceArray`1 options)
   at QteTrainer.QteTrainerUi.OnGUI()
   at Trampoline_VoidThisQteTrainer.QteTrainerUiOnGUI(IntPtr , Il2CppMethodInfo* )
[Error  :Il2CppInterop] Exception in IL2CPP-to-Managed trampoline, not passing it to il2cpp: System.NotSupportedException: Method unstripping failed
   at UnityEngine.TextEditor.set_position(Rect value)
   at UnityEngine.GUI.DoTextField(Rect position, Int32 id, GUIContent content, Boolean multiline, Int32 maxLength, GUIStyle style, String secureText, Char maskChar)
   at UnityEngine.GUILayout.DoTextField(String text, Int32 maxLength, Boolean multiline, GUIStyle style, Il2CppReferenceArray`1 options)
   at QteTrainer.QteTrainerUi.OnGUI()
   at Trampoline_VoidThisQteTrainer.QteTrainerUiOnGUI(IntPtr , Il2CppMethodInfo* )
[Error  :Il2CppInterop] Exception in IL2CPP-to-Managed trampoline, not passing it to il2cpp: Il2CppInterop.Runtime.Il2CppException: System.InvalidOperationException: You are trying to read Input using the UnityEngine.Input class, but you have switched active Input handling to Input System package in Player Settings.
--- BEGIN IL2CPP STACK TRACE ---
System.InvalidOperationException: You are trying to read Input using the UnityEngine.Input class, but you have switched active Input handling to Input System package in Player Settings.

--- END IL2CPP STACK TRACE ---

   at Il2CppInterop.Runtime.Il2CppException.RaiseExceptionIfNecessary(IntPtr returnedException) in /home/runner/work/Il2CppInterop/Il2CppInterop/Il2CppInterop.Runtime/Il2CppException.cs:line 36
   at UnityEngine.Input.GetKeyDown(KeyCode key)
   at QteTrainer.QteTrainerUi.Update()
   at Trampoline_VoidThisQteTrainer.QteTrainerUiUpdate(IntPtr , Il2CppMethodInfo* )
[Error  :Il2CppInterop] Exception in IL2CPP-to-Managed trampoline, not passing it to il2cpp: System.NotSupportedException: Method unstripping failed
   at UnityEngine.TextEditor.set_position(Rect value)
   at UnityEngine.GUI.DoTextField(Rect position, Int32 id, GUIContent content, Boolean multiline, Int32 maxLength, GUIStyle style, String secureText, Char maskChar)
   at UnityEngine.GUILayout.DoTextField(String text, Int32 maxLength, Boolean multiline, GUIStyle style, Il2CppReferenceArray`1 options)
   at QteTrainer.QteTrainerUi.OnGUI()
   at Trampoline_VoidThisQteTrainer.QteTrainerUiOnGUI(IntPtr , Il2CppMethodInfo* )
[Error  :Il2CppInterop] Exception in IL2CPP-to-Managed trampoline, not passing it to il2cpp: System.NotSupportedException: Method unstripping failed
   at UnityEngine.TextEditor.set_position(Rect value)
   at UnityEngine.GUI.DoTextField(Rect position, Int32 id, GUIContent content, Boolean multiline, Int32 maxLength, GUIStyle style, String secureText, Char maskChar)
   at UnityEngine.GUILayout.DoTextField(String text, Int32 maxLength, Boolean multiline, GUIStyle style, Il2CppReferenceArray`1 options)
   at QteTrainer.QteTrainerUi.OnGUI()
   at Trampoline_VoidThisQteTrainer.QteTrainerUiOnGUI(IntPtr , Il2CppMethodInfo* )
[Error  :Il2CppInterop] Exception in IL2CPP-to-Managed trampoline, not passing it to il2cpp: Il2CppInterop.Runtime.Il2CppException: System.InvalidOperationException: You are trying to read Input using the UnityEngine.Input class, but you have switched active Input handling to Input System package in Player Settings.
--- BEGIN IL2CPP STACK TRACE ---
System.InvalidOperationException: You are trying to read Input using the UnityEngine.Input class, but you have switched active Input handling to Input System package in Player Settings.

--- END IL2CPP STACK TRACE ---

   at Il2CppInterop.Runtime.Il2CppException.RaiseExceptionIfNecessary(IntPtr returnedException) in /home/runner/work/Il2CppInterop/Il2CppInterop/Il2CppInterop.Runtime/Il2CppException.cs:line 36
   at UnityEngine.Input.GetKeyDown(KeyCode key)
   at QteTrainer.QteTrainerUi.Update()
   at Trampoline_VoidThisQteTrainer.QteTrainerUiUpdate(IntPtr , Il2CppMethodInfo* )
[Debug  :Il2CppInterop] Original class was inflated, falling back to reflection
[Error  :Il2CppInterop] Exception in IL2CPP-to-Managed trampoline, not passing it to il2cpp: System.NotSupportedException: Method unstripping failed
   at UnityEngine.TextEditor.set_position(Rect value)
   at UnityEngine.GUI.DoTextField(Rect position, Int32 id, GUIContent content, Boolean multiline, Int32 maxLength, GUIStyle style, String secureText, Char maskChar)
   at UnityEngine.GUILayout.DoTextField(String text, Int32 maxLength, Boolean multiline, GUIStyle style, Il2CppReferenceArray`1 options)
   at QteTrainer.QteTrainerUi.OnGUI()
   at Trampoline_VoidThisQteTrainer.QteTrainerUiOnGUI(IntPtr , Il2CppMethodInfo* )
[Error  :Il2CppInterop] Exception in IL2CPP-to-Managed trampoline, not passing it to il2cpp: System.NotSupportedException: Method unstripping failed
   at UnityEngine.TextEditor.set_position(Rect value)
   at UnityEngine.GUI.DoTextField(Rect position, Int32 id, GUIContent content, Boolean multiline, Int32 maxLength, GUIStyle style, String secureText, Char maskChar)
   at UnityEngine.GUILayout.DoTextField(String text, Int32 maxLength, Boolean multiline, GUIStyle style, Il2CppReferenceArray`1 options)
   at QteTrainer.QteTrainerUi.OnGUI()
   at Trampoline_VoidThisQteTrainer.QteTrainerUiOnGUI(IntPtr , Il2CppMethodInfo* )
[Error  :Il2CppInterop] Exception in IL2CPP-to-Managed trampoline, not passing it to il2cpp: System.NotSupportedException: Method unstripping failed
   at UnityEngine.TextEditor.set_position(Rect value)
   at UnityEngine.GUI.DoTextField(Rect position, Int32 id, GUIContent content, Boolean multiline, Int32 maxLength, GUIStyle style, String secureText, Char maskChar)
   at UnityEngine.GUILayout.DoTextField(String text, Int32 maxLength, Boolean multiline, GUIStyle style, Il2CppReferenceArray`1 options)
   at QteTrainer.QteTrainerUi.OnGUI()
   at Trampoline_VoidThisQteTrainer.QteTrainerUiOnGUI(IntPtr , Il2CppMethodInfo* )
[Error  :Il2CppInterop] Exception in IL2CPP-to-Managed trampoline, not passing it to il2cpp: System.NotSupportedException: Method unstripping failed
   at UnityEngine.TextEditor.set_position(Rect value)
   at UnityEngine.GUI.DoTextField(Rect position, Int32 id, GUIContent content, Boolean multiline, Int32 maxLength, GUIStyle style, String secureText, Char maskChar)
   at UnityEngine.GUILayout.DoTextField(String text, Int32 maxLength, Boolean multiline, GUIStyle style, Il2CppReferenceArray`1 options)
   at QteTrainer.QteTrainerUi.OnGUI()
   at Trampoline_VoidThisQteTrainer.QteTrainerUiOnGUI(IntPtr , Il2CppMethodInfo* )
[Error  :Il2CppInterop] Exception in IL2CPP-to-Managed trampoline, not passing it to il2cpp: System.NotSupportedException: Method unstripping failed
   at UnityEngine.TextEditor.set_position(Rect value)
   at UnityEngine.GUI.DoTextField(Rect position, Int32 id, GUIContent content, Boolean multiline, Int32 maxLength, GUIStyle style, String secureText, Char maskChar)
   at UnityEngine.GUILayout.DoTextField(String text, Int32 maxLength, Boolean multiline, GUIStyle style, Il2CppReferenceArray`1 options)
   at QteTrainer.QteTrainerUi.OnGUI()
   at Trampoline_VoidThisQteTrainer.QteTrainerUiOnGUI(IntPtr , Il2CppMethodInfo* )
[Error  :Il2CppInterop] Exception in IL2CPP-to-Managed trampoline, not passing it to il2cpp: System.NotSupportedException: Method unstripping failed
   at UnityEngine.TextEditor.set_position(Rect value)
   at UnityEngine.GUI.DoTextField(Rect position, Int32 id, GUIContent content, Boolean multiline, Int32 maxLength, GUIStyle style, String secureText, Char maskChar)
   at UnityEngine.GUILayout.DoTextField(String text, Int32 maxLength, Boolean multiline, GUIStyle style, Il2CppReferenceArray`1 options)
   at QteTrainer.QteTrainerUi.OnGUI()
   at Trampoline_VoidThisQteTrainer.QteTrainerUiOnGUI(IntPtr , Il2CppMethodInfo* )
[Error  :Il2CppInterop] Exception in IL2CPP-to-Managed trampoline, not passing it to il2cpp: System.NotSupportedException: Method unstripping failed
   at UnityEngine.TextEditor.set_position(Rect value)
   at UnityEngine.GUI.DoTextField(Rect position, Int32 id, GUIContent content, Boolean multiline, Int32 maxLength, GUIStyle style, String secureText, Char maskChar)
   at UnityEngine.GUILayout.DoTextField(String text, Int32 maxLength, Boolean multiline, GUIStyle style, Il2CppReferenceArray`1 options)
   at QteTrainer.QteTrainerUi.OnGUI()
   at Trampoline_VoidThisQteTrainer.QteTrainerUiOnGUI(IntPtr , Il2CppMethodInfo* )
[Error  :Il2CppInterop] Exception in IL2CPP-to-Managed trampoline, not passing it to il2cpp: System.NotSupportedException: Method unstripping failed
   at UnityEngine.TextEditor.set_position(Rect value)
   at UnityEngine.GUI.DoTextField(Rect position, Int32 id, GUIContent content, Boolean multiline, Int32 maxLength, GUIStyle style, String secureText, Char maskChar)
   at UnityEngine.GUILayout.DoTextField(String text, Int32 maxLength, Boolean multiline, GUIStyle style, Il2CppReferenceArray`1 options)
   at QteTrainer.QteTrainerUi.OnGUI()
   at Trampoline_VoidThisQteTrainer.QteTrainerUiOnGUI(IntPtr , Il2CppMethodInfo* )
[Error  :Il2CppInterop] Exception in IL2CPP-to-Managed trampoline, not passing it to il2cpp: Il2CppInterop.Runtime.Il2CppException: System.InvalidOperationException: You are trying to read Input using the UnityEngine.Input class, but you have switched active Input handling to Input System package in Player Settings.
--- BEGIN IL2CPP STACK TRACE ---
System.InvalidOperationException: You are trying to read Input using the UnityEngine.Input class, but you have switched active Input handling to Input System package in Player Settings.

--- END IL2CPP STACK TRACE ---

   at Il2CppInterop.Runtime.Il2CppException.RaiseExceptionIfNecessary(IntPtr returnedException) in /home/runner/work/Il2CppInterop/Il2CppInterop/Il2CppInterop.Runtime/Il2CppException.cs:line 36
   at UnityEngine.Input.GetKeyDown(KeyCode key)
   at QteTrainer.QteTrainerUi.Update()
   at Trampoline_VoidThisQteTrainer.QteTrainerUiUpdate(IntPtr , Il2CppMethodInfo* )
[Error  :Il2CppInterop] Exception in IL2CPP-to-Managed trampoline, not passing it to il2cpp: System.NotSupportedException: Method unstripping failed
   at UnityEngine.TextEditor.set_position(Rect value)
   at UnityEngine.GUI.DoTextField(Rect position, Int32 id, GUIContent content, Boolean multiline, Int32 maxLength, GUIStyle style, String secureText, Char maskChar)
   at UnityEngine.GUILayout.DoTextField(String text, Int32 maxLength, Boolean multiline, GUIStyle style, Il2CppReferenceArray`1 options)
   at QteTrainer.QteTrainerUi.OnGUI()
   at Trampoline_VoidThisQteTrainer.QteTrainerUiOnGUI(IntPtr , Il2CppMethodInfo* )
[Error  :Il2CppInterop] Exception in IL2CPP-to-Managed trampoline, not passing it to il2cpp: System.NotSupportedException: Method unstripping failed
   at UnityEngine.TextEditor.set_position(Rect value)
   at UnityEngine.GUI.DoTextField(Rect position, Int32 id, GUIContent content, Boolean multiline, Int32 maxLength, GUIStyle style, String secureText, Char maskChar)
   at UnityEngine.GUILayout.DoTextField(String text, Int32 maxLength, Boolean multiline, GUIStyle style, Il2CppReferenceArray`1 options)
   at QteTrainer.QteTrainerUi.OnGUI()
   at Trampoline_VoidThisQteTrainer.QteTrainerUiOnGUI(IntPtr , Il2CppMethodInfo* )
[Error  :Il2CppInterop] Exception in IL2CPP-to-Managed trampoline, not passing it to il2cpp: System.NotSupportedException: Method unstripping failed
   at UnityEngine.TextEditor.set_position(Rect value)
   at UnityEngine.GUI.DoTextField(Rect position, Int32 id, GUIContent content, Boolean multiline, Int32 maxLength, GUIStyle style, String secureText, Char maskChar)
   at UnityEngine.GUILayout.DoTextField(String text, Int32 maxLength, Boolean multiline, GUIStyle style, Il2CppReferenceArray`1 options)
   at QteTrainer.QteTrainerUi.OnGUI()
   at Trampoline_VoidThisQteTrainer.QteTrainerUiOnGUI(IntPtr , Il2CppMethodInfo* )
[Error  :Il2CppInterop] Exception in IL2CPP-to-Managed trampoline, not passing it to il2cpp: System.NotSupportedException: Method unstripping failed
   at UnityEngine.TextEditor.set_position(Rect value)
   at UnityEngine.GUI.DoTextField(Rect position, Int32 id, GUIContent content, Boolean multiline, Int32 maxLength, GUIStyle style, String secureText, Char maskChar)
   at UnityEngine.GUILayout.DoTextField(String text, Int32 maxLength, Boolean multiline, GUIStyle style, Il2CppReferenceArray`1 options)
   at QteTrainer.QteTrainerUi.OnGUI()
   at Trampoline_VoidThisQteTrainer.QteTrainerUiOnGUI(IntPtr , Il2CppMethodInfo* )
[Error  :Il2CppInterop] Exception in IL2CPP-to-Managed trampoline, not passing it to il2cpp: System.NotSupportedException: Method unstripping failed
   at UnityEngine.TextEditor.set_position(Rect value)
   at UnityEngine.GUI.DoTextField(Rect position, Int32 id, GUIContent content, Boolean multiline, Int32 maxLength, GUIStyle style, String secureText, Char maskChar)
   at UnityEngine.GUILayout.DoTextField(String text, Int32 maxLength, Boolean multiline, GUIStyle style, Il2CppReferenceArray`1 options)
   at QteTrainer.QteTrainerUi.OnGUI()
   at Trampoline_VoidThisQteTrainer.QteTrainerUiOnGUI(IntPtr , Il2CppMethodInfo* )
[Error  :Il2CppInterop] Exception in IL2CPP-to-Managed trampoline, not passing it to il2cpp: System.NotSupportedException: Method unstripping failed
   at UnityEngine.TextEditor.set_position(Rect value)
   at UnityEngine.GUI.DoTextField(Rect position, Int32 id, GUIContent content, Boolean multiline, Int32 maxLength, GUIStyle style, String secureText, Char maskChar)
   at UnityEngine.GUILayout.DoTextField(String text, Int32 maxLength, Boolean multiline, GUIStyle style, Il2CppReferenceArray`1 options)
   at QteTrainer.QteTrainerUi.OnGUI()
   at Trampoline_VoidThisQteTrainer.QteTrainerUiOnGUI(IntPtr , Il2CppMethodInfo* )
[Error  :Il2CppInterop] Exception in IL2CPP-to-Managed trampoline, not passing it to il2cpp: Il2CppInterop.Runtime.Il2CppException: System.InvalidOperationException: You are trying to read Input using the UnityEngine.Input class, but you have switched active Input handling to Input System package in Player Settings.
--- BEGIN IL2CPP STACK TRACE ---
System.InvalidOperationException: You are trying to read Input using the UnityEngine.Input class, but you have switched active Input handling to Input System package in Player Settings.

--- END IL2CPP STACK TRACE ---

   at Il2CppInterop.Runtime.Il2CppException.RaiseExceptionIfNecessary(IntPtr returnedException) in /home/runner/work/Il2CppInterop/Il2CppInterop/Il2CppInterop.Runtime/Il2CppException.cs:line 36
   at UnityEngine.Input.GetKeyDown(KeyCode key)
   at QteTrainer.QteTrainerUi.Update()
   at Trampoline_VoidThisQteTrainer.QteTrainerUiUpdate(IntPtr , Il2CppMethodInfo* )
[Error  :Il2CppInterop] Exception in IL2CPP-to-Managed trampoline, not passing it to il2cpp: System.NotSupportedException: Method unstripping failed
   at UnityEngine.TextEditor.set_position(Rect value)
   at UnityEngine.GUI.DoTextField(Rect position, Int32 id, GUIContent content, Boolean multiline, Int32 maxLength, GUIStyle style, String secureText, Char maskChar)
   at UnityEngine.GUILayout.DoTextField(String text, Int32 maxLength, Boolean multiline, GUIStyle style, Il2CppReferenceArray`1 options)
   at QteTrainer.QteTrainerUi.OnGUI()
   at Trampoline_VoidThisQteTrainer.QteTrainerUiOnGUI(IntPtr , Il2CppMethodInfo* )
[Error  :Il2CppInterop] Exception in IL2CPP-to-Managed trampoline, not passing it to il2cpp: System.NotSupportedException: Method unstripping failed
   at UnityEngine.TextEditor.set_position(Rect value)
   at UnityEngine.GUI.DoTextField(Rect position, Int32 id, GUIContent content, Boolean multiline, Int32 maxLength, GUIStyle style, String secureText, Char maskChar)
   at UnityEngine.GUILayout.DoTextField(String text, Int32 maxLength, Boolean multiline, GUIStyle style, Il2CppReferenceArray`1 options)
   at QteTrainer.QteTrainerUi.OnGUI()
   at Trampoline_VoidThisQteTrainer.QteTrainerUiOnGUI(IntPtr , Il2CppMethodInfo* )
[Error  :Il2CppInterop] Exception in IL2CPP-to-Managed trampoline, not passing it to il2cpp: Il2CppInterop.Runtime.Il2CppException: System.InvalidOperationException: You are trying to read Input using the UnityEngine.Input class, but you have switched active Input handling to Input System package in Player Settings.
--- BEGIN IL2CPP STACK TRACE ---
System.InvalidOperationException: You are trying to read Input using the UnityEngine.Input class, but you have switched active Input handling to Input System package in Player Settings.

--- END IL2CPP STACK TRACE ---

   at Il2CppInterop.Runtime.Il2CppException.RaiseExceptionIfNecessary(IntPtr returnedException) in /home/runner/work/Il2CppInterop/Il2CppInterop/Il2CppInterop.Runtime/Il2CppException.cs:line 36
   at UnityEngine.Input.GetKeyDown(KeyCode key)
   at QteTrainer.QteTrainerUi.Update()
   at Trampoline_VoidThisQteTrainer.QteTrainerUiUpdate(IntPtr , Il2CppMethodInfo* )
[Error  :Il2CppInterop] Exception in IL2CPP-to-Managed trampoline, not passing it to il2cpp: System.NotSupportedException: Method unstripping failed
   at UnityEngine.TextEditor.set_position(Rect value)
   at UnityEngine.GUI.DoTextField(Rect position, Int32 id, GUIContent content, Boolean multiline, Int32 maxLength, GUIStyle style, String secureText, Char maskChar)
   at UnityEngine.GUILayout.DoTextField(String text, Int32 maxLength, Boolean multiline, GUIStyle style, Il2CppReferenceArray`1 options)
   at QteTrainer.QteTrainerUi.OnGUI()
   at Trampoline_VoidThisQteTrainer.QteTrainerUiOnGUI(IntPtr , Il2CppMethodInfo* )
[Error  :Il2CppInterop] Exception in IL2CPP-to-Managed trampoline, not passing it to il2cpp: System.NotSupportedException: Method unstripping failed
   at UnityEngine.TextEditor.set_position(Rect value)
   at UnityEngine.GUI.DoTextField(Rect position, Int32 id, GUIContent content, Boolean multiline, Int32 maxLength, GUIStyle style, String secureText, Char maskChar)
   at UnityEngine.GUILayout.DoTextField(String text, Int32 maxLength, Boolean multiline, GUIStyle style, Il2CppReferenceArray`1 options)
   at QteTrainer.QteTrainerUi.OnGUI()
   at Trampoline_VoidThisQteTrainer.QteTrainerUiOnGUI(IntPtr , Il2CppMethodInfo* )
[Error  :Il2CppInterop] Exception in IL2CPP-to-Managed trampoline, not passing it to il2cpp: Il2CppInterop.Runtime.Il2CppException: System.InvalidOperationException: You are trying to read Input using the UnityEngine.Input class, but you have switched active Input handling to Input System package in Player Settings.
--- BEGIN IL2CPP STACK TRACE ---
System.InvalidOperationException: You are trying to read Input using the UnityEngine.Input class, but you have switched active Input handling to Input System package in Player Settings.

--- END IL2CPP STACK TRACE ---

   at Il2CppInterop.Runtime.Il2CppException.RaiseExceptionIfNecessary(IntPtr returnedException) in /home/runner/work/Il2CppInterop/Il2CppInterop/Il2CppInterop.Runtime/Il2CppException.cs:line 36
   at UnityEngine.Input.GetKeyDown(KeyCode key)
   at QteTrainer.QteTrainerUi.Update()
   at Trampoline_VoidThisQteTrainer.QteTrainerUiUpdate(IntPtr , Il2CppMethodInfo* )
[Error  :Il2CppInterop] Exception in IL2CPP-to-Managed trampoline, not passing it to il2cpp: System.NotSupportedException: Method unstripping failed
   at UnityEngine.TextEditor.set_position(Rect value)
   at UnityEngine.GUI.DoTextField(Rect position, Int32 id, GUIContent content, Boolean multiline, Int32 maxLength, GUIStyle style, String secureText, Char maskChar)
   at UnityEngine.GUILayout.DoTextField(String text, Int32 maxLength, Boolean multiline, GUIStyle style, Il2CppReferenceArray`1 options)
   at QteTrainer.QteTrainerUi.OnGUI()
   at Trampoline_VoidThisQteTrainer.QteTrainerUiOnGUI(IntPtr , Il2CppMethodInfo* )
[Error  :Il2CppInterop] Exception in IL2CPP-to-Managed trampoline, not passing it to il2cpp: System.NotSupportedException: Method unstripping failed
   at UnityEngine.TextEditor.set_position(Rect value)
   at UnityEngine.GUI.DoTextField(Rect position, Int32 id, GUIContent content, Boolean multiline, Int32 maxLength, GUIStyle style, String secureText, Char maskChar)
   at UnityEngine.GUILayout.DoTextField(String text, Int32 maxLength, Boolean multiline, GUIStyle style, Il2CppReferenceArray`1 options)
   at QteTrainer.QteTrainerUi.OnGUI()
   at Trampoline_VoidThisQteTrainer.QteTrainerUiOnGUI(IntPtr , Il2CppMethodInfo* )
[Error  :Il2CppInterop] Exception in IL2CPP-to-Managed trampoline, not passing it to il2cpp: Il2CppInterop.Runtime.Il2CppException: System.InvalidOperationException: You are trying to read Input using the UnityEngine.Input class, but you have switched active Input handling to Input System package in Player Settings.
--- BEGIN IL2CPP STACK TRACE ---
System.InvalidOperationException: You are trying to read Input using the UnityEngine.Input class, but you have switched active Input handling to Input System package in Player Settings.

--- END IL2CPP STACK TRACE ---

   at Il2CppInterop.Runtime.Il2CppException.RaiseExceptionIfNecessary(IntPtr returnedException) in /home/runner/work/Il2CppInterop/Il2CppInterop/Il2CppInterop.Runtime/Il2CppException.cs:line 36
   at UnityEngine.Input.GetKeyDown(KeyCode key)
   at QteTrainer.QteTrainerUi.Update()
   at Trampoline_VoidThisQteTrainer.QteTrainerUiUpdate(IntPtr , Il2CppMethodInfo* )
[Error  :Il2CppInterop] Exception in IL2CPP-to-Managed trampoline, not passing it to il2cpp: System.NotSupportedException: Method unstripping failed
   at UnityEngine.TextEditor.set_position(Rect value)
   at UnityEngine.GUI.DoTextField(Rect position, Int32 id, GUIContent content, Boolean multiline, Int32 maxLength, GUIStyle style, String secureText, Char maskChar)
   at UnityEngine.GUILayout.DoTextField(String text, Int32 maxLength, Boolean multiline, GUIStyle style, Il2CppReferenceArray`1 options)
   at QteTrainer.QteTrainerUi.OnGUI()
   at Trampoline_VoidThisQteTrainer.QteTrainerUiOnGUI(IntPtr , Il2CppMethodInfo* )
[Error  :Il2CppInterop] Exception in IL2CPP-to-Managed trampoline, not passing it to il2cpp: System.NotSupportedException: Method unstripping failed
   at UnityEngine.TextEditor.set_position(Rect value)
   at UnityEngine.GUI.DoTextField(Rect position, Int32 id, GUIContent content, Boolean multiline, Int32 maxLength, GUIStyle style, String secureText, Char maskChar)
   at UnityEngine.GUILayout.DoTextField(String text, Int32 maxLength, Boolean multiline, GUIStyle style, Il2CppReferenceArray`1 options)
   at QteTrainer.QteTrainerUi.OnGUI()
   at Trampoline_VoidThisQteTrainer.QteTrainerUiOnGUI(IntPtr , Il2CppMethodInfo* )
[Error  :Il2CppInterop] Exception in IL2CPP-to-Managed trampoline, not passing it to il2cpp: Il2CppInterop.Runtime.Il2CppException: System.InvalidOperationException: You are trying to read Input using the UnityEngine.Input class, but you have switched active Input handling to Input System package in Player Settings.
--- BEGIN IL2CPP STACK TRACE ---
System.InvalidOperationException: You are trying to read Input using the UnityEngine.Input class, but you have switched active Input handling to Input System package in Player Settings.

--- END IL2CPP STACK TRACE ---

   at Il2CppInterop.Runtime.Il2CppException.RaiseExceptionIfNecessary(IntPtr returnedException) in /home/runner/work/Il2CppInterop/Il2CppInterop/Il2CppInterop.Runtime/Il2CppException.cs:line 36
   at UnityEngine.Input.GetKeyDown(KeyCode key)
   at QteTrainer.QteTrainerUi.Update()
   at Trampoline_VoidThisQteTrainer.QteTrainerUiUpdate(IntPtr , Il2CppMethodInfo* )
[Error  :Il2CppInterop] Exception in IL2CPP-to-Managed trampoline, not passing it to il2cpp: System.NotSupportedException: Method unstripping failed
   at UnityEngine.TextEditor.set_position(Rect value)
   at UnityEngine.GUI.DoTextField(Rect position, Int32 id, GUIContent content, Boolean multiline, Int32 maxLength, GUIStyle style, String secureText, Char maskChar)
   at UnityEngine.GUILayout.DoTextField(String text, Int32 maxLength, Boolean multiline, GUIStyle style, Il2CppReferenceArray`1 options)
   at QteTrainer.QteTrainerUi.OnGUI()
   at Trampoline_VoidThisQteTrainer.QteTrainerUiOnGUI(IntPtr , Il2CppMethodInfo* )
[Error  :Il2CppInterop] Exception in IL2CPP-to-Managed trampoline, not passing it to il2cpp: System.NotSupportedException: Method unstripping failed
   at UnityEngine.TextEditor.set_position(Rect value)
   at UnityEngine.GUI.DoTextField(Rect position, Int32 id, GUIContent content, Boolean multiline, Int32 maxLength, GUIStyle style, String secureText, Char maskChar)
   at UnityEngine.GUILayout.DoTextField(String text, Int32 maxLength, Boolean multiline, GUIStyle style, Il2CppReferenceArray`1 options)
   at QteTrainer.QteTrainerUi.OnGUI()
   at Trampoline_VoidThisQteTrainer.QteTrainerUiOnGUI(IntPtr , Il2CppMethodInfo* )
[Error  :Il2CppInterop] Exception in IL2CPP-to-Managed trampoline, not passing it to il2cpp: Il2CppInterop.Runtime.Il2CppException: System.InvalidOperationException: You are trying to read Input using the UnityEngine.Input class, but you have switched active Input handling to Input System package in Player Settings.
--- BEGIN IL2CPP STACK TRACE ---
System.InvalidOperationException: You are trying to read Input using the UnityEngine.Input class, but you have switched active Input handling to Input System package in Player Settings.

--- END IL2CPP STACK TRACE ---

   at Il2CppInterop.Runtime.Il2CppException.RaiseExceptionIfNecessary(IntPtr returnedException) in /home/runner/work/Il2CppInterop/Il2CppInterop/Il2CppInterop.Runtime/Il2CppException.cs:line 36
   at UnityEngine.Input.GetKeyDown(KeyCode key)
   at QteTrainer.QteTrainerUi.Update()
   at Trampoline_VoidThisQteTrainer.QteTrainerUiUpdate(IntPtr , Il2CppMethodInfo* )
[Error  :Il2CppInterop] Exception in IL2CPP-to-Managed trampoline, not passing it to il2cpp: System.NotSupportedException: Method unstripping failed
   at UnityEngine.TextEditor.set_position(Rect value)
   at UnityEngine.GUI.DoTextField(Rect position, Int32 id, GUIContent content, Boolean multiline, Int32 maxLength, GUIStyle style, String secureText, Char maskChar)
   at UnityEngine.GUILayout.DoTextField(String text, Int32 maxLength, Boolean multiline, GUIStyle style, Il2CppReferenceArray`1 options)
   at QteTrainer.QteTrainerUi.OnGUI()
   at Trampoline_VoidThisQteTrainer.QteTrainerUiOnGUI(IntPtr , Il2CppMethodInfo* )
[Error  :Il2CppInterop] Exception in IL2CPP-to-Managed trampoline, not passing it to il2cpp: System.NotSupportedException: Method unstripping failed
   at UnityEngine.TextEditor.set_position(Rect value)
   at UnityEngine.GUI.DoTextField(Rect position, Int32 id, GUIContent content, Boolean multiline, Int32 maxLength, GUIStyle style, String secureText, Char maskChar)
   at UnityEngine.GUILayout.DoTextField(String text, Int32 maxLength, Boolean multiline, GUIStyle style, Il2CppReferenceArray`1 options)
   at QteTrainer.QteTrainerUi.OnGUI()
   at Trampoline_VoidThisQteTrainer.QteTrainerUiOnGUI(IntPtr , Il2CppMethodInfo* )
[Error  :Il2CppInterop] Exception in IL2CPP-to-Managed trampoline, not passing it to il2cpp: Il2CppInterop.Runtime.Il2CppException: System.InvalidOperationException: You are trying to read Input using the UnityEngine.Input class, but you have switched active Input handling to Input System package in Player Settings.
--- BEGIN IL2CPP STACK TRACE ---
System.InvalidOperationException: You are trying to read Input using the UnityEngine.Input class, but you have switched active Input handling to Input System package in Player Settings.

--- END IL2CPP STACK TRACE ---

   at Il2CppInterop.Runtime.Il2CppException.RaiseExceptionIfNecessary(IntPtr returnedException) in /home/runner/work/Il2CppInterop/Il2CppInterop/Il2CppInterop.Runtime/Il2CppException.cs:line 36
   at UnityEngine.Input.GetKeyDown(KeyCode key)
   at QteTrainer.QteTrainerUi.Update()
   at Trampoline_VoidThisQteTrainer.QteTrainerUiUpdate(IntPtr , Il2CppMethodInfo* )
[Error  :Il2CppInterop] Exception in IL2CPP-to-Managed trampoline, not passing it to il2cpp: System.NotSupportedException: Method unstripping failed
   at UnityEngine.TextEditor.set_position(Rect value)
   at UnityEngine.GUI.DoTextField(Rect position, Int32 id, GUIContent content, Boolean multiline, Int32 maxLength, GUIStyle style, String secureText, Char maskChar)
   at UnityEngine.GUILayout.DoTextField(String text, Int32 maxLength, Boolean multiline, GUIStyle style, Il2CppReferenceArray`1 options)
   at QteTrainer.QteTrainerUi.OnGUI()
   at Trampoline_VoidThisQteTrainer.QteTrainerUiOnGUI(IntPtr , Il2CppMethodInfo* )
[Error  :Il2CppInterop] Exception in IL2CPP-to-Managed trampoline, not passing it to il2cpp: System.NotSupportedException: Method unstripping failed
   at UnityEngine.TextEditor.set_position(Rect value)
   at UnityEngine.GUI.DoTextField(Rect position, Int32 id, GUIContent content, Boolean multiline, Int32 maxLength, GUIStyle style, String secureText, Char maskChar)
   at UnityEngine.GUILayout.DoTextField(String text, Int32 maxLength, Boolean multiline, GUIStyle style, Il2CppReferenceArray`1 options)
   at QteTrainer.QteTrainerUi.OnGUI()
   at Trampoline_VoidThisQteTrainer.QteTrainerUiOnGUI(IntPtr , Il2CppMethodInfo* )
[Error  :Il2CppInterop] Exception in IL2CPP-to-Managed trampoline, not passing it to il2cpp: Il2CppInterop.Runtime.Il2CppException: System.InvalidOperationException: You are trying to read Input using the UnityEngine.Input class, but you have switched active Input handling to Input System package in Player Settings.
--- BEGIN IL2CPP STACK TRACE ---
System.InvalidOperationException: You are trying to read Input using the UnityEngine.Input class, but you have switched active Input handling to Input System package in Player Settings.

--- END IL2CPP STACK TRACE ---

   at Il2CppInterop.Runtime.Il2CppException.RaiseExceptionIfNecessary(IntPtr returnedException) in /home/runner/work/Il2CppInterop/Il2CppInterop/Il2CppInterop.Runtime/Il2CppException.cs:line 36
   at UnityEngine.Input.GetKeyDown(KeyCode key)
   at QteTrainer.QteTrainerUi.Update()
   at Trampoline_VoidThisQteTrainer.QteTrainerUiUpdate(IntPtr , Il2CppMethodInfo* )
[Error  :Il2CppInterop] Exception in IL2CPP-to-Managed trampoline, not passing it to il2cpp: System.NotSupportedException: Method unstripping failed
   at UnityEngine.TextEditor.set_position(Rect value)
   at UnityEngine.GUI.DoTextField(Rect position, Int32 id, GUIContent content, Boolean multiline, Int32 maxLength, GUIStyle style, String secureText, Char maskChar)
   at UnityEngine.GUILayout.DoTextField(String text, Int32 maxLength, Boolean multiline, GUIStyle style, Il2CppReferenceArray`1 options)
   at QteTrainer.QteTrainerUi.OnGUI()
   at Trampoline_VoidThisQteTrainer.QteTrainerUiOnGUI(IntPtr , Il2CppMethodInfo* )
[Error  :Il2CppInterop] Exception in IL2CPP-to-Managed trampoline, not passing it to il2cpp: System.NotSupportedException: Method unstripping failed
   at UnityEngine.TextEditor.set_position(Rect value)
   at UnityEngine.GUI.DoTextField(Rect position, Int32 id, GUIContent content, Boolean multiline, Int32 maxLength, GUIStyle style, String secureText, Char maskChar)
   at UnityEngine.GUILayout.DoTextField(String text, Int32 maxLength, Boolean multiline, GUIStyle style, Il2CppReferenceArray`1 options)
   at QteTrainer.QteTrainerUi.OnGUI()
   at Trampoline_VoidThisQteTrainer.QteTrainerUiOnGUI(IntPtr , Il2CppMethodInfo* )
[Error  :Il2CppInterop] Exception in IL2CPP-to-Managed trampoline, not passing it to il2cpp: Il2CppInterop.Runtime.Il2CppException: System.InvalidOperationException: You are trying to read Input using the UnityEngine.Input class, but you have switched active Input handling to Input System package in Player Settings.
--- BEGIN IL2CPP STACK TRACE ---
System.InvalidOperationException: You are trying to read Input using the UnityEngine.Input class, but you have switched active Input handling to Input System package in Player Settings.

--- END IL2CPP STACK TRACE ---

   at Il2CppInterop.Runtime.Il2CppException.RaiseExceptionIfNecessary(IntPtr returnedException) in /home/runner/work/Il2CppInterop/Il2CppInterop/Il2CppInterop.Runtime/Il2CppException.cs:line 36
   at UnityEngine.Input.GetKeyDown(KeyCode key)
   at QteTrainer.QteTrainerUi.Update()
   at Trampoline_VoidThisQteTrainer.QteTrainerUiUpdate(IntPtr , Il2CppMethodInfo* )
[Error  :Il2CppInterop] Exception in IL2CPP-to-Managed trampoline, not passing it to il2cpp: System.NotSupportedException: Method unstripping failed
   at UnityEngine.TextEditor.set_position(Rect value)
   at UnityEngine.GUI.DoTextField(Rect position, Int32 id, GUIContent content, Boolean multiline, Int32 maxLength, GUIStyle style, String secureText, Char maskChar)
   at UnityEngine.GUILayout.DoTextField(String text, Int32 maxLength, Boolean multiline, GUIStyle style, Il2CppReferenceArray`1 options)
   at QteTrainer.QteTrainerUi.OnGUI()
   at Trampoline_VoidThisQteTrainer.QteTrainerUiOnGUI(IntPtr , Il2CppMethodInfo* )
[Error  :Il2CppInterop] Exception in IL2CPP-to-Managed trampoline, not passing it to il2cpp: System.NotSupportedException: Method unstripping failed
   at UnityEngine.TextEditor.set_position(Rect value)
   at UnityEngine.GUI.DoTextField(Rect position, Int32 id, GUIContent content, Boolean multiline, Int32 maxLength, GUIStyle style, String secureText, Char maskChar)
   at UnityEngine.GUILayout.DoTextField(String text, Int32 maxLength, Boolean multiline, GUIStyle style, Il2CppReferenceArray`1 options)
   at QteTrainer.QteTrainerUi.OnGUI()
   at Trampoline_VoidThisQteTrainer.QteTrainerUiOnGUI(IntPtr , Il2CppMethodInfo* )
[Error  :Il2CppInterop] Exception in IL2CPP-to-Managed trampoline, not passing it to il2cpp: Il2CppInterop.Runtime.Il2CppException: System.InvalidOperationException: You are trying to read Input using the UnityEngine.Input class, but you have switched active Input handling to Input System package in Player Settings.
--- BEGIN IL2CPP STACK TRACE ---
System.InvalidOperationException: You are trying to read Input using the UnityEngine.Input class, but you have switched active Input handling to Input System package in Player Settings.

--- END IL2CPP STACK TRACE ---

   at Il2CppInterop.Runtime.Il2CppException.RaiseExceptionIfNecessary(IntPtr returnedException) in /home/runner/work/Il2CppInterop/Il2CppInterop/Il2CppInterop.Runtime/Il2CppException.cs:line 36
   at UnityEngine.Input.GetKeyDown(KeyCode key)
   at QteTrainer.QteTrainerUi.Update()
   at Trampoline_VoidThisQteTrainer.QteTrainerUiUpdate(IntPtr , Il2CppMethodInfo* )
[Error  :Il2CppInterop] Exception in IL2CPP-to-Managed trampoline, not passing it to il2cpp: System.NotSupportedException: Method unstripping failed
   at UnityEngine.TextEditor.set_position(Rect value)
   at UnityEngine.GUI.DoTextField(Rect position, Int32 id, GUIContent content, Boolean multiline, Int32 maxLength, GUIStyle style, String secureText, Char maskChar)
   at UnityEngine.GUILayout.DoTextField(String text, Int32 maxLength, Boolean multiline, GUIStyle style, Il2CppReferenceArray`1 options)
   at QteTrainer.QteTrainerUi.OnGUI()
   at Trampoline_VoidThisQteTrainer.QteTrainerUiOnGUI(IntPtr , Il2CppMethodInfo* )
[Error  :Il2CppInterop] Exception in IL2CPP-to-Managed trampoline, not passing it to il2cpp: System.NotSupportedException: Method unstripping failed
   at UnityEngine.TextEditor.set_position(Rect value)
   at UnityEngine.GUI.DoTextField(Rect position, Int32 id, GUIContent content, Boolean multiline, Int32 maxLength, GUIStyle style, String secureText, Char maskChar)
   at UnityEngine.GUILayout.DoTextField(String text, Int32 maxLength, Boolean multiline, GUIStyle style, Il2CppReferenceArray`1 options)
   at QteTrainer.QteTrainerUi.OnGUI()
   at Trampoline_VoidThisQteTrainer.QteTrainerUiOnGUI(IntPtr , Il2CppMethodInfo* )
[Error  :Il2CppInterop] Exception in IL2CPP-to-Managed trampoline, not passing it to il2cpp: Il2CppInterop.Runtime.Il2CppException: System.InvalidOperationException: You are trying to read Input using the UnityEngine.Input class, but you have switched active Input handling to Input System package in Player Settings.
--- BEGIN IL2CPP STACK TRACE ---
System.InvalidOperationException: You are trying to read Input using the UnityEngine.Input class, but you have switched active Input handling to Input System package in Player Settings.

--- END IL2CPP STACK TRACE ---

   at Il2CppInterop.Runtime.Il2CppException.RaiseExceptionIfNecessary(IntPtr returnedException) in /home/runner/work/Il2CppInterop/Il2CppInterop/Il2CppInterop.Runtime/Il2CppException.cs:line 36
   at UnityEngine.Input.GetKeyDown(KeyCode key)
   at QteTrainer.QteTrainerUi.Update()
   at Trampoline_VoidThisQteTrainer.QteTrainerUiUpdate(IntPtr , Il2CppMethodInfo* )
[Error  :Il2CppInterop] Exception in IL2CPP-to-Managed trampoline, not passing it to il2cpp: System.NotSupportedException: Method unstripping failed
   at UnityEngine.TextEditor.set_position(Rect value)
   at UnityEngine.GUI.DoTextField(Rect position, Int32 id, GUIContent content, Boolean multiline, Int32 maxLength, GUIStyle style, String secureText, Char maskChar)
   at UnityEngine.GUILayout.DoTextField(String text, Int32 maxLength, Boolean multiline, GUIStyle style, Il2CppReferenceArray`1 options)
   at QteTrainer.QteTrainerUi.OnGUI()
   at Trampoline_VoidThisQteTrainer.QteTrainerUiOnGUI(IntPtr , Il2CppMethodInfo* )
[Error  :Il2CppInterop] Exception in IL2CPP-to-Managed trampoline, not passing it to il2cpp: System.NotSupportedException: Method unstripping failed
   at UnityEngine.TextEditor.set_position(Rect value)
   at UnityEngine.GUI.DoTextField(Rect position, Int32 id, GUIContent content, Boolean multiline, Int32 maxLength, GUIStyle style, String secureText, Char maskChar)
   at UnityEngine.GUILayout.DoTextField(String text, Int32 maxLength, Boolean multiline, GUIStyle style, Il2CppReferenceArray`1 options)
   at QteTrainer.QteTrainerUi.OnGUI()
   at Trampoline_VoidThisQteTrainer.QteTrainerUiOnGUI(IntPtr , Il2CppMethodInfo* )
[Error  :Il2CppInterop] Exception in IL2CPP-to-Managed trampoline, not passing it to il2cpp: Il2CppInterop.Runtime.Il2CppException: System.InvalidOperationException: You are trying to read Input using the UnityEngine.Input class, but you have switched active Input handling to Input System package in Player Settings.
--- BEGIN IL2CPP STACK TRACE ---
System.InvalidOperationException: You are trying to read Input using the UnityEngine.Input class, but you have switched active Input handling to Input System package in Player Settings.

--- END IL2CPP STACK TRACE ---

   at Il2CppInterop.Runtime.Il2CppException.RaiseExceptionIfNecessary(IntPtr returnedException) in /home/runner/work/Il2CppInterop/Il2CppInterop/Il2CppInterop.Runtime/Il2CppException.cs:line 36
   at UnityEngine.Input.GetKeyDown(KeyCode key)
   at QteTrainer.QteTrainerUi.Update()
   at Trampoline_VoidThisQteTrainer.QteTrainerUiUpdate(IntPtr , Il2CppMethodInfo* )
[Error  :Il2CppInterop] Exception in IL2CPP-to-Managed trampoline, not passing it to il2cpp: System.NotSupportedException: Method unstripping failed
   at UnityEngine.TextEditor.set_position(Rect value)
   at UnityEngine.GUI.DoTextField(Rect position, Int32 id, GUIContent content, Boolean multiline, Int32 maxLength, GUIStyle style, String secureText, Char maskChar)
   at UnityEngine.GUILayout.DoTextField(String text, Int32 maxLength, Boolean multiline, GUIStyle style, Il2CppReferenceArray`1 options)
   at QteTrainer.QteTrainerUi.OnGUI()
   at Trampoline_VoidThisQteTrainer.QteTrainerUiOnGUI(IntPtr , Il2CppMethodInfo* )
[Error  :Il2CppInterop] Exception in IL2CPP-to-Managed trampoline, not passing it to il2cpp: System.NotSupportedException: Method unstripping failed
   at UnityEngine.TextEditor.set_position(Rect value)
   at UnityEngine.GUI.DoTextField(Rect position, Int32 id, GUIContent content, Boolean multiline, Int32 maxLength, GUIStyle style, String secureText, Char maskChar)
   at UnityEngine.GUILayout.DoTextField(String text, Int32 maxLength, Boolean multiline, GUIStyle style, Il2CppReferenceArray`1 options)
   at QteTrainer.QteTrainerUi.OnGUI()
   at Trampoline_VoidThisQteTrainer.QteTrainerUiOnGUI(IntPtr , Il2CppMethodInfo* )
[Error  :Il2CppInterop] Exception in IL2CPP-to-Managed trampoline, not passing it to il2cpp: Il2CppInterop.Runtime.Il2CppException: System.InvalidOperationException: You are trying to read Input using the UnityEngine.Input class, but you have switched active Input handling to Input System package in Player Settings.
--- BEGIN IL2CPP STACK TRACE ---
System.InvalidOperationException: You are trying to read Input using the UnityEngine.Input class, but you have switched active Input handling to Input System package in Player Settings.

--- END IL2CPP STACK TRACE ---

   at Il2CppInterop.Runtime.Il2CppException.RaiseExceptionIfNecessary(IntPtr returnedException) in /home/runner/work/Il2CppInterop/Il2CppInterop/Il2CppInterop.Runtime/Il2CppException.cs:line 36
   at UnityEngine.Input.GetKeyDown(KeyCode key)
   at QteTrainer.QteTrainerUi.Update()
   at Trampoline_VoidThisQteTrainer.QteTrainerUiUpdate(IntPtr , Il2CppMethodInfo* )
[Error  :Il2CppInterop] Exception in IL2CPP-to-Managed trampoline, not passing it to il2cpp: System.NotSupportedException: Method unstripping failed
   at UnityEngine.TextEditor.set_position(Rect value)
   at UnityEngine.GUI.DoTextField(Rect position, Int32 id, GUIContent content, Boolean multiline, Int32 maxLength, GUIStyle style, String secureText, Char maskChar)
   at UnityEngine.GUILayout.DoTextField(String text, Int32 maxLength, Boolean multiline, GUIStyle style, Il2CppReferenceArray`1 options)
   at QteTrainer.QteTrainerUi.OnGUI()
   at Trampoline_VoidThisQteTrainer.QteTrainerUiOnGUI(IntPtr , Il2CppMethodInfo* )
[Error  :Il2CppInterop] Exception in IL2CPP-to-Managed trampoline, not passing it to il2cpp: System.NotSupportedException: Method unstripping failed
   at UnityEngine.TextEditor.set_position(Rect value)
   at UnityEngine.GUI.DoTextField(Rect position, Int32 id, GUIContent content, Boolean multiline, Int32 maxLength, GUIStyle style, String secureText, Char maskChar)
   at UnityEngine.GUILayout.DoTextField(String text, Int32 maxLength, Boolean multiline, GUIStyle style, Il2CppReferenceArray`1 options)
   at QteTrainer.QteTrainerUi.OnGUI()
   at Trampoline_VoidThisQteTrainer.QteTrainerUiOnGUI(IntPtr , Il2CppMethodInfo* )
[Error  :Il2CppInterop] Exception in IL2CPP-to-Managed trampoline, not passing it to il2cpp: Il2CppInterop.Runtime.Il2CppException: System.InvalidOperationException: You are trying to read Input using the UnityEngine.Input class, but you have switched active Input handling to Input System package in Player Settings.
--- BEGIN IL2CPP STACK TRACE ---
System.InvalidOperationException: You are trying to read Input using the UnityEngine.Input class, but you have switched active Input handling to Input System package in Player Settings.

--- END IL2CPP STACK TRACE ---

   at Il2CppInterop.Runtime.Il2CppException.RaiseExceptionIfNecessary(IntPtr returnedException) in /home/runner/work/Il2CppInterop/Il2CppInterop/Il2CppInterop.Runtime/Il2CppException.cs:line 36
   at UnityEngine.Input.GetKeyDown(KeyCode key)
   at QteTrainer.QteTrainerUi.Update()
   at Trampoline_VoidThisQteTrainer.QteTrainerUiUpdate(IntPtr , Il2CppMethodInfo* )
[Error  :Il2CppInterop] Exception in IL2CPP-to-Managed trampoline, not passing it to il2cpp: System.NotSupportedException: Method unstripping failed
   at UnityEngine.TextEditor.set_position(Rect value)
   at UnityEngine.GUI.DoTextField(Rect position, Int32 id, GUIContent content, Boolean multiline, Int32 maxLength, GUIStyle style, String secureText, Char maskChar)
   at UnityEngine.GUILayout.DoTextField(String text, Int32 maxLength, Boolean multiline, GUIStyle style, Il2CppReferenceArray`1 options)
   at QteTrainer.QteTrainerUi.OnGUI()
   at Trampoline_VoidThisQteTrainer.QteTrainerUiOnGUI(IntPtr , Il2CppMethodInfo* )
[Error  :Il2CppInterop] Exception in IL2CPP-to-Managed trampoline, not passing it to il2cpp: System.NotSupportedException: Method unstripping failed
   at UnityEngine.TextEditor.set_position(Rect value)
   at UnityEngine.GUI.DoTextField(Rect position, Int32 id, GUIContent content, Boolean multiline, Int32 maxLength, GUIStyle style, String secureText, Char maskChar)
   at UnityEngine.GUILayout.DoTextField(String text, Int32 maxLength, Boolean multiline, GUIStyle style, Il2CppReferenceArray`1 options)
   at QteTrainer.QteTrainerUi.OnGUI()
   at Trampoline_VoidThisQteTrainer.QteTrainerUiOnGUI(IntPtr , Il2CppMethodInfo* )
[Error  :Il2CppInterop] Exception in IL2CPP-to-Managed trampoline, not passing it to il2cpp: System.NotSupportedException: Method unstripping failed
   at UnityEngine.TextEditor.set_position(Rect value)
   at UnityEngine.GUI.DoTextField(Rect position, Int32 id, GUIContent content, Boolean multiline, Int32 maxLength, GUIStyle style, String secureText, Char maskChar)
   at UnityEngine.GUILayout.DoTextField(String text, Int32 maxLength, Boolean multiline, GUIStyle style, Il2CppReferenceArray`1 options)
   at QteTrainer.QteTrainerUi.OnGUI()
   at Trampoline_VoidThisQteTrainer.QteTrainerUiOnGUI(IntPtr , Il2CppMethodInfo* )
[Error  :Il2CppInterop] Exception in IL2CPP-to-Managed trampoline, not passing it to il2cpp: System.NotSupportedException: Method unstripping failed
   at UnityEngine.TextEditor.set_position(Rect value)
   at UnityEngine.GUI.DoTextField(Rect position, Int32 id, GUIContent content, Boolean multiline, Int32 maxLength, GUIStyle style, String secureText, Char maskChar)
   at UnityEngine.GUILayout.DoTextField(String text, Int32 maxLength, Boolean multiline, GUIStyle style, Il2CppReferenceArray`1 options)
   at QteTrainer.QteTrainerUi.OnGUI()
   at Trampoline_VoidThisQteTrainer.QteTrainerUiOnGUI(IntPtr , Il2CppMethodInfo* )
[Error  :Il2CppInterop] Exception in IL2CPP-to-Managed trampoline, not passing it to il2cpp: System.NotSupportedException: Method unstripping failed
   at UnityEngine.TextEditor.set_position(Rect value)
   at UnityEngine.GUI.DoTextField(Rect position, Int32 id, GUIContent content, Boolean multiline, Int32 maxLength, GUIStyle style, String secureText, Char maskChar)
   at UnityEngine.GUILayout.DoTextField(String text, Int32 maxLength, Boolean multiline, GUIStyle style, Il2CppReferenceArray`1 options)
   at QteTrainer.QteTrainerUi.OnGUI()
   at Trampoline_VoidThisQteTrainer.QteTrainerUiOnGUI(IntPtr , Il2CppMethodInfo* )
[Error  :Il2CppInterop] Exception in IL2CPP-to-Managed trampoline, not passing it to il2cpp: System.NotSupportedException: Method unstripping failed
   at UnityEngine.TextEditor.set_position(Rect value)
   at UnityEngine.GUI.DoTextField(Rect position, Int32 id, GUIContent content, Boolean multiline, Int32 maxLength, GUIStyle style, String secureText, Char maskChar)
   at UnityEngine.GUILayout.DoTextField(String text, Int32 maxLength, Boolean multiline, GUIStyle style, Il2CppReferenceArray`1 options)
   at QteTrainer.QteTrainerUi.OnGUI()
   at Trampoline_VoidThisQteTrainer.QteTrainerUiOnGUI(IntPtr , Il2CppMethodInfo* )
[Error  :Il2CppInterop] Exception in IL2CPP-to-Managed trampoline, not passing it to il2cpp: Il2CppInterop.Runtime.Il2CppException: System.InvalidOperationException: You are trying to read Input using the UnityEngine.Input class, but you have switched active Input handling to Input System package in Player Settings.
--- BEGIN IL2CPP STACK TRACE ---
System.InvalidOperationException: You are trying to read Input using the UnityEngine.Input class, but you have switched active Input handling to Input System package in Player Settings.

--- END IL2CPP STACK TRACE ---

   at Il2CppInterop.Runtime.Il2CppException.RaiseExceptionIfNecessary(IntPtr returnedException) in /home/runner/work/Il2CppInterop/Il2CppInterop/Il2CppInterop.Runtime/Il2CppException.cs:line 36
   at UnityEngine.Input.GetKeyDown(KeyCode key)
   at QteTrainer.QteTrainerUi.Update()
   at Trampoline_VoidThisQteTrainer.QteTrainerUiUpdate(IntPtr , Il2CppMethodInfo* )
[Error  :Il2CppInterop] Exception in IL2CPP-to-Managed trampoline, not passing it to il2cpp: System.NotSupportedException: Method unstripping failed
   at UnityEngine.TextEditor.set_position(Rect value)
   at UnityEngine.GUI.DoTextField(Rect position, Int32 id, GUIContent content, Boolean multiline, Int32 maxLength, GUIStyle style, String secureText, Char maskChar)
   at UnityEngine.GUILayout.DoTextField(String text, Int32 maxLength, Boolean multiline, GUIStyle style, Il2CppReferenceArray`1 options)
   at QteTrainer.QteTrainerUi.OnGUI()
   at Trampoline_VoidThisQteTrainer.QteTrainerUiOnGUI(IntPtr , Il2CppMethodInfo* )
[Error  :Il2CppInterop] Exception in IL2CPP-to-Managed trampoline, not passing it to il2cpp: System.NotSupportedException: Method unstripping failed
   at UnityEngine.TextEditor.set_position(Rect value)
   at UnityEngine.GUI.DoTextField(Rect position, Int32 id, GUIContent content, Boolean multiline, Int32 maxLength, GUIStyle style, String secureText, Char maskChar)
   at UnityEngine.GUILayout.DoTextField(String text, Int32 maxLength, Boolean multiline, GUIStyle style, Il2CppReferenceArray`1 options)
   at QteTrainer.QteTrainerUi.OnGUI()
   at Trampoline_VoidThisQteTrainer.QteTrainerUiOnGUI(IntPtr , Il2CppMethodInfo* )
[Error  :Il2CppInterop] Exception in IL2CPP-to-Managed trampoline, not passing it to il2cpp: System.NotSupportedException: Method unstripping failed
   at UnityEngine.TextEditor.set_position(Rect value)
   at UnityEngine.GUI.DoTextField(Rect position, Int32 id, GUIContent content, Boolean multiline, Int32 maxLength, GUIStyle style, String secureText, Char maskChar)
   at UnityEngine.GUILayout.DoTextField(String text, Int32 maxLength, Boolean multiline, GUIStyle style, Il2CppReferenceArray`1 options)
   at QteTrainer.QteTrainerUi.OnGUI()
   at Trampoline_VoidThisQteTrainer.QteTrainerUiOnGUI(IntPtr , Il2CppMethodInfo* )
[Error  :Il2CppInterop] Exception in IL2CPP-to-Managed trampoline, not passing it to il2cpp: System.NotSupportedException: Method unstripping failed
   at UnityEngine.TextEditor.set_position(Rect value)
   at UnityEngine.GUI.DoTextField(Rect position, Int32 id, GUIContent content, Boolean multiline, Int32 maxLength, GUIStyle style, String secureText, Char maskChar)
   at UnityEngine.GUILayout.DoTextField(String text, Int32 maxLength, Boolean multiline, GUIStyle style, Il2CppReferenceArray`1 options)
   at QteTrainer.QteTrainerUi.OnGUI()
   at Trampoline_VoidThisQteTrainer.QteTrainerUiOnGUI(IntPtr , Il2CppMethodInfo* )
[Error  :Il2CppInterop] Exception in IL2CPP-to-Managed trampoline, not passing it to il2cpp: Il2CppInterop.Runtime.Il2CppException: System.InvalidOperationException: You are trying to read Input using the UnityEngine.Input class, but you have switched active Input handling to Input System package in Player Settings.
--- BEGIN IL2CPP STACK TRACE ---
System.InvalidOperationException: You are trying to read Input using the UnityEngine.Input class, but you have switched active Input handling to Input System package in Player Settings.

--- END IL2CPP STACK TRACE ---

   at Il2CppInterop.Runtime.Il2CppException.RaiseExceptionIfNecessary(IntPtr returnedException) in /home/runner/work/Il2CppInterop/Il2CppInterop/Il2CppInterop.Runtime/Il2CppException.cs:line 36
   at UnityEngine.Input.GetKeyDown(KeyCode key)
   at QteTrainer.QteTrainerUi.Update()
   at Trampoline_VoidThisQteTrainer.QteTrainerUiUpdate(IntPtr , Il2CppMethodInfo* )
[Error  :Il2CppInterop] Exception in IL2CPP-to-Managed trampoline, not passing it to il2cpp: System.NotSupportedException: Method unstripping failed
   at UnityEngine.TextEditor.set_position(Rect value)
   at UnityEngine.GUI.DoTextField(Rect position, Int32 id, GUIContent content, Boolean multiline, Int32 maxLength, GUIStyle style, String secureText, Char maskChar)
   at UnityEngine.GUILayout.DoTextField(String text, Int32 maxLength, Boolean multiline, GUIStyle style, Il2CppReferenceArray`1 options)
   at QteTrainer.QteTrainerUi.OnGUI()
   at Trampoline_VoidThisQteTrainer.QteTrainerUiOnGUI(IntPtr , Il2CppMethodInfo* )
[Error  :Il2CppInterop] Exception in IL2CPP-to-Managed trampoline, not passing it to il2cpp: System.NotSupportedException: Method unstripping failed
   at UnityEngine.TextEditor.set_position(Rect value)
   at UnityEngine.GUI.DoTextField(Rect position, Int32 id, GUIContent content, Boolean multiline, Int32 maxLength, GUIStyle style, String secureText, Char maskChar)
   at UnityEngine.GUILayout.DoTextField(String text, Int32 maxLength, Boolean multiline, GUIStyle style, Il2CppReferenceArray`1 options)
   at QteTrainer.QteTrainerUi.OnGUI()
   at Trampoline_VoidThisQteTrainer.QteTrainerUiOnGUI(IntPtr , Il2CppMethodInfo* )
[Error  :Il2CppInterop] Exception in IL2CPP-to-Managed trampoline, not passing it to il2cpp: Il2CppInterop.Runtime.Il2CppException: System.InvalidOperationException: You are trying to read Input using the UnityEngine.Input class, but you have switched active Input handling to Input System package in Player Settings.
--- BEGIN IL2CPP STACK TRACE ---
System.InvalidOperationException: You are trying to read Input using the UnityEngine.Input class, but you have switched active Input handling to Input System package in Player Settings.

--- END IL2CPP STACK TRACE ---

   at Il2CppInterop.Runtime.Il2CppException.RaiseExceptionIfNecessary(IntPtr returnedException) in /home/runner/work/Il2CppInterop/Il2CppInterop/Il2CppInterop.Runtime/Il2CppException.cs:line 36
   at UnityEngine.Input.GetKeyDown(KeyCode key)
   at QteTrainer.QteTrainerUi.Update()
   at Trampoline_VoidThisQteTrainer.QteTrainerUiUpdate(IntPtr , Il2CppMethodInfo* )
[Error  :Il2CppInterop] Exception in IL2CPP-to-Managed trampoline, not passing it to il2cpp: System.NotSupportedException: Method unstripping failed
   at UnityEngine.TextEditor.set_position(Rect value)
   at UnityEngine.GUI.DoTextField(Rect position, Int32 id, GUIContent content, Boolean multiline, Int32 maxLength, GUIStyle style, String secureText, Char maskChar)
   at UnityEngine.GUILayout.DoTextField(String text, Int32 maxLength, Boolean multiline, GUIStyle style, Il2CppReferenceArray`1 options)
   at QteTrainer.QteTrainerUi.OnGUI()
   at Trampoline_VoidThisQteTrainer.QteTrainerUiOnGUI(IntPtr , Il2CppMethodInfo* )
[Error  :Il2CppInterop] Exception in IL2CPP-to-Managed trampoline, not passing it to il2cpp: System.NotSupportedException: Method unstripping failed
   at UnityEngine.TextEditor.set_position(Rect value)
   at UnityEngine.GUI.DoTextField(Rect position, Int32 id, GUIContent content, Boolean multiline, Int32 maxLength, GUIStyle style, String secureText, Char maskChar)
   at UnityEngine.GUILayout.DoTextField(String text, Int32 maxLength, Boolean multiline, GUIStyle style, Il2CppReferenceArray`1 options)
   at QteTrainer.QteTrainerUi.OnGUI()
   at Trampoline_VoidThisQteTrainer.QteTrainerUiOnGUI(IntPtr , Il2CppMethodInfo* )
[Error  :Il2CppInterop] Exception in IL2CPP-to-Managed trampoline, not passing it to il2cpp: System.NotSupportedException: Method unstripping failed
   at UnityEngine.TextEditor.set_position(Rect value)
   at UnityEngine.GUI.DoTextField(Rect position, Int32 id, GUIContent content, Boolean multiline, Int32 maxLength, GUIStyle style, String secureText, Char maskChar)
   at UnityEngine.GUILayout.DoTextField(String text, Int32 maxLength, Boolean multiline, GUIStyle style, Il2CppReferenceArray`1 options)
   at QteTrainer.QteTrainerUi.OnGUI()
   at Trampoline_VoidThisQteTrainer.QteTrainerUiOnGUI(IntPtr , Il2CppMethodInfo* )
[Error  :Il2CppInterop] Exception in IL2CPP-to-Managed trampoline, not passing it to il2cpp: System.NotSupportedException: Method unstripping failed
   at UnityEngine.TextEditor.set_position(Rect value)
   at UnityEngine.GUI.DoTextField(Rect position, Int32 id, GUIContent content, Boolean multiline, Int32 maxLength, GUIStyle style, String secureText, Char maskChar)
   at UnityEngine.GUILayout.DoTextField(String text, Int32 maxLength, Boolean multiline, GUIStyle style, Il2CppReferenceArray`1 options)
   at QteTrainer.QteTrainerUi.OnGUI()
   at Trampoline_VoidThisQteTrainer.QteTrainerUiOnGUI(IntPtr , Il2CppMethodInfo* )
[Error  :Il2CppInterop] Exception in IL2CPP-to-Managed trampoline, not passing it to il2cpp: System.NotSupportedException: Method unstripping failed
   at UnityEngine.TextEditor.set_position(Rect value)
   at UnityEngine.GUI.DoTextField(Rect position, Int32 id, GUIContent content, Boolean multiline, Int32 maxLength, GUIStyle style, String secureText, Char maskChar)
   at UnityEngine.GUILayout.DoTextField(String text, Int32 maxLength, Boolean multiline, GUIStyle style, Il2CppReferenceArray`1 options)
   at QteTrainer.QteTrainerUi.OnGUI()
   at Trampoline_VoidThisQteTrainer.QteTrainerUiOnGUI(IntPtr , Il2CppMethodInfo* )
[Error  :Il2CppInterop] Exception in IL2CPP-to-Managed trampoline, not passing it to il2cpp: System.NotSupportedException: Method unstripping failed
   at UnityEngine.TextEditor.set_position(Rect value)
   at UnityEngine.GUI.DoTextField(Rect position, Int32 id, GUIContent content, Boolean multiline, Int32 maxLength, GUIStyle style, String secureText, Char maskChar)
   at UnityEngine.GUILayout.DoTextField(String text, Int32 maxLength, Boolean multiline, GUIStyle style, Il2CppReferenceArray`1 options)
   at QteTrainer.QteTrainerUi.OnGUI()
   at Trampoline_VoidThisQteTrainer.QteTrainerUiOnGUI(IntPtr , Il2CppMethodInfo* )
[Error  :Il2CppInterop] Exception in IL2CPP-to-Managed trampoline, not passing it to il2cpp: System.NotSupportedException: Method unstripping failed
   at UnityEngine.TextEditor.set_position(Rect value)
   at UnityEngine.GUI.DoTextField(Rect position, Int32 id, GUIContent content, Boolean multiline, Int32 maxLength, GUIStyle style, String secureText, Char maskChar)
   at UnityEngine.GUILayout.DoTextField(String text, Int32 maxLength, Boolean multiline, GUIStyle style, Il2CppReferenceArray`1 options)
   at QteTrainer.QteTrainerUi.OnGUI()
   at Trampoline_VoidThisQteTrainer.QteTrainerUiOnGUI(IntPtr , Il2CppMethodInfo* )
[Error  :Il2CppInterop] Exception in IL2CPP-to-Managed trampoline, not passing it to il2cpp: System.NotSupportedException: Method unstripping failed
   at UnityEngine.TextEditor.set_position(Rect value)
   at UnityEngine.GUI.DoTextField(Rect position, Int32 id, GUIContent content, Boolean multiline, Int32 maxLength, GUIStyle style, String secureText, Char maskChar)
   at UnityEngine.GUILayout.DoTextField(String text, Int32 maxLength, Boolean multiline, GUIStyle style, Il2CppReferenceArray`1 options)
   at QteTrainer.QteTrainerUi.OnGUI()
   at Trampoline_VoidThisQteTrainer.QteTrainerUiOnGUI(IntPtr , Il2CppMethodInfo* )
[Error  :Il2CppInterop] Exception in IL2CPP-to-Managed trampoline, not passing it to il2cpp: System.NotSupportedException: Method unstripping failed
   at UnityEngine.TextEditor.set_position(Rect value)
   at UnityEngine.GUI.DoTextField(Rect position, Int32 id, GUIContent content, Boolean multiline, Int32 maxLength, GUIStyle style, String secureText, Char maskChar)
   at UnityEngine.GUILayout.DoTextField(String text, Int32 maxLength, Boolean multiline, GUIStyle style, Il2CppReferenceArray`1 options)
   at QteTrainer.QteTrainerUi.OnGUI()
   at Trampoline_VoidThisQteTrainer.QteTrainerUiOnGUI(IntPtr , Il2CppMethodInfo* )
[Error  :Il2CppInterop] Exception in IL2CPP-to-Managed trampoline, not passing it to il2cpp: System.NotSupportedException: Method unstripping failed
   at UnityEngine.TextEditor.set_position(Rect value)
   at UnityEngine.GUI.DoTextField(Rect position, Int32 id, GUIContent content, Boolean multiline, Int32 maxLength, GUIStyle style, String secureText, Char maskChar)
   at UnityEngine.GUILayout.DoTextField(String text, Int32 maxLength, Boolean multiline, GUIStyle style, Il2CppReferenceArray`1 options)
   at QteTrainer.QteTrainerUi.OnGUI()
   at Trampoline_VoidThisQteTrainer.QteTrainerUiOnGUI(IntPtr , Il2CppMethodInfo* )
[Error  :Il2CppInterop] Exception in IL2CPP-to-Managed trampoline, not passing it to il2cpp: Il2CppInterop.Runtime.Il2CppException: System.InvalidOperationException: You are trying to read Input using the UnityEngine.Input class, but you have switched active Input handling to Input System package in Player Settings.
--- BEGIN IL2CPP STACK TRACE ---
System.InvalidOperationException: You are trying to read Input using the UnityEngine.Input class, but you have switched active Input handling to Input System package in Player Settings.

--- END IL2CPP STACK TRACE ---

   at Il2CppInterop.Runtime.Il2CppException.RaiseExceptionIfNecessary(IntPtr returnedException) in /home/runner/work/Il2CppInterop/Il2CppInterop/Il2CppInterop.Runtime/Il2CppException.cs:line 36
   at UnityEngine.Input.GetKeyDown(KeyCode key)
   at QteTrainer.QteTrainerUi.Update()
   at Trampoline_VoidThisQteTrainer.QteTrainerUiUpdate(IntPtr , Il2CppMethodInfo* )
[Error  :Il2CppInterop] Exception in IL2CPP-to-Managed trampoline, not passing it to il2cpp: System.NotSupportedException: Method unstripping failed
   at UnityEngine.TextEditor.set_position(Rect value)
   at UnityEngine.GUI.DoTextField(Rect position, Int32 id, GUIContent content, Boolean multiline, Int32 maxLength, GUIStyle style, String secureText, Char maskChar)
   at UnityEngine.GUILayout.DoTextField(String text, Int32 maxLength, Boolean multiline, GUIStyle style, Il2CppReferenceArray`1 options)
   at QteTrainer.QteTrainerUi.OnGUI()
   at Trampoline_VoidThisQteTrainer.QteTrainerUiOnGUI(IntPtr , Il2CppMethodInfo* )
[Error  :Il2CppInterop] Exception in IL2CPP-to-Managed trampoline, not passing it to il2cpp: System.NotSupportedException: Method unstripping failed
   at UnityEngine.TextEditor.set_position(Rect value)
   at UnityEngine.GUI.DoTextField(Rect position, Int32 id, GUIContent content, Boolean multiline, Int32 maxLength, GUIStyle style, String secureText, Char maskChar)
   at UnityEngine.GUILayout.DoTextField(String text, Int32 maxLength, Boolean multiline, GUIStyle style, Il2CppReferenceArray`1 options)
   at QteTrainer.QteTrainerUi.OnGUI()
   at Trampoline_VoidThisQteTrainer.QteTrainerUiOnGUI(IntPtr , Il2CppMethodInfo* )
[Error  :Il2CppInterop] Exception in IL2CPP-to-Managed trampoline, not passing it to il2cpp: System.NotSupportedException: Method unstripping failed
   at UnityEngine.TextEditor.set_position(Rect value)
   at UnityEngine.GUI.DoTextField(Rect position, Int32 id, GUIContent content, Boolean multiline, Int32 maxLength, GUIStyle style, String secureText, Char maskChar)
   at UnityEngine.GUILayout.DoTextField(String text, Int32 maxLength, Boolean multiline, GUIStyle style, Il2CppReferenceArray`1 options)
   at QteTrainer.QteTrainerUi.OnGUI()
   at Trampoline_VoidThisQteTrainer.QteTrainerUiOnGUI(IntPtr , Il2CppMethodInfo* )
[Error  :Il2CppInterop] Exception in IL2CPP-to-Managed trampoline, not passing it to il2cpp: System.NotSupportedException: Method unstripping failed
   at UnityEngine.TextEditor.set_position(Rect value)
   at UnityEngine.GUI.DoTextField(Rect position, Int32 id, GUIContent content, Boolean multiline, Int32 maxLength, GUIStyle style, String secureText, Char maskChar)
   at UnityEngine.GUILayout.DoTextField(String text, Int32 maxLength, Boolean multiline, GUIStyle style, Il2CppReferenceArray`1 options)
   at QteTrainer.QteTrainerUi.OnGUI()
   at Trampoline_VoidThisQteTrainer.QteTrainerUiOnGUI(IntPtr , Il2CppMethodInfo* )
[Error  :Il2CppInterop] Exception in IL2CPP-to-Managed trampoline, not passing it to il2cpp: Il2CppInterop.Runtime.Il2CppException: System.InvalidOperationException: You are trying to read Input using the UnityEngine.Input class, but you have switched active Input handling to Input System package in Player Settings.
--- BEGIN IL2CPP STACK TRACE ---
System.InvalidOperationException: You are trying to read Input using the UnityEngine.Input class, but you have switched active Input handling to Input System package in Player Settings.

--- END IL2CPP STACK TRACE ---

   at Il2CppInterop.Runtime.Il2CppException.RaiseExceptionIfNecessary(IntPtr returnedException) in /home/runner/work/Il2CppInterop/Il2CppInterop/Il2CppInterop.Runtime/Il2CppException.cs:line 36
   at UnityEngine.Input.GetKeyDown(KeyCode key)
   at QteTrainer.QteTrainerUi.Update()
   at Trampoline_VoidThisQteTrainer.QteTrainerUiUpdate(IntPtr , Il2CppMethodInfo* )
[Error  :Il2CppInterop] Exception in IL2CPP-to-Managed trampoline, not passing it to il2cpp: System.NotSupportedException: Method unstripping failed
   at UnityEngine.TextEditor.set_position(Rect value)
   at UnityEngine.GUI.DoTextField(Rect position, Int32 id, GUIContent content, Boolean multiline, Int32 maxLength, GUIStyle style, String secureText, Char maskChar)
   at UnityEngine.GUILayout.DoTextField(String text, Int32 maxLength, Boolean multiline, GUIStyle style, Il2CppReferenceArray`1 options)
   at QteTrainer.QteTrainerUi.OnGUI()
   at Trampoline_VoidThisQteTrainer.QteTrainerUiOnGUI(IntPtr , Il2CppMethodInfo* )
[Error  :Il2CppInterop] Exception in IL2CPP-to-Managed trampoline, not passing it to il2cpp: System.NotSupportedException: Method unstripping failed
   at UnityEngine.TextEditor.set_position(Rect value)
   at UnityEngine.GUI.DoTextField(Rect position, Int32 id, GUIContent content, Boolean multiline, Int32 maxLength, GUIStyle style, String secureText, Char maskChar)
   at UnityEngine.GUILayout.DoTextField(String text, Int32 maxLength, Boolean multiline, GUIStyle style, Il2CppReferenceArray`1 options)
   at QteTrainer.QteTrainerUi.OnGUI()
   at Trampoline_VoidThisQteTrainer.QteTrainerUiOnGUI(IntPtr , Il2CppMethodInfo* )
[Error  :Il2CppInterop] Exception in IL2CPP-to-Managed trampoline, not passing it to il2cpp: System.NotSupportedException: Method unstripping failed
   at UnityEngine.TextEditor.set_position(Rect value)
   at UnityEngine.GUI.DoTextField(Rect position, Int32 id, GUIContent content, Boolean multiline, Int32 maxLength, GUIStyle style, String secureText, Char maskChar)
   at UnityEngine.GUILayout.DoTextField(String text, Int32 maxLength, Boolean multiline, GUIStyle style, Il2CppReferenceArray`1 options)
   at QteTrainer.QteTrainerUi.OnGUI()
   at Trampoline_VoidThisQteTrainer.QteTrainerUiOnGUI(IntPtr , Il2CppMethodInfo* )
[Error  :Il2CppInterop] Exception in IL2CPP-to-Managed trampoline, not passing it to il2cpp: System.NotSupportedException: Method unstripping failed
   at UnityEngine.TextEditor.set_position(Rect value)
   at UnityEngine.GUI.DoTextField(Rect position, Int32 id, GUIContent content, Boolean multiline, Int32 maxLength, GUIStyle style, String secureText, Char maskChar)
   at UnityEngine.GUILayout.DoTextField(String text, Int32 maxLength, Boolean multiline, GUIStyle style, Il2CppReferenceArray`1 options)
   at QteTrainer.QteTrainerUi.OnGUI()
   at Trampoline_VoidThisQteTrainer.QteTrainerUiOnGUI(IntPtr , Il2CppMethodInfo* )
[Error  :Il2CppInterop] Exception in IL2CPP-to-Managed trampoline, not passing it to il2cpp: System.NotSupportedException: Method unstripping failed
   at UnityEngine.TextEditor.set_position(Rect value)
   at UnityEngine.GUI.DoTextField(Rect position, Int32 id, GUIContent content, Boolean multiline, Int32 maxLength, GUIStyle style, String secureText, Char maskChar)
   at UnityEngine.GUILayout.DoTextField(String text, Int32 maxLength, Boolean multiline, GUIStyle style, Il2CppReferenceArray`1 options)
   at QteTrainer.QteTrainerUi.OnGUI()
   at Trampoline_VoidThisQteTrainer.QteTrainerUiOnGUI(IntPtr , Il2CppMethodInfo* )
[Error  :Il2CppInterop] Exception in IL2CPP-to-Managed trampoline, not passing it to il2cpp: System.NotSupportedException: Method unstripping failed
   at UnityEngine.TextEditor.set_position(Rect value)
   at UnityEngine.GUI.DoTextField(Rect position, Int32 id, GUIContent content, Boolean multiline, Int32 maxLength, GUIStyle style, String secureText, Char maskChar)
   at UnityEngine.GUILayout.DoTextField(String text, Int32 maxLength, Boolean multiline, GUIStyle style, Il2CppReferenceArray`1 options)
   at QteTrainer.QteTrainerUi.OnGUI()
   at Trampoline_VoidThisQteTrainer.QteTrainerUiOnGUI(IntPtr , Il2CppMethodInfo* )
[Error  :Il2CppInterop] Exception in IL2CPP-to-Managed trampoline, not passing it to il2cpp: System.NotSupportedException: Method unstripping failed
   at UnityEngine.TextEditor.set_position(Rect value)
   at UnityEngine.GUI.DoTextField(Rect position, Int32 id, GUIContent content, Boolean multiline, Int32 maxLength, GUIStyle style, String secureText, Char maskChar)
   at UnityEngine.GUILayout.DoTextField(String text, Int32 maxLength, Boolean multiline, GUIStyle style, Il2CppReferenceArray`1 options)
   at QteTrainer.QteTrainerUi.OnGUI()
   at Trampoline_VoidThisQteTrainer.QteTrainerUiOnGUI(IntPtr , Il2CppMethodInfo* )
[Error  :Il2CppInterop] Exception in IL2CPP-to-Managed trampoline, not passing it to il2cpp: System.NotSupportedException: Method unstripping failed
   at UnityEngine.TextEditor.set_position(Rect value)
   at UnityEngine.GUI.DoTextField(Rect position, Int32 id, GUIContent content, Boolean multiline, Int32 maxLength, GUIStyle style, String secureText, Char maskChar)
   at UnityEngine.GUILayout.DoTextField(String text, Int32 maxLength, Boolean multiline, GUIStyle style, Il2CppReferenceArray`1 options)
   at QteTrainer.QteTrainerUi.OnGUI()
   at Trampoline_VoidThisQteTrainer.QteTrainerUiOnGUI(IntPtr , Il2CppMethodInfo* )
[Error  :Il2CppInterop] Exception in IL2CPP-to-Managed trampoline, not passing it to il2cpp: System.NotSupportedException: Method unstripping failed
   at UnityEngine.TextEditor.set_position(Rect value)
   at UnityEngine.GUI.DoTextField(Rect position, Int32 id, GUIContent content, Boolean multiline, Int32 maxLength, GUIStyle style, String secureText, Char maskChar)
   at UnityEngine.GUILayout.DoTextField(String text, Int32 maxLength, Boolean multiline, GUIStyle style, Il2CppReferenceArray`1 options)
   at QteTrainer.QteTrainerUi.OnGUI()
   at Trampoline_VoidThisQteTrainer.QteTrainerUiOnGUI(IntPtr , Il2CppMethodInfo* )
[Error  :Il2CppInterop] Exception in IL2CPP-to-Managed trampoline, not passing it to il2cpp: System.NotSupportedException: Method unstripping failed
   at UnityEngine.TextEditor.set_position(Rect value)
   at UnityEngine.GUI.DoTextField(Rect position, Int32 id, GUIContent content, Boolean multiline, Int32 maxLength, GUIStyle style, String secureText, Char maskChar)
   at UnityEngine.GUILayout.DoTextField(String text, Int32 maxLength, Boolean multiline, GUIStyle style, Il2CppReferenceArray`1 options)
   at QteTrainer.QteTrainerUi.OnGUI()
   at Trampoline_VoidThisQteTrainer.QteTrainerUiOnGUI(IntPtr , Il2CppMethodInfo* )
[Error  :Il2CppInterop] Exception in IL2CPP-to-Managed trampoline, not passing it to il2cpp: System.NotSupportedException: Method unstripping failed
   at UnityEngine.TextEditor.set_position(Rect value)
   at UnityEngine.GUI.DoTextField(Rect position, Int32 id, GUIContent content, Boolean multiline, Int32 maxLength, GUIStyle style, String secureText, Char maskChar)
   at UnityEngine.GUILayout.DoTextField(String text, Int32 maxLength, Boolean multiline, GUIStyle style, Il2CppReferenceArray`1 options)
   at QteTrainer.QteTrainerUi.OnGUI()
   at Trampoline_VoidThisQteTrainer.QteTrainerUiOnGUI(IntPtr , Il2CppMethodInfo* )
[Error  :Il2CppInterop] Exception in IL2CPP-to-Managed trampoline, not passing it to il2cpp: System.NotSupportedException: Method unstripping failed
   at UnityEngine.TextEditor.set_position(Rect value)
   at UnityEngine.GUI.DoTextField(Rect position, Int32 id, GUIContent content, Boolean multiline, Int32 maxLength, GUIStyle style, String secureText, Char maskChar)
   at UnityEngine.GUILayout.DoTextField(String text, Int32 maxLength, Boolean multiline, GUIStyle style, Il2CppReferenceArray`1 options)
   at QteTrainer.QteTrainerUi.OnGUI()
   at Trampoline_VoidThisQteTrainer.QteTrainerUiOnGUI(IntPtr , Il2CppMethodInfo* )
[Error  :Il2CppInterop] Exception in IL2CPP-to-Managed trampoline, not passing it to il2cpp: System.NotSupportedException: Method unstripping failed
   at UnityEngine.TextEditor.set_position(Rect value)
   at UnityEngine.GUI.DoTextField(Rect position, Int32 id, GUIContent content, Boolean multiline, Int32 maxLength, GUIStyle style, String secureText, Char maskChar)
   at UnityEngine.GUILayout.DoTextField(String text, Int32 maxLength, Boolean multiline, GUIStyle style, Il2CppReferenceArray`1 options)
   at QteTrainer.QteTrainerUi.OnGUI()
   at Trampoline_VoidThisQteTrainer.QteTrainerUiOnGUI(IntPtr , Il2CppMethodInfo* )
[Error  :Il2CppInterop] Exception in IL2CPP-to-Managed trampoline, not passing it to il2cpp: System.NotSupportedException: Method unstripping failed
   at UnityEngine.TextEditor.set_position(Rect value)
   at UnityEngine.GUI.DoTextField(Rect position, Int32 id, GUIContent content, Boolean multiline, Int32 maxLength, GUIStyle style, String secureText, Char maskChar)
   at UnityEngine.GUILayout.DoTextField(String text, Int32 maxLength, Boolean multiline, GUIStyle style, Il2CppReferenceArray`1 options)
   at QteTrainer.QteTrainerUi.OnGUI()
   at Trampoline_VoidThisQteTrainer.QteTrainerUiOnGUI(IntPtr , Il2CppMethodInfo* )
[Error  :Il2CppInterop] Exception in IL2CPP-to-Managed trampoline, not passing it to il2cpp: System.NotSupportedException: Method unstripping failed
   at UnityEngine.TextEditor.set_position(Rect value)
   at UnityEngine.GUI.DoTextField(Rect position, Int32 id, GUIContent content, Boolean multiline, Int32 maxLength, GUIStyle style, String secureText, Char maskChar)
   at UnityEngine.GUILayout.DoTextField(String text, Int32 maxLength, Boolean multiline, GUIStyle style, Il2CppReferenceArray`1 options)
   at QteTrainer.QteTrainerUi.OnGUI()
   at Trampoline_VoidThisQteTrainer.QteTrainerUiOnGUI(IntPtr , Il2CppMethodInfo* )
[Error  :Il2CppInterop] Exception in IL2CPP-to-Managed trampoline, not passing it to il2cpp: System.NotSupportedException: Method unstripping failed
   at UnityEngine.TextEditor.set_position(Rect value)
   at UnityEngine.GUI.DoTextField(Rect position, Int32 id, GUIContent content, Boolean multiline, Int32 maxLength, GUIStyle style, String secureText, Char maskChar)
   at UnityEngine.GUILayout.DoTextField(String text, Int32 maxLength, Boolean multiline, GUIStyle style, Il2CppReferenceArray`1 options)
   at QteTrainer.QteTrainerUi.OnGUI()
   at Trampoline_VoidThisQteTrainer.QteTrainerUiOnGUI(IntPtr , Il2CppMethodInfo* )
[Error  :Il2CppInterop] Exception in IL2CPP-to-Managed trampoline, not passing it to il2cpp: System.NotSupportedException: Method unstripping failed
   at UnityEngine.TextEditor.set_position(Rect value)
   at UnityEngine.GUI.DoTextField(Rect position, Int32 id, GUIContent content, Boolean multiline, Int32 maxLength, GUIStyle style, String secureText, Char maskChar)
   at UnityEngine.GUILayout.DoTextField(String text, Int32 maxLength, Boolean multiline, GUIStyle style, Il2CppReferenceArray`1 options)
   at QteTrainer.QteTrainerUi.OnGUI()
   at Trampoline_VoidThisQteTrainer.QteTrainerUiOnGUI(IntPtr , Il2CppMethodInfo* )
[Error  :Il2CppInterop] Exception in IL2CPP-to-Managed trampoline, not passing it to il2cpp: System.NotSupportedException: Method unstripping failed
   at UnityEngine.TextEditor.set_position(Rect value)
   at UnityEngine.GUI.DoTextField(Rect position, Int32 id, GUIContent content, Boolean multiline, Int32 maxLength, GUIStyle style, String secureText, Char maskChar)
   at UnityEngine.GUILayout.DoTextField(String text, Int32 maxLength, Boolean multiline, GUIStyle style, Il2CppReferenceArray`1 options)
   at QteTrainer.QteTrainerUi.OnGUI()
   at Trampoline_VoidThisQteTrainer.QteTrainerUiOnGUI(IntPtr , Il2CppMethodInfo* )
[Error  :Il2CppInterop] Exception in IL2CPP-to-Managed trampoline, not passing it to il2cpp: System.NotSupportedException: Method unstripping failed
   at UnityEngine.TextEditor.set_position(Rect value)
   at UnityEngine.GUI.DoTextField(Rect position, Int32 id, GUIContent content, Boolean multiline, Int32 maxLength, GUIStyle style, String secureText, Char maskChar)
   at UnityEngine.GUILayout.DoTextField(String text, Int32 maxLength, Boolean multiline, GUIStyle style, Il2CppReferenceArray`1 options)
   at QteTrainer.QteTrainerUi.OnGUI()
   at Trampoline_VoidThisQteTrainer.QteTrainerUiOnGUI(IntPtr , Il2CppMethodInfo* )
[Error  :Il2CppInterop] Exception in IL2CPP-to-Managed trampoline, not passing it to il2cpp: System.NotSupportedException: Method unstripping failed
   at UnityEngine.TextEditor.set_position(Rect value)
   at UnityEngine.GUI.DoTextField(Rect position, Int32 id, GUIContent content, Boolean multiline, Int32 maxLength, GUIStyle style, String secureText, Char maskChar)
   at UnityEngine.GUILayout.DoTextField(String text, Int32 maxLength, Boolean multiline, GUIStyle style, Il2CppReferenceArray`1 options)
   at QteTrainer.QteTrainerUi.OnGUI()
   at Trampoline_VoidThisQteTrainer.QteTrainerUiOnGUI(IntPtr , Il2CppMethodInfo* )
[Error  :Il2CppInterop] Exception in IL2CPP-to-Managed trampoline, not passing it to il2cpp: System.NotSupportedException: Method unstripping failed
   at UnityEngine.TextEditor.set_position(Rect value)
   at UnityEngine.GUI.DoTextField(Rect position, Int32 id, GUIContent content, Boolean multiline, Int32 maxLength, GUIStyle style, String secureText, Char maskChar)
   at UnityEngine.GUILayout.DoTextField(String text, Int32 maxLength, Boolean multiline, GUIStyle style, Il2CppReferenceArray`1 options)
   at QteTrainer.QteTrainerUi.OnGUI()
   at Trampoline_VoidThisQteTrainer.QteTrainerUiOnGUI(IntPtr , Il2CppMethodInfo* )
[Error  :Il2CppInterop] Exception in IL2CPP-to-Managed trampoline, not passing it to il2cpp: System.NotSupportedException: Method unstripping failed
   at UnityEngine.TextEditor.set_position(Rect value)
   at UnityEngine.GUI.DoTextField(Rect position, Int32 id, GUIContent content, Boolean multiline, Int32 maxLength, GUIStyle style, String secureText, Char maskChar)
   at UnityEngine.GUILayout.DoTextField(String text, Int32 maxLength, Boolean multiline, GUIStyle style, Il2CppReferenceArray`1 options)
   at QteTrainer.QteTrainerUi.OnGUI()
   at Trampoline_VoidThisQteTrainer.QteTrainerUiOnGUI(IntPtr , Il2CppMethodInfo* )
[Error  :Il2CppInterop] Exception in IL2CPP-to-Managed trampoline, not passing it to il2cpp: System.NotSupportedException: Method unstripping failed
   at UnityEngine.TextEditor.set_position(Rect value)
   at UnityEngine.GUI.DoTextField(Rect position, Int32 id, GUIContent content, Boolean multiline, Int32 maxLength, GUIStyle style, String secureText, Char maskChar)
   at UnityEngine.GUILayout.DoTextField(String text, Int32 maxLength, Boolean multiline, GUIStyle style, Il2CppReferenceArray`1 options)
   at QteTrainer.QteTrainerUi.OnGUI()
   at Trampoline_VoidThisQteTrainer.QteTrainerUiOnGUI(IntPtr , Il2CppMethodInfo* )
[Error  :Il2CppInterop] Exception in IL2CPP-to-Managed trampoline, not passing it to il2cpp: System.NotSupportedException: Method unstripping failed
   at UnityEngine.TextEditor.set_position(Rect value)
   at UnityEngine.GUI.DoTextField(Rect position, Int32 id, GUIContent content, Boolean multiline, Int32 maxLength, GUIStyle style, String secureText, Char maskChar)
   at UnityEngine.GUILayout.DoTextField(String text, Int32 maxLength, Boolean multiline, GUIStyle style, Il2CppReferenceArray`1 options)
   at QteTrainer.QteTrainerUi.OnGUI()
   at Trampoline_VoidThisQteTrainer.QteTrainerUiOnGUI(IntPtr , Il2CppMethodInfo* )
[Error  :Il2CppInterop] Exception in IL2CPP-to-Managed trampoline, not passing it to il2cpp: System.NotSupportedException: Method unstripping failed
   at UnityEngine.TextEditor.set_position(Rect value)
   at UnityEngine.GUI.DoTextField(Rect position, Int32 id, GUIContent content, Boolean multiline, Int32 maxLength, GUIStyle style, String secureText, Char maskChar)
   at UnityEngine.GUILayout.DoTextField(String text, Int32 maxLength, Boolean multiline, GUIStyle style, Il2CppReferenceArray`1 options)
   at QteTrainer.QteTrainerUi.OnGUI()
   at Trampoline_VoidThisQteTrainer.QteTrainerUiOnGUI(IntPtr , Il2CppMethodInfo* )
[Error  :Il2CppInterop] Exception in IL2CPP-to-Managed trampoline, not passing it to il2cpp: System.NotSupportedException: Method unstripping failed
   at UnityEngine.TextEditor.set_position(Rect value)
   at UnityEngine.GUI.DoTextField(Rect position, Int32 id, GUIContent content, Boolean multiline, Int32 maxLength, GUIStyle style, String secureText, Char maskChar)
   at UnityEngine.GUILayout.DoTextField(String text, Int32 maxLength, Boolean multiline, GUIStyle style, Il2CppReferenceArray`1 options)
   at QteTrainer.QteTrainerUi.OnGUI()
   at Trampoline_VoidThisQteTrainer.QteTrainerUiOnGUI(IntPtr , Il2CppMethodInfo* )
[Error  :Il2CppInterop] Exception in IL2CPP-to-Managed trampoline, not passing it to il2cpp: System.NotSupportedException: Method unstripping failed
   at UnityEngine.TextEditor.set_position(Rect value)
   at UnityEngine.GUI.DoTextField(Rect position, Int32 id, GUIContent content, Boolean multiline, Int32 maxLength, GUIStyle style, String secureText, Char maskChar)
   at UnityEngine.GUILayout.DoTextField(String text, Int32 maxLength, Boolean multiline, GUIStyle style, Il2CppReferenceArray`1 options)
   at QteTrainer.QteTrainerUi.OnGUI()
   at Trampoline_VoidThisQteTrainer.QteTrainerUiOnGUI(IntPtr , Il2CppMethodInfo* )
[Error  :Il2CppInterop] Exception in IL2CPP-to-Managed trampoline, not passing it to il2cpp: System.NotSupportedException: Method unstripping failed
   at UnityEngine.TextEditor.set_position(Rect value)
   at UnityEngine.GUI.DoTextField(Rect position, Int32 id, GUIContent content, Boolean multiline, Int32 maxLength, GUIStyle style, String secureText, Char maskChar)
   at UnityEngine.GUILayout.DoTextField(String text, Int32 maxLength, Boolean multiline, GUIStyle style, Il2CppReferenceArray`1 options)
   at QteTrainer.QteTrainerUi.OnGUI()
   at Trampoline_VoidThisQteTrainer.QteTrainerUiOnGUI(IntPtr , Il2CppMethodInfo* )
[Error  :Il2CppInterop] Exception in IL2CPP-to-Managed trampoline, not passing it to il2cpp: Il2CppInterop.Runtime.Il2CppException: System.InvalidOperationException: You are trying to read Input using the UnityEngine.Input class, but you have switched active Input handling to Input System package in Player Settings.
--- BEGIN IL2CPP STACK TRACE ---
System.InvalidOperationException: You are trying to read Input using the UnityEngine.Input class, but you have switched active Input handling to Input System package in Player Settings.

--- END IL2CPP STACK TRACE ---

   at Il2CppInterop.Runtime.Il2CppException.RaiseExceptionIfNecessary(IntPtr returnedException) in /home/runner/work/Il2CppInterop/Il2CppInterop/Il2CppInterop.Runtime/Il2CppException.cs:line 36
   at UnityEngine.Input.GetKeyDown(KeyCode key)
   at QteTrainer.QteTrainerUi.Update()
   at Trampoline_VoidThisQteTrainer.QteTrainerUiUpdate(IntPtr , Il2CppMethodInfo* )
[Error  :Il2CppInterop] Exception in IL2CPP-to-Managed trampoline, not passing it to il2cpp: System.NotSupportedException: Method unstripping failed
   at UnityEngine.TextEditor.set_position(Rect value)
   at UnityEngine.GUI.DoTextField(Rect position, Int32 id, GUIContent content, Boolean multiline, Int32 maxLength, GUIStyle style, String secureText, Char maskChar)
   at UnityEngine.GUILayout.DoTextField(String text, Int32 maxLength, Boolean multiline, GUIStyle style, Il2CppReferenceArray`1 options)
   at QteTrainer.QteTrainerUi.OnGUI()
   at Trampoline_VoidThisQteTrainer.QteTrainerUiOnGUI(IntPtr , Il2CppMethodInfo* )
[Error  :Il2CppInterop] Exception in IL2CPP-to-Managed trampoline, not passing it to il2cpp: System.NotSupportedException: Method unstripping failed
   at UnityEngine.TextEditor.set_position(Rect value)
   at UnityEngine.GUI.DoTextField(Rect position, Int32 id, GUIContent content, Boolean multiline, Int32 maxLength, GUIStyle style, String secureText, Char maskChar)
   at UnityEngine.GUILayout.DoTextField(String text, Int32 maxLength, Boolean multiline, GUIStyle style, Il2CppReferenceArray`1 options)
   at QteTrainer.QteTrainerUi.OnGUI()
   at Trampoline_VoidThisQteTrainer.QteTrainerUiOnGUI(IntPtr , Il2CppMethodInfo* )
[Error  :Il2CppInterop] Exception in IL2CPP-to-Managed trampoline, not passing it to il2cpp: System.NotSupportedException: Method unstripping failed
   at UnityEngine.TextEditor.set_position(Rect value)
   at UnityEngine.GUI.DoTextField(Rect position, Int32 id, GUIContent content, Boolean multiline, Int32 maxLength, GUIStyle style, String secureText, Char maskChar)
   at UnityEngine.GUILayout.DoTextField(String text, Int32 maxLength, Boolean multiline, GUIStyle style, Il2CppReferenceArray`1 options)
   at QteTrainer.QteTrainerUi.OnGUI()
   at Trampoline_VoidThisQteTrainer.QteTrainerUiOnGUI(IntPtr , Il2CppMethodInfo* )
[Error  :Il2CppInterop] Exception in IL2CPP-to-Managed trampoline, not passing it to il2cpp: System.NotSupportedException: Method unstripping failed
   at UnityEngine.TextEditor.set_position(Rect value)
   at UnityEngine.GUI.DoTextField(Rect position, Int32 id, GUIContent content, Boolean multiline, Int32 maxLength, GUIStyle style, String secureText, Char maskChar)
   at UnityEngine.GUILayout.DoTextField(String text, Int32 maxLength, Boolean multiline, GUIStyle style, Il2CppReferenceArray`1 options)
   at QteTrainer.QteTrainerUi.OnGUI()
   at Trampoline_VoidThisQteTrainer.QteTrainerUiOnGUI(IntPtr , Il2CppMethodInfo* )
[Error  :Il2CppInterop] Exception in IL2CPP-to-Managed trampoline, not passing it to il2cpp: System.NotSupportedException: Method unstripping failed
   at UnityEngine.TextEditor.set_position(Rect value)
   at UnityEngine.GUI.DoTextField(Rect position, Int32 id, GUIContent content, Boolean multiline, Int32 maxLength, GUIStyle style, String secureText, Char maskChar)
   at UnityEngine.GUILayout.DoTextField(String text, Int32 maxLength, Boolean multiline, GUIStyle style, Il2CppReferenceArray`1 options)
   at QteTrainer.QteTrainerUi.OnGUI()
   at Trampoline_VoidThisQteTrainer.QteTrainerUiOnGUI(IntPtr , Il2CppMethodInfo* )
[Error  :Il2CppInterop] Exception in IL2CPP-to-Managed trampoline, not passing it to il2cpp: System.NotSupportedException: Method unstripping failed
   at UnityEngine.TextEditor.set_position(Rect value)
   at UnityEngine.GUI.DoTextField(Rect position, Int32 id, GUIContent content, Boolean multiline, Int32 maxLength, GUIStyle style, String secureText, Char maskChar)
   at UnityEngine.GUILayout.DoTextField(String text, Int32 maxLength, Boolean multiline, GUIStyle style, Il2CppReferenceArray`1 options)
   at QteTrainer.QteTrainerUi.OnGUI()
   at Trampoline_VoidThisQteTrainer.QteTrainerUiOnGUI(IntPtr , Il2CppMethodInfo* )
[Error  :Il2CppInterop] Exception in IL2CPP-to-Managed trampoline, not passing it to il2cpp: System.NotSupportedException: Method unstripping failed
   at UnityEngine.TextEditor.set_position(Rect value)
   at UnityEngine.GUI.DoTextField(Rect position, Int32 id, GUIContent content, Boolean multiline, Int32 maxLength, GUIStyle style, String secureText, Char maskChar)
   at UnityEngine.GUILayout.DoTextField(String text, Int32 maxLength, Boolean multiline, GUIStyle style, Il2CppReferenceArray`1 options)
   at QteTrainer.QteTrainerUi.OnGUI()
   at Trampoline_VoidThisQteTrainer.QteTrainerUiOnGUI(IntPtr , Il2CppMethodInfo* )
[Error  :Il2CppInterop] Exception in IL2CPP-to-Managed trampoline, not passing it to il2cpp: System.NotSupportedException: Method unstripping failed
   at UnityEngine.TextEditor.set_position(Rect value)
   at UnityEngine.GUI.DoTextField(Rect position, Int32 id, GUIContent content, Boolean multiline, Int32 maxLength, GUIStyle style, String secureText, Char maskChar)
   at UnityEngine.GUILayout.DoTextField(String text, Int32 maxLength, Boolean multiline, GUIStyle style, Il2CppReferenceArray`1 options)
   at QteTrainer.QteTrainerUi.OnGUI()
   at Trampoline_VoidThisQteTrainer.QteTrainerUiOnGUI(IntPtr , Il2CppMethodInfo* )
[Error  :Il2CppInterop] Exception in IL2CPP-to-Managed trampoline, not passing it to il2cpp: Il2CppInterop.Runtime.Il2CppException: System.InvalidOperationException: You are trying to read Input using the UnityEngine.Input class, but you have switched active Input handling to Input System package in Player Settings.
--- BEGIN IL2CPP STACK TRACE ---
System.InvalidOperationException: You are trying to read Input using the UnityEngine.Input class, but you have switched active Input handling to Input System package in Player Settings.

--- END IL2CPP STACK TRACE ---

   at Il2CppInterop.Runtime.Il2CppException.RaiseExceptionIfNecessary(IntPtr returnedException) in /home/runner/work/Il2CppInterop/Il2CppInterop/Il2CppInterop.Runtime/Il2CppException.cs:line 36
   at UnityEngine.Input.GetKeyDown(KeyCode key)
   at QteTrainer.QteTrainerUi.Update()
   at Trampoline_VoidThisQteTrainer.QteTrainerUiUpdate(IntPtr , Il2CppMethodInfo* )
[Error  :Il2CppInterop] Exception in IL2CPP-to-Managed trampoline, not passing it to il2cpp: System.NotSupportedException: Method unstripping failed
   at UnityEngine.TextEditor.set_position(Rect value)
   at UnityEngine.GUI.DoTextField(Rect position, Int32 id, GUIContent content, Boolean multiline, Int32 maxLength, GUIStyle style, String secureText, Char maskChar)
   at UnityEngine.GUILayout.DoTextField(String text, Int32 maxLength, Boolean multiline, GUIStyle style, Il2CppReferenceArray`1 options)
   at QteTrainer.QteTrainerUi.OnGUI()
   at Trampoline_VoidThisQteTrainer.QteTrainerUiOnGUI(IntPtr , Il2CppMethodInfo* )
[Error  :Il2CppInterop] Exception in IL2CPP-to-Managed trampoline, not passing it to il2cpp: System.NotSupportedException: Method unstripping failed
   at UnityEngine.TextEditor.set_position(Rect value)
   at UnityEngine.GUI.DoTextField(Rect position, Int32 id, GUIContent content, Boolean multiline, Int32 maxLength, GUIStyle style, String secureText, Char maskChar)
   at UnityEngine.GUILayout.DoTextField(String text, Int32 maxLength, Boolean multiline, GUIStyle style, Il2CppReferenceArray`1 options)
   at QteTrainer.QteTrainerUi.OnGUI()
   at Trampoline_VoidThisQteTrainer.QteTrainerUiOnGUI(IntPtr , Il2CppMethodInfo* )
[Error  :Il2CppInterop] Exception in IL2CPP-to-Managed trampoline, not passing it to il2cpp: System.NotSupportedException: Method unstripping failed
   at UnityEngine.TextEditor.set_position(Rect value)
   at UnityEngine.GUI.DoTextField(Rect position, Int32 id, GUIContent content, Boolean multiline, Int32 maxLength, GUIStyle style, String secureText, Char maskChar)
   at UnityEngine.GUILayout.DoTextField(String text, Int32 maxLength, Boolean multiline, GUIStyle style, Il2CppReferenceArray`1 options)
   at QteTrainer.QteTrainerUi.OnGUI()
   at Trampoline_VoidThisQteTrainer.QteTrainerUiOnGUI(IntPtr , Il2CppMethodInfo* )
[Error  :Il2CppInterop] Exception in IL2CPP-to-Managed trampoline, not passing it to il2cpp: System.NotSupportedException: Method unstripping failed
   at UnityEngine.TextEditor.set_position(Rect value)
   at UnityEngine.GUI.DoTextField(Rect position, Int32 id, GUIContent content, Boolean multiline, Int32 maxLength, GUIStyle style, String secureText, Char maskChar)
   at UnityEngine.GUILayout.DoTextField(String text, Int32 maxLength, Boolean multiline, GUIStyle style, Il2CppReferenceArray`1 options)
   at QteTrainer.QteTrainerUi.OnGUI()
   at Trampoline_VoidThisQteTrainer.QteTrainerUiOnGUI(IntPtr , Il2CppMethodInfo* )
[Error  :Il2CppInterop] Exception in IL2CPP-to-Managed trampoline, not passing it to il2cpp: Il2CppInterop.Runtime.Il2CppException: System.InvalidOperationException: You are trying to read Input using the UnityEngine.Input class, but you have switched active Input handling to Input System package in Player Settings.
--- BEGIN IL2CPP STACK TRACE ---
System.InvalidOperationException: You are trying to read Input using the UnityEngine.Input class, but you have switched active Input handling to Input System package in Player Settings.

--- END IL2CPP STACK TRACE ---

   at Il2CppInterop.Runtime.Il2CppException.RaiseExceptionIfNecessary(IntPtr returnedException) in /home/runner/work/Il2CppInterop/Il2CppInterop/Il2CppInterop.Runtime/Il2CppException.cs:line 36
   at UnityEngine.Input.GetKeyDown(KeyCode key)
   at QteTrainer.QteTrainerUi.Update()
   at Trampoline_VoidThisQteTrainer.QteTrainerUiUpdate(IntPtr , Il2CppMethodInfo* )
[Error  :Il2CppInterop] Exception in IL2CPP-to-Managed trampoline, not passing it to il2cpp: System.NotSupportedException: Method unstripping failed
   at UnityEngine.TextEditor.set_position(Rect value)
   at UnityEngine.GUI.DoTextField(Rect position, Int32 id, GUIContent content, Boolean multiline, Int32 maxLength, GUIStyle style, String secureText, Char maskChar)
   at UnityEngine.GUILayout.DoTextField(String text, Int32 maxLength, Boolean multiline, GUIStyle style, Il2CppReferenceArray`1 options)
   at QteTrainer.QteTrainerUi.OnGUI()
   at Trampoline_VoidThisQteTrainer.QteTrainerUiOnGUI(IntPtr , Il2CppMethodInfo* )
[Error  :Il2CppInterop] Exception in IL2CPP-to-Managed trampoline, not passing it to il2cpp: System.NotSupportedException: Method unstripping failed
   at UnityEngine.TextEditor.set_position(Rect value)
   at UnityEngine.GUI.DoTextField(Rect position, Int32 id, GUIContent content, Boolean multiline, Int32 maxLength, GUIStyle style, String secureText, Char maskChar)
   at UnityEngine.GUILayout.DoTextField(String text, Int32 maxLength, Boolean multiline, GUIStyle style, Il2CppReferenceArray`1 options)
   at QteTrainer.QteTrainerUi.OnGUI()
   at Trampoline_VoidThisQteTrainer.QteTrainerUiOnGUI(IntPtr , Il2CppMethodInfo* )
[Error  :Il2CppInterop] Exception in IL2CPP-to-Managed trampoline, not passing it to il2cpp: Il2CppInterop.Runtime.Il2CppException: System.InvalidOperationException: You are trying to read Input using the UnityEngine.Input class, but you have switched active Input handling to Input System package in Player Settings.
--- BEGIN IL2CPP STACK TRACE ---
System.InvalidOperationException: You are trying to read Input using the UnityEngine.Input class, but you have switched active Input handling to Input System package in Player Settings.

--- END IL2CPP STACK TRACE ---

   at Il2CppInterop.Runtime.Il2CppException.RaiseExceptionIfNecessary(IntPtr returnedException) in /home/runner/work/Il2CppInterop/Il2CppInterop/Il2CppInterop.Runtime/Il2CppException.cs:line 36
   at UnityEngine.Input.GetKeyDown(KeyCode key)
   at QteTrainer.QteTrainerUi.Update()
   at Trampoline_VoidThisQteTrainer.QteTrainerUiUpdate(IntPtr , Il2CppMethodInfo* )
[Error  :Il2CppInterop] Exception in IL2CPP-to-Managed trampoline, not passing it to il2cpp: System.NotSupportedException: Method unstripping failed
   at UnityEngine.TextEditor.set_position(Rect value)
   at UnityEngine.GUI.DoTextField(Rect position, Int32 id, GUIContent content, Boolean multiline, Int32 maxLength, GUIStyle style, String secureText, Char maskChar)
   at UnityEngine.GUILayout.DoTextField(String text, Int32 maxLength, Boolean multiline, GUIStyle style, Il2CppReferenceArray`1 options)
   at QteTrainer.QteTrainerUi.OnGUI()
   at Trampoline_VoidThisQteTrainer.QteTrainerUiOnGUI(IntPtr , Il2CppMethodInfo* )
[Error  :Il2CppInterop] Exception in IL2CPP-to-Managed trampoline, not passing it to il2cpp: System.NotSupportedException: Method unstripping failed
   at UnityEngine.TextEditor.set_position(Rect value)
   at UnityEngine.GUI.DoTextField(Rect position, Int32 id, GUIContent content, Boolean multiline, Int32 maxLength, GUIStyle style, String secureText, Char maskChar)
   at UnityEngine.GUILayout.DoTextField(String text, Int32 maxLength, Boolean multiline, GUIStyle style, Il2CppReferenceArray`1 options)
   at QteTrainer.QteTrainerUi.OnGUI()
   at Trampoline_VoidThisQteTrainer.QteTrainerUiOnGUI(IntPtr , Il2CppMethodInfo* )
[Error  :Il2CppInterop] Exception in IL2CPP-to-Managed trampoline, not passing it to il2cpp: Il2CppInterop.Runtime.Il2CppException: System.InvalidOperationException: You are trying to read Input using the UnityEngine.Input class, but you have switched active Input handling to Input System package in Player Settings.
--- BEGIN IL2CPP STACK TRACE ---
System.InvalidOperationException: You are trying to read Input using the UnityEngine.Input class, but you have switched active Input handling to Input System package in Player Settings.

--- END IL2CPP STACK TRACE ---

   at Il2CppInterop.Runtime.Il2CppException.RaiseExceptionIfNecessary(IntPtr returnedException) in /home/runner/work/Il2CppInterop/Il2CppInterop/Il2CppInterop.Runtime/Il2CppException.cs:line 36
   at UnityEngine.Input.GetKeyDown(KeyCode key)
   at QteTrainer.QteTrainerUi.Update()
   at Trampoline_VoidThisQteTrainer.QteTrainerUiUpdate(IntPtr , Il2CppMethodInfo* )
[Error  :Il2CppInterop] Exception in IL2CPP-to-Managed trampoline, not passing it to il2cpp: System.NotSupportedException: Method unstripping failed
   at UnityEngine.TextEditor.set_position(Rect value)
   at UnityEngine.GUI.DoTextField(Rect position, Int32 id, GUIContent content, Boolean multiline, Int32 maxLength, GUIStyle style, String secureText, Char maskChar)
   at UnityEngine.GUILayout.DoTextField(String text, Int32 maxLength, Boolean multiline, GUIStyle style, Il2CppReferenceArray`1 options)
   at QteTrainer.QteTrainerUi.OnGUI()
   at Trampoline_VoidThisQteTrainer.QteTrainerUiOnGUI(IntPtr , Il2CppMethodInfo* )
[Error  :Il2CppInterop] Exception in IL2CPP-to-Managed trampoline, not passing it to il2cpp: System.NotSupportedException: Method unstripping failed
   at UnityEngine.TextEditor.set_position(Rect value)
   at UnityEngine.GUI.DoTextField(Rect position, Int32 id, GUIContent content, Boolean multiline, Int32 maxLength, GUIStyle style, String secureText, Char maskChar)
   at UnityEngine.GUILayout.DoTextField(String text, Int32 maxLength, Boolean multiline, GUIStyle style, Il2CppReferenceArray`1 options)
   at QteTrainer.QteTrainerUi.OnGUI()
   at Trampoline_VoidThisQteTrainer.QteTrainerUiOnGUI(IntPtr , Il2CppMethodInfo* )
[Error  :Il2CppInterop] Exception in IL2CPP-to-Managed trampoline, not passing it to il2cpp: System.NotSupportedException: Method unstripping failed
   at UnityEngine.TextEditor.set_position(Rect value)
   at UnityEngine.GUI.DoTextField(Rect position, Int32 id, GUIContent content, Boolean multiline, Int32 maxLength, GUIStyle style, String secureText, Char maskChar)
   at UnityEngine.GUILayout.DoTextField(String text, Int32 maxLength, Boolean multiline, GUIStyle style, Il2CppReferenceArray`1 options)
   at QteTrainer.QteTrainerUi.OnGUI()
   at Trampoline_VoidThisQteTrainer.QteTrainerUiOnGUI(IntPtr , Il2CppMethodInfo* )
[Error  :Il2CppInterop] Exception in IL2CPP-to-Managed trampoline, not passing it to il2cpp: System.NotSupportedException: Method unstripping failed
   at UnityEngine.TextEditor.set_position(Rect value)
   at UnityEngine.GUI.DoTextField(Rect position, Int32 id, GUIContent content, Boolean multiline, Int32 maxLength, GUIStyle style, String secureText, Char maskChar)
   at UnityEngine.GUILayout.DoTextField(String text, Int32 maxLength, Boolean multiline, GUIStyle style, Il2CppReferenceArray`1 options)
   at QteTrainer.QteTrainerUi.OnGUI()
   at Trampoline_VoidThisQteTrainer.QteTrainerUiOnGUI(IntPtr , Il2CppMethodInfo* )
[Error  :Il2CppInterop] Exception in IL2CPP-to-Managed trampoline, not passing it to il2cpp: System.NotSupportedException: Method unstripping failed
   at UnityEngine.TextEditor.set_position(Rect value)
   at UnityEngine.GUI.DoTextField(Rect position, Int32 id, GUIContent content, Boolean multiline, Int32 maxLength, GUIStyle style, String secureText, Char maskChar)
   at UnityEngine.GUILayout.DoTextField(String text, Int32 maxLength, Boolean multiline, GUIStyle style, Il2CppReferenceArray`1 options)
   at QteTrainer.QteTrainerUi.OnGUI()
   at Trampoline_VoidThisQteTrainer.QteTrainerUiOnGUI(IntPtr , Il2CppMethodInfo* )
[Error  :Il2CppInterop] Exception in IL2CPP-to-Managed trampoline, not passing it to il2cpp: System.NotSupportedException: Method unstripping failed
   at UnityEngine.TextEditor.set_position(Rect value)
   at UnityEngine.GUI.DoTextField(Rect position, Int32 id, GUIContent content, Boolean multiline, Int32 maxLength, GUIStyle style, String secureText, Char maskChar)
   at UnityEngine.GUILayout.DoTextField(String text, Int32 maxLength, Boolean multiline, GUIStyle style, Il2CppReferenceArray`1 options)
   at QteTrainer.QteTrainerUi.OnGUI()
   at Trampoline_VoidThisQteTrainer.QteTrainerUiOnGUI(IntPtr , Il2CppMethodInfo* )
[Error  :Il2CppInterop] Exception in IL2CPP-to-Managed trampoline, not passing it to il2cpp: Il2CppInterop.Runtime.Il2CppException: System.InvalidOperationException: You are trying to read Input using the UnityEngine.Input class, but you have switched active Input handling to Input System package in Player Settings.
--- BEGIN IL2CPP STACK TRACE ---
System.InvalidOperationException: You are trying to read Input using the UnityEngine.Input class, but you have switched active Input handling to Input System package in Player Settings.

--- END IL2CPP STACK TRACE ---

   at Il2CppInterop.Runtime.Il2CppException.RaiseExceptionIfNecessary(IntPtr returnedException) in /home/runner/work/Il2CppInterop/Il2CppInterop/Il2CppInterop.Runtime/Il2CppException.cs:line 36
   at UnityEngine.Input.GetKeyDown(KeyCode key)
   at QteTrainer.QteTrainerUi.Update()
   at Trampoline_VoidThisQteTrainer.QteTrainerUiUpdate(IntPtr , Il2CppMethodInfo* )
[Error  :Il2CppInterop] Exception in IL2CPP-to-Managed trampoline, not passing it to il2cpp: System.NotSupportedException: Method unstripping failed
   at UnityEngine.TextEditor.set_position(Rect value)
   at UnityEngine.GUI.DoTextField(Rect position, Int32 id, GUIContent content, Boolean multiline, Int32 maxLength, GUIStyle style, String secureText, Char maskChar)
   at UnityEngine.GUILayout.DoTextField(String text, Int32 maxLength, Boolean multiline, GUIStyle style, Il2CppReferenceArray`1 options)
   at QteTrainer.QteTrainerUi.OnGUI()
   at Trampoline_VoidThisQteTrainer.QteTrainerUiOnGUI(IntPtr , Il2CppMethodInfo* )
[Error  :Il2CppInterop] Exception in IL2CPP-to-Managed trampoline, not passing it to il2cpp: System.NotSupportedException: Method unstripping failed
   at UnityEngine.TextEditor.set_position(Rect value)
   at UnityEngine.GUI.DoTextField(Rect position, Int32 id, GUIContent content, Boolean multiline, Int32 maxLength, GUIStyle style, String secureText, Char maskChar)
   at UnityEngine.GUILayout.DoTextField(String text, Int32 maxLength, Boolean multiline, GUIStyle style, Il2CppReferenceArray`1 options)
   at QteTrainer.QteTrainerUi.OnGUI()
   at Trampoline_VoidThisQteTrainer.QteTrainerUiOnGUI(IntPtr , Il2CppMethodInfo* )
[Error  :Il2CppInterop] Exception in IL2CPP-to-Managed trampoline, not passing it to il2cpp: System.NotSupportedException: Method unstripping failed
   at UnityEngine.TextEditor.set_position(Rect value)
   at UnityEngine.GUI.DoTextField(Rect position, Int32 id, GUIContent content, Boolean multiline, Int32 maxLength, GUIStyle style, String secureText, Char maskChar)
   at UnityEngine.GUILayout.DoTextField(String text, Int32 maxLength, Boolean multiline, GUIStyle style, Il2CppReferenceArray`1 options)
   at QteTrainer.QteTrainerUi.OnGUI()
   at Trampoline_VoidThisQteTrainer.QteTrainerUiOnGUI(IntPtr , Il2CppMethodInfo* )
[Error  :Il2CppInterop] Exception in IL2CPP-to-Managed trampoline, not passing it to il2cpp: System.NotSupportedException: Method unstripping failed
   at UnityEngine.TextEditor.set_position(Rect value)
   at UnityEngine.GUI.DoTextField(Rect position, Int32 id, GUIContent content, Boolean multiline, Int32 maxLength, GUIStyle style, String secureText, Char maskChar)
   at UnityEngine.GUILayout.DoTextField(String text, Int32 maxLength, Boolean multiline, GUIStyle style, Il2CppReferenceArray`1 options)
   at QteTrainer.QteTrainerUi.OnGUI()
   at Trampoline_VoidThisQteTrainer.QteTrainerUiOnGUI(IntPtr , Il2CppMethodInfo* )
[Error  :Il2CppInterop] Exception in IL2CPP-to-Managed trampoline, not passing it to il2cpp: Il2CppInterop.Runtime.Il2CppException: System.InvalidOperationException: You are trying to read Input using the UnityEngine.Input class, but you have switched active Input handling to Input System package in Player Settings.
--- BEGIN IL2CPP STACK TRACE ---
System.InvalidOperationException: You are trying to read Input using the UnityEngine.Input class, but you have switched active Input handling to Input System package in Player Settings.

--- END IL2CPP STACK TRACE ---

   at Il2CppInterop.Runtime.Il2CppException.RaiseExceptionIfNecessary(IntPtr returnedException) in /home/runner/work/Il2CppInterop/Il2CppInterop/Il2CppInterop.Runtime/Il2CppException.cs:line 36
   at UnityEngine.Input.GetKeyDown(KeyCode key)
   at QteTrainer.QteTrainerUi.Update()
   at Trampoline_VoidThisQteTrainer.QteTrainerUiUpdate(IntPtr , Il2CppMethodInfo* )
[Error  :Il2CppInterop] Exception in IL2CPP-to-Managed trampoline, not passing it to il2cpp: System.NotSupportedException: Method unstripping failed
   at UnityEngine.TextEditor.set_position(Rect value)
   at UnityEngine.GUI.DoTextField(Rect position, Int32 id, GUIContent content, Boolean multiline, Int32 maxLength, GUIStyle style, String secureText, Char maskChar)
   at UnityEngine.GUILayout.DoTextField(String text, Int32 maxLength, Boolean multiline, GUIStyle style, Il2CppReferenceArray`1 options)
   at QteTrainer.QteTrainerUi.OnGUI()
   at Trampoline_VoidThisQteTrainer.QteTrainerUiOnGUI(IntPtr , Il2CppMethodInfo* )
[Error  :Il2CppInterop] Exception in IL2CPP-to-Managed trampoline, not passing it to il2cpp: System.NotSupportedException: Method unstripping failed
   at UnityEngine.TextEditor.set_position(Rect value)
   at UnityEngine.GUI.DoTextField(Rect position, Int32 id, GUIContent content, Boolean multiline, Int32 maxLength, GUIStyle style, String secureText, Char maskChar)
   at UnityEngine.GUILayout.DoTextField(String text, Int32 maxLength, Boolean multiline, GUIStyle style, Il2CppReferenceArray`1 options)
   at QteTrainer.QteTrainerUi.OnGUI()
   at Trampoline_VoidThisQteTrainer.QteTrainerUiOnGUI(IntPtr , Il2CppMethodInfo* )
[Error  :Il2CppInterop] Exception in IL2CPP-to-Managed trampoline, not passing it to il2cpp: Il2CppInterop.Runtime.Il2CppException: System.InvalidOperationException: You are trying to read Input using the UnityEngine.Input class, but you have switched active Input handling to Input System package in Player Settings.
--- BEGIN IL2CPP STACK TRACE ---
System.InvalidOperationException: You are trying to read Input using the UnityEngine.Input class, but you have switched active Input handling to Input System package in Player Settings.

--- END IL2CPP STACK TRACE ---

   at Il2CppInterop.Runtime.Il2CppException.RaiseExceptionIfNecessary(IntPtr returnedException) in /home/runner/work/Il2CppInterop/Il2CppInterop/Il2CppInterop.Runtime/Il2CppException.cs:line 36
   at UnityEngine.Input.GetKeyDown(KeyCode key)
   at QteTrainer.QteTrainerUi.Update()
   at Trampoline_VoidThisQteTrainer.QteTrainerUiUpdate(IntPtr , Il2CppMethodInfo* )
[Error  :Il2CppInterop] Exception in IL2CPP-to-Managed trampoline, not passing it to il2cpp: System.NotSupportedException: Method unstripping failed
   at UnityEngine.TextEditor.set_position(Rect value)
   at UnityEngine.GUI.DoTextField(Rect position, Int32 id, GUIContent content, Boolean multiline, Int32 maxLength, GUIStyle style, String secureText, Char maskChar)
   at UnityEngine.GUILayout.DoTextField(String text, Int32 maxLength, Boolean multiline, GUIStyle style, Il2CppReferenceArray`1 options)
   at QteTrainer.QteTrainerUi.OnGUI()
   at Trampoline_VoidThisQteTrainer.QteTrainerUiOnGUI(IntPtr , Il2CppMethodInfo* )
[Error  :Il2CppInterop] Exception in IL2CPP-to-Managed trampoline, not passing it to il2cpp: System.NotSupportedException: Method unstripping failed
   at UnityEngine.TextEditor.set_position(Rect value)
   at UnityEngine.GUI.DoTextField(Rect position, Int32 id, GUIContent content, Boolean multiline, Int32 maxLength, GUIStyle style, String secureText, Char maskChar)
   at UnityEngine.GUILayout.DoTextField(String text, Int32 maxLength, Boolean multiline, GUIStyle style, Il2CppReferenceArray`1 options)
   at QteTrainer.QteTrainerUi.OnGUI()
   at Trampoline_VoidThisQteTrainer.QteTrainerUiOnGUI(IntPtr , Il2CppMethodInfo* )
[Error  :Il2CppInterop] Exception in IL2CPP-to-Managed trampoline, not passing it to il2cpp: System.NotSupportedException: Method unstripping failed
   at UnityEngine.TextEditor.set_position(Rect value)
   at UnityEngine.GUI.DoTextField(Rect position, Int32 id, GUIContent content, Boolean multiline, Int32 maxLength, GUIStyle style, String secureText, Char maskChar)
   at UnityEngine.GUILayout.DoTextField(String text, Int32 maxLength, Boolean multiline, GUIStyle style, Il2CppReferenceArray`1 options)
   at QteTrainer.QteTrainerUi.OnGUI()
   at Trampoline_VoidThisQteTrainer.QteTrainerUiOnGUI(IntPtr , Il2CppMethodInfo* )
[Error  :Il2CppInterop] Exception in IL2CPP-to-Managed trampoline, not passing it to il2cpp: System.NotSupportedException: Method unstripping failed
   at UnityEngine.TextEditor.set_position(Rect value)
   at UnityEngine.GUI.DoTextField(Rect position, Int32 id, GUIContent content, Boolean multiline, Int32 maxLength, GUIStyle style, String secureText, Char maskChar)
   at UnityEngine.GUILayout.DoTextField(String text, Int32 maxLength, Boolean multiline, GUIStyle style, Il2CppReferenceArray`1 options)
   at QteTrainer.QteTrainerUi.OnGUI()
   at Trampoline_VoidThisQteTrainer.QteTrainerUiOnGUI(IntPtr , Il2CppMethodInfo* )
[Error  :Il2CppInterop] Exception in IL2CPP-to-Managed trampoline, not passing it to il2cpp: System.NotSupportedException: Method unstripping failed
   at UnityEngine.TextEditor.set_position(Rect value)
   at UnityEngine.GUI.DoTextField(Rect position, Int32 id, GUIContent content, Boolean multiline, Int32 maxLength, GUIStyle style, String secureText, Char maskChar)
   at UnityEngine.GUILayout.DoTextField(String text, Int32 maxLength, Boolean multiline, GUIStyle style, Il2CppReferenceArray`1 options)
   at QteTrainer.QteTrainerUi.OnGUI()
   at Trampoline_VoidThisQteTrainer.QteTrainerUiOnGUI(IntPtr , Il2CppMethodInfo* )
[Error  :Il2CppInterop] Exception in IL2CPP-to-Managed trampoline, not passing it to il2cpp: System.NotSupportedException: Method unstripping failed
   at UnityEngine.TextEditor.set_position(Rect value)
   at UnityEngine.GUI.DoTextField(Rect position, Int32 id, GUIContent content, Boolean multiline, Int32 maxLength, GUIStyle style, String secureText, Char maskChar)
   at UnityEngine.GUILayout.DoTextField(String text, Int32 maxLength, Boolean multiline, GUIStyle style, Il2CppReferenceArray`1 options)
   at QteTrainer.QteTrainerUi.OnGUI()
   at Trampoline_VoidThisQteTrainer.QteTrainerUiOnGUI(IntPtr , Il2CppMethodInfo* )
[Error  :Il2CppInterop] Exception in IL2CPP-to-Managed trampoline, not passing it to il2cpp: Il2CppInterop.Runtime.Il2CppException: System.InvalidOperationException: You are trying to read Input using the UnityEngine.Input class, but you have switched active Input handling to Input System package in Player Settings.
--- BEGIN IL2CPP STACK TRACE ---
System.InvalidOperationException: You are trying to read Input using the UnityEngine.Input class, but you have switched active Input handling to Input System package in Player Settings.

--- END IL2CPP STACK TRACE ---

   at Il2CppInterop.Runtime.Il2CppException.RaiseExceptionIfNecessary(IntPtr returnedException) in /home/runner/work/Il2CppInterop/Il2CppInterop/Il2CppInterop.Runtime/Il2CppException.cs:line 36
   at UnityEngine.Input.GetKeyDown(KeyCode key)
   at QteTrainer.QteTrainerUi.Update()
   at Trampoline_VoidThisQteTrainer.QteTrainerUiUpdate(IntPtr , Il2CppMethodInfo* )
[Error  :Il2CppInterop] Exception in IL2CPP-to-Managed trampoline, not passing it to il2cpp: System.NotSupportedException: Method unstripping failed
   at UnityEngine.TextEditor.set_position(Rect value)
   at UnityEngine.GUI.DoTextField(Rect position, Int32 id, GUIContent content, Boolean multiline, Int32 maxLength, GUIStyle style, String secureText, Char maskChar)
   at UnityEngine.GUILayout.DoTextField(String text, Int32 maxLength, Boolean multiline, GUIStyle style, Il2CppReferenceArray`1 options)
   at QteTrainer.QteTrainerUi.OnGUI()
   at Trampoline_VoidThisQteTrainer.QteTrainerUiOnGUI(IntPtr , Il2CppMethodInfo* )
[Error  :Il2CppInterop] Exception in IL2CPP-to-Managed trampoline, not passing it to il2cpp: System.NotSupportedException: Method unstripping failed
   at UnityEngine.TextEditor.set_position(Rect value)
   at UnityEngine.GUI.DoTextField(Rect position, Int32 id, GUIContent content, Boolean multiline, Int32 maxLength, GUIStyle style, String secureText, Char maskChar)
   at UnityEngine.GUILayout.DoTextField(String text, Int32 maxLength, Boolean multiline, GUIStyle style, Il2CppReferenceArray`1 options)
   at QteTrainer.QteTrainerUi.OnGUI()
   at Trampoline_VoidThisQteTrainer.QteTrainerUiOnGUI(IntPtr , Il2CppMethodInfo* )
[Error  :Il2CppInterop] Exception in IL2CPP-to-Managed trampoline, not passing it to il2cpp: System.NotSupportedException: Method unstripping failed
   at UnityEngine.TextEditor.set_position(Rect value)
   at UnityEngine.GUI.DoTextField(Rect position, Int32 id, GUIContent content, Boolean multiline, Int32 maxLength, GUIStyle style, String secureText, Char maskChar)
   at UnityEngine.GUILayout.DoTextField(String text, Int32 maxLength, Boolean multiline, GUIStyle style, Il2CppReferenceArray`1 options)
   at QteTrainer.QteTrainerUi.OnGUI()
   at Trampoline_VoidThisQteTrainer.QteTrainerUiOnGUI(IntPtr , Il2CppMethodInfo* )
[Error  :Il2CppInterop] Exception in IL2CPP-to-Managed trampoline, not passing it to il2cpp: System.NotSupportedException: Method unstripping failed
   at UnityEngine.TextEditor.set_position(Rect value)
   at UnityEngine.GUI.DoTextField(Rect position, Int32 id, GUIContent content, Boolean multiline, Int32 maxLength, GUIStyle style, String secureText, Char maskChar)
   at UnityEngine.GUILayout.DoTextField(String text, Int32 maxLength, Boolean multiline, GUIStyle style, Il2CppReferenceArray`1 options)
   at QteTrainer.QteTrainerUi.OnGUI()
   at Trampoline_VoidThisQteTrainer.QteTrainerUiOnGUI(IntPtr , Il2CppMethodInfo* )
[Error  :Il2CppInterop] Exception in IL2CPP-to-Managed trampoline, not passing it to il2cpp: System.NotSupportedException: Method unstripping failed
   at UnityEngine.TextEditor.set_position(Rect value)
   at UnityEngine.GUI.DoTextField(Rect position, Int32 id, GUIContent content, Boolean multiline, Int32 maxLength, GUIStyle style, String secureText, Char maskChar)
   at UnityEngine.GUILayout.DoTextField(String text, Int32 maxLength, Boolean multiline, GUIStyle style, Il2CppReferenceArray`1 options)
   at QteTrainer.QteTrainerUi.OnGUI()
   at Trampoline_VoidThisQteTrainer.QteTrainerUiOnGUI(IntPtr , Il2CppMethodInfo* )
[Error  :Il2CppInterop] Exception in IL2CPP-to-Managed trampoline, not passing it to il2cpp: System.NotSupportedException: Method unstripping failed
   at UnityEngine.TextEditor.set_position(Rect value)
   at UnityEngine.GUI.DoTextField(Rect position, Int32 id, GUIContent content, Boolean multiline, Int32 maxLength, GUIStyle style, String secureText, Char maskChar)
   at UnityEngine.GUILayout.DoTextField(String text, Int32 maxLength, Boolean multiline, GUIStyle style, Il2CppReferenceArray`1 options)
   at QteTrainer.QteTrainerUi.OnGUI()
   at Trampoline_VoidThisQteTrainer.QteTrainerUiOnGUI(IntPtr , Il2CppMethodInfo* )
[Error  :Il2CppInterop] Exception in IL2CPP-to-Managed trampoline, not passing it to il2cpp: System.NotSupportedException: Method unstripping failed
   at UnityEngine.TextEditor.set_position(Rect value)
   at UnityEngine.GUI.DoTextField(Rect position, Int32 id, GUIContent content, Boolean multiline, Int32 maxLength, GUIStyle style, String secureText, Char maskChar)
   at UnityEngine.GUILayout.DoTextField(String text, Int32 maxLength, Boolean multiline, GUIStyle style, Il2CppReferenceArray`1 options)
   at QteTrainer.QteTrainerUi.OnGUI()
   at Trampoline_VoidThisQteTrainer.QteTrainerUiOnGUI(IntPtr , Il2CppMethodInfo* )
[Error  :Il2CppInterop] Exception in IL2CPP-to-Managed trampoline, not passing it to il2cpp: System.NotSupportedException: Method unstripping failed
   at UnityEngine.TextEditor.set_position(Rect value)
   at UnityEngine.GUI.DoTextField(Rect position, Int32 id, GUIContent content, Boolean multiline, Int32 maxLength, GUIStyle style, String secureText, Char maskChar)
   at UnityEngine.GUILayout.DoTextField(String text, Int32 maxLength, Boolean multiline, GUIStyle style, Il2CppReferenceArray`1 options)
   at QteTrainer.QteTrainerUi.OnGUI()
   at Trampoline_VoidThisQteTrainer.QteTrainerUiOnGUI(IntPtr , Il2CppMethodInfo* )
[Error  :Il2CppInterop] Exception in IL2CPP-to-Managed trampoline, not passing it to il2cpp: System.NotSupportedException: Method unstripping failed
   at UnityEngine.TextEditor.set_position(Rect value)
   at UnityEngine.GUI.DoTextField(Rect position, Int32 id, GUIContent content, Boolean multiline, Int32 maxLength, GUIStyle style, String secureText, Char maskChar)
   at UnityEngine.GUILayout.DoTextField(String text, Int32 maxLength, Boolean multiline, GUIStyle style, Il2CppReferenceArray`1 options)
   at QteTrainer.QteTrainerUi.OnGUI()
   at Trampoline_VoidThisQteTrainer.QteTrainerUiOnGUI(IntPtr , Il2CppMethodInfo* )
[Error  :Il2CppInterop] Exception in IL2CPP-to-Managed trampoline, not passing it to il2cpp: System.NotSupportedException: Method unstripping failed
   at UnityEngine.TextEditor.set_position(Rect value)
   at UnityEngine.GUI.DoTextField(Rect position, Int32 id, GUIContent content, Boolean multiline, Int32 maxLength, GUIStyle style, String secureText, Char maskChar)
   at UnityEngine.GUILayout.DoTextField(String text, Int32 maxLength, Boolean multiline, GUIStyle style, Il2CppReferenceArray`1 options)
   at QteTrainer.QteTrainerUi.OnGUI()
   at Trampoline_VoidThisQteTrainer.QteTrainerUiOnGUI(IntPtr , Il2CppMethodInfo* )
[Error  :Il2CppInterop] Exception in IL2CPP-to-Managed trampoline, not passing it to il2cpp: System.NotSupportedException: Method unstripping failed
   at UnityEngine.TextEditor.set_position(Rect value)
   at UnityEngine.GUI.DoTextField(Rect position, Int32 id, GUIContent content, Boolean multiline, Int32 maxLength, GUIStyle style, String secureText, Char maskChar)
   at UnityEngine.GUILayout.DoTextField(String text, Int32 maxLength, Boolean multiline, GUIStyle style, Il2CppReferenceArray`1 options)
   at QteTrainer.QteTrainerUi.OnGUI()
   at Trampoline_VoidThisQteTrainer.QteTrainerUiOnGUI(IntPtr , Il2CppMethodInfo* )
[Error  :Il2CppInterop] Exception in IL2CPP-to-Managed trampoline, not passing it to il2cpp: System.NotSupportedException: Method unstripping failed
   at UnityEngine.TextEditor.set_position(Rect value)
   at UnityEngine.GUI.DoTextField(Rect position, Int32 id, GUIContent content, Boolean multiline, Int32 maxLength, GUIStyle style, String secureText, Char maskChar)
   at UnityEngine.GUILayout.DoTextField(String text, Int32 maxLength, Boolean multiline, GUIStyle style, Il2CppReferenceArray`1 options)
   at QteTrainer.QteTrainerUi.OnGUI()
   at Trampoline_VoidThisQteTrainer.QteTrainerUiOnGUI(IntPtr , Il2CppMethodInfo* )
[Error  :Il2CppInterop] Exception in IL2CPP-to-Managed trampoline, not passing it to il2cpp: System.NotSupportedException: Method unstripping failed
   at UnityEngine.TextEditor.set_position(Rect value)
   at UnityEngine.GUI.DoTextField(Rect position, Int32 id, GUIContent content, Boolean multiline, Int32 maxLength, GUIStyle style, String secureText, Char maskChar)
   at UnityEngine.GUILayout.DoTextField(String text, Int32 maxLength, Boolean multiline, GUIStyle style, Il2CppReferenceArray`1 options)
   at QteTrainer.QteTrainerUi.OnGUI()
   at Trampoline_VoidThisQteTrainer.QteTrainerUiOnGUI(IntPtr , Il2CppMethodInfo* )
[Error  :Il2CppInterop] Exception in IL2CPP-to-Managed trampoline, not passing it to il2cpp: System.NotSupportedException: Method unstripping failed
   at UnityEngine.TextEditor.set_position(Rect value)
   at UnityEngine.GUI.DoTextField(Rect position, Int32 id, GUIContent content, Boolean multiline, Int32 maxLength, GUIStyle style, String secureText, Char maskChar)
   at UnityEngine.GUILayout.DoTextField(String text, Int32 maxLength, Boolean multiline, GUIStyle style, Il2CppReferenceArray`1 options)
   at QteTrainer.QteTrainerUi.OnGUI()
   at Trampoline_VoidThisQteTrainer.QteTrainerUiOnGUI(IntPtr , Il2CppMethodInfo* )
[Error  :Il2CppInterop] Exception in IL2CPP-to-Managed trampoline, not passing it to il2cpp: System.NotSupportedException: Method unstripping failed
   at UnityEngine.TextEditor.set_position(Rect value)
   at UnityEngine.GUI.DoTextField(Rect position, Int32 id, GUIContent content, Boolean multiline, Int32 maxLength, GUIStyle style, String secureText, Char maskChar)
   at UnityEngine.GUILayout.DoTextField(String text, Int32 maxLength, Boolean multiline, GUIStyle style, Il2CppReferenceArray`1 options)
   at QteTrainer.QteTrainerUi.OnGUI()
   at Trampoline_VoidThisQteTrainer.QteTrainerUiOnGUI(IntPtr , Il2CppMethodInfo* )
[Error  :Il2CppInterop] Exception in IL2CPP-to-Managed trampoline, not passing it to il2cpp: System.NotSupportedException: Method unstripping failed
   at UnityEngine.TextEditor.set_position(Rect value)
   at UnityEngine.GUI.DoTextField(Rect position, Int32 id, GUIContent content, Boolean multiline, Int32 maxLength, GUIStyle style, String secureText, Char maskChar)
   at UnityEngine.GUILayout.DoTextField(String text, Int32 maxLength, Boolean multiline, GUIStyle style, Il2CppReferenceArray`1 options)
   at QteTrainer.QteTrainerUi.OnGUI()
   at Trampoline_VoidThisQteTrainer.QteTrainerUiOnGUI(IntPtr , Il2CppMethodInfo* )
[Error  :Il2CppInterop] Exception in IL2CPP-to-Managed trampoline, not passing it to il2cpp: System.NotSupportedException: Method unstripping failed
   at UnityEngine.TextEditor.set_position(Rect value)
   at UnityEngine.GUI.DoTextField(Rect position, Int32 id, GUIContent content, Boolean multiline, Int32 maxLength, GUIStyle style, String secureText, Char maskChar)
   at UnityEngine.GUILayout.DoTextField(String text, Int32 maxLength, Boolean multiline, GUIStyle style, Il2CppReferenceArray`1 options)
   at QteTrainer.QteTrainerUi.OnGUI()
   at Trampoline_VoidThisQteTrainer.QteTrainerUiOnGUI(IntPtr , Il2CppMethodInfo* )
[Error  :Il2CppInterop] Exception in IL2CPP-to-Managed trampoline, not passing it to il2cpp: System.NotSupportedException: Method unstripping failed
   at UnityEngine.TextEditor.set_position(Rect value)
   at UnityEngine.GUI.DoTextField(Rect position, Int32 id, GUIContent content, Boolean multiline, Int32 maxLength, GUIStyle style, String secureText, Char maskChar)
   at UnityEngine.GUILayout.DoTextField(String text, Int32 maxLength, Boolean multiline, GUIStyle style, Il2CppReferenceArray`1 options)
   at QteTrainer.QteTrainerUi.OnGUI()
   at Trampoline_VoidThisQteTrainer.QteTrainerUiOnGUI(IntPtr , Il2CppMethodInfo* )
[Error  :Il2CppInterop] Exception in IL2CPP-to-Managed trampoline, not passing it to il2cpp: Il2CppInterop.Runtime.Il2CppException: System.InvalidOperationException: You are trying to read Input using the UnityEngine.Input class, but you have switched active Input handling to Input System package in Player Settings.
--- BEGIN IL2CPP STACK TRACE ---
System.InvalidOperationException: You are trying to read Input using the UnityEngine.Input class, but you have switched active Input handling to Input System package in Player Settings.

--- END IL2CPP STACK TRACE ---

   at Il2CppInterop.Runtime.Il2CppException.RaiseExceptionIfNecessary(IntPtr returnedException) in /home/runner/work/Il2CppInterop/Il2CppInterop/Il2CppInterop.Runtime/Il2CppException.cs:line 36
   at UnityEngine.Input.GetKeyDown(KeyCode key)
   at QteTrainer.QteTrainerUi.Update()
   at Trampoline_VoidThisQteTrainer.QteTrainerUiUpdate(IntPtr , Il2CppMethodInfo* )
[Error  :Il2CppInterop] Exception in IL2CPP-to-Managed trampoline, not passing it to il2cpp: System.NotSupportedException: Method unstripping failed
   at UnityEngine.TextEditor.set_position(Rect value)
   at UnityEngine.GUI.DoTextField(Rect position, Int32 id, GUIContent content, Boolean multiline, Int32 maxLength, GUIStyle style, String secureText, Char maskChar)
   at UnityEngine.GUILayout.DoTextField(String text, Int32 maxLength, Boolean multiline, GUIStyle style, Il2CppReferenceArray`1 options)
   at QteTrainer.QteTrainerUi.OnGUI()
   at Trampoline_VoidThisQteTrainer.QteTrainerUiOnGUI(IntPtr , Il2CppMethodInfo* )
[Error  :Il2CppInterop] Exception in IL2CPP-to-Managed trampoline, not passing it to il2cpp: System.NotSupportedException: Method unstripping failed
   at UnityEngine.TextEditor.set_position(Rect value)
   at UnityEngine.GUI.DoTextField(Rect position, Int32 id, GUIContent content, Boolean multiline, Int32 maxLength, GUIStyle style, String secureText, Char maskChar)
   at UnityEngine.GUILayout.DoTextField(String text, Int32 maxLength, Boolean multiline, GUIStyle style, Il2CppReferenceArray`1 options)
   at QteTrainer.QteTrainerUi.OnGUI()
   at Trampoline_VoidThisQteTrainer.QteTrainerUiOnGUI(IntPtr , Il2CppMethodInfo* )
[Error  :Il2CppInterop] Exception in IL2CPP-to-Managed trampoline, not passing it to il2cpp: System.NotSupportedException: Method unstripping failed
   at UnityEngine.TextEditor.set_position(Rect value)
   at UnityEngine.GUI.DoTextField(Rect position, Int32 id, GUIContent content, Boolean multiline, Int32 maxLength, GUIStyle style, String secureText, Char maskChar)
   at UnityEngine.GUILayout.DoTextField(String text, Int32 maxLength, Boolean multiline, GUIStyle style, Il2CppReferenceArray`1 options)
   at QteTrainer.QteTrainerUi.OnGUI()
   at Trampoline_VoidThisQteTrainer.QteTrainerUiOnGUI(IntPtr , Il2CppMethodInfo* )
[Error  :Il2CppInterop] Exception in IL2CPP-to-Managed trampoline, not passing it to il2cpp: System.NotSupportedException: Method unstripping failed
   at UnityEngine.TextEditor.set_position(Rect value)
   at UnityEngine.GUI.DoTextField(Rect position, Int32 id, GUIContent content, Boolean multiline, Int32 maxLength, GUIStyle style, String secureText, Char maskChar)
   at UnityEngine.GUILayout.DoTextField(String text, Int32 maxLength, Boolean multiline, GUIStyle style, Il2CppReferenceArray`1 options)
   at QteTrainer.QteTrainerUi.OnGUI()
   at Trampoline_VoidThisQteTrainer.QteTrainerUiOnGUI(IntPtr , Il2CppMethodInfo* )
[Error  :Il2CppInterop] Exception in IL2CPP-to-Managed trampoline, not passing it to il2cpp: Il2CppInterop.Runtime.Il2CppException: System.InvalidOperationException: You are trying to read Input using the UnityEngine.Input class, but you have switched active Input handling to Input System package in Player Settings.
--- BEGIN IL2CPP STACK TRACE ---
System.InvalidOperationException: You are trying to read Input using the UnityEngine.Input class, but you have switched active Input handling to Input System package in Player Settings.

--- END IL2CPP STACK TRACE ---

   at Il2CppInterop.Runtime.Il2CppException.RaiseExceptionIfNecessary(IntPtr returnedException) in /home/runner/work/Il2CppInterop/Il2CppInterop/Il2CppInterop.Runtime/Il2CppException.cs:line 36
   at UnityEngine.Input.GetKeyDown(KeyCode key)
   at QteTrainer.QteTrainerUi.Update()
   at Trampoline_VoidThisQteTrainer.QteTrainerUiUpdate(IntPtr , Il2CppMethodInfo* )
[Error  :Il2CppInterop] Exception in IL2CPP-to-Managed trampoline, not passing it to il2cpp: System.NotSupportedException: Method unstripping failed
   at UnityEngine.TextEditor.set_position(Rect value)
   at UnityEngine.GUI.DoTextField(Rect position, Int32 id, GUIContent content, Boolean multiline, Int32 maxLength, GUIStyle style, String secureText, Char maskChar)
   at UnityEngine.GUILayout.DoTextField(String text, Int32 maxLength, Boolean multiline, GUIStyle style, Il2CppReferenceArray`1 options)
   at QteTrainer.QteTrainerUi.OnGUI()
   at Trampoline_VoidThisQteTrainer.QteTrainerUiOnGUI(IntPtr , Il2CppMethodInfo* )
[Error  :Il2CppInterop] Exception in IL2CPP-to-Managed trampoline, not passing it to il2cpp: System.NotSupportedException: Method unstripping failed
   at UnityEngine.TextEditor.set_position(Rect value)
   at UnityEngine.GUI.DoTextField(Rect position, Int32 id, GUIContent content, Boolean multiline, Int32 maxLength, GUIStyle style, String secureText, Char maskChar)
   at UnityEngine.GUILayout.DoTextField(String text, Int32 maxLength, Boolean multiline, GUIStyle style, Il2CppReferenceArray`1 options)
   at QteTrainer.QteTrainerUi.OnGUI()
   at Trampoline_VoidThisQteTrainer.QteTrainerUiOnGUI(IntPtr , Il2CppMethodInfo* )
[Error  :Il2CppInterop] Exception in IL2CPP-to-Managed trampoline, not passing it to il2cpp: System.NotSupportedException: Method unstripping failed
   at UnityEngine.TextEditor.set_position(Rect value)
   at UnityEngine.GUI.DoTextField(Rect position, Int32 id, GUIContent content, Boolean multiline, Int32 maxLength, GUIStyle style, String secureText, Char maskChar)
   at UnityEngine.GUILayout.DoTextField(String text, Int32 maxLength, Boolean multiline, GUIStyle style, Il2CppReferenceArray`1 options)
   at QteTrainer.QteTrainerUi.OnGUI()
   at Trampoline_VoidThisQteTrainer.QteTrainerUiOnGUI(IntPtr , Il2CppMethodInfo* )
[Error  :Il2CppInterop] Exception in IL2CPP-to-Managed trampoline, not passing it to il2cpp: System.NotSupportedException: Method unstripping failed
   at UnityEngine.TextEditor.set_position(Rect value)
   at UnityEngine.GUI.DoTextField(Rect position, Int32 id, GUIContent content, Boolean multiline, Int32 maxLength, GUIStyle style, String secureText, Char maskChar)
   at UnityEngine.GUILayout.DoTextField(String text, Int32 maxLength, Boolean multiline, GUIStyle style, Il2CppReferenceArray`1 options)
   at QteTrainer.QteTrainerUi.OnGUI()
   at Trampoline_VoidThisQteTrainer.QteTrainerUiOnGUI(IntPtr , Il2CppMethodInfo* )
[Error  :Il2CppInterop] Exception in IL2CPP-to-Managed trampoline, not passing it to il2cpp: System.NotSupportedException: Method unstripping failed
   at UnityEngine.TextEditor.set_position(Rect value)
   at UnityEngine.GUI.DoTextField(Rect position, Int32 id, GUIContent content, Boolean multiline, Int32 maxLength, GUIStyle style, String secureText, Char maskChar)
   at UnityEngine.GUILayout.DoTextField(String text, Int32 maxLength, Boolean multiline, GUIStyle style, Il2CppReferenceArray`1 options)
   at QteTrainer.QteTrainerUi.OnGUI()
   at Trampoline_VoidThisQteTrainer.QteTrainerUiOnGUI(IntPtr , Il2CppMethodInfo* )
[Error  :Il2CppInterop] Exception in IL2CPP-to-Managed trampoline, not passing it to il2cpp: System.NotSupportedException: Method unstripping failed
   at UnityEngine.TextEditor.set_position(Rect value)
   at UnityEngine.GUI.DoTextField(Rect position, Int32 id, GUIContent content, Boolean multiline, Int32 maxLength, GUIStyle style, String secureText, Char maskChar)
   at UnityEngine.GUILayout.DoTextField(String text, Int32 maxLength, Boolean multiline, GUIStyle style, Il2CppReferenceArray`1 options)
   at QteTrainer.QteTrainerUi.OnGUI()
   at Trampoline_VoidThisQteTrainer.QteTrainerUiOnGUI(IntPtr , Il2CppMethodInfo* )
[Error  :Il2CppInterop] Exception in IL2CPP-to-Managed trampoline, not passing it to il2cpp: System.NotSupportedException: Method unstripping failed
   at UnityEngine.TextEditor.set_position(Rect value)
   at UnityEngine.GUI.DoTextField(Rect position, Int32 id, GUIContent content, Boolean multiline, Int32 maxLength, GUIStyle style, String secureText, Char maskChar)
   at UnityEngine.GUILayout.DoTextField(String text, Int32 maxLength, Boolean multiline, GUIStyle style, Il2CppReferenceArray`1 options)
   at QteTrainer.QteTrainerUi.OnGUI()
   at Trampoline_VoidThisQteTrainer.QteTrainerUiOnGUI(IntPtr , Il2CppMethodInfo* )
[Error  :Il2CppInterop] Exception in IL2CPP-to-Managed trampoline, not passing it to il2cpp: System.NotSupportedException: Method unstripping failed
   at UnityEngine.TextEditor.set_position(Rect value)
   at UnityEngine.GUI.DoTextField(Rect position, Int32 id, GUIContent content, Boolean multiline, Int32 maxLength, GUIStyle style, String secureText, Char maskChar)
   at UnityEngine.GUILayout.DoTextField(String text, Int32 maxLength, Boolean multiline, GUIStyle style, Il2CppReferenceArray`1 options)
   at QteTrainer.QteTrainerUi.OnGUI()
   at Trampoline_VoidThisQteTrainer.QteTrainerUiOnGUI(IntPtr , Il2CppMethodInfo* )
[Error  :Il2CppInterop] Exception in IL2CPP-to-Managed trampoline, not passing it to il2cpp: System.NotSupportedException: Method unstripping failed
   at UnityEngine.TextEditor.set_position(Rect value)
   at UnityEngine.GUI.DoTextField(Rect position, Int32 id, GUIContent content, Boolean multiline, Int32 maxLength, GUIStyle style, String secureText, Char maskChar)
   at UnityEngine.GUILayout.DoTextField(String text, Int32 maxLength, Boolean multiline, GUIStyle style, Il2CppReferenceArray`1 options)
   at QteTrainer.QteTrainerUi.OnGUI()
   at Trampoline_VoidThisQteTrainer.QteTrainerUiOnGUI(IntPtr , Il2CppMethodInfo* )
[Error  :Il2CppInterop] Exception in IL2CPP-to-Managed trampoline, not passing it to il2cpp: System.NotSupportedException: Method unstripping failed
   at UnityEngine.TextEditor.set_position(Rect value)
   at UnityEngine.GUI.DoTextField(Rect position, Int32 id, GUIContent content, Boolean multiline, Int32 maxLength, GUIStyle style, String secureText, Char maskChar)
   at UnityEngine.GUILayout.DoTextField(String text, Int32 maxLength, Boolean multiline, GUIStyle style, Il2CppReferenceArray`1 options)
   at QteTrainer.QteTrainerUi.OnGUI()
   at Trampoline_VoidThisQteTrainer.QteTrainerUiOnGUI(IntPtr , Il2CppMethodInfo* )
[Error  :Il2CppInterop] Exception in IL2CPP-to-Managed trampoline, not passing it to il2cpp: System.NotSupportedException: Method unstripping failed
   at UnityEngine.TextEditor.set_position(Rect value)
   at UnityEngine.GUI.DoTextField(Rect position, Int32 id, GUIContent content, Boolean multiline, Int32 maxLength, GUIStyle style, String secureText, Char maskChar)
   at UnityEngine.GUILayout.DoTextField(String text, Int32 maxLength, Boolean multiline, GUIStyle style, Il2CppReferenceArray`1 options)
   at QteTrainer.QteTrainerUi.OnGUI()
   at Trampoline_VoidThisQteTrainer.QteTrainerUiOnGUI(IntPtr , Il2CppMethodInfo* )
[Error  :Il2CppInterop] Exception in IL2CPP-to-Managed trampoline, not passing it to il2cpp: System.NotSupportedException: Method unstripping failed
   at UnityEngine.TextEditor.set_position(Rect value)
   at UnityEngine.GUI.DoTextField(Rect position, Int32 id, GUIContent content, Boolean multiline, Int32 maxLength, GUIStyle style, String secureText, Char maskChar)
   at UnityEngine.GUILayout.DoTextField(String text, Int32 maxLength, Boolean multiline, GUIStyle style, Il2CppReferenceArray`1 options)
   at QteTrainer.QteTrainerUi.OnGUI()
   at Trampoline_VoidThisQteTrainer.QteTrainerUiOnGUI(IntPtr , Il2CppMethodInfo* )
[Error  :Il2CppInterop] Exception in IL2CPP-to-Managed trampoline, not passing it to il2cpp: System.NotSupportedException: Method unstripping failed
   at UnityEngine.TextEditor.set_position(Rect value)
   at UnityEngine.GUI.DoTextField(Rect position, Int32 id, GUIContent content, Boolean multiline, Int32 maxLength, GUIStyle style, String secureText, Char maskChar)
   at UnityEngine.GUILayout.DoTextField(String text, Int32 maxLength, Boolean multiline, GUIStyle style, Il2CppReferenceArray`1 options)
   at QteTrainer.QteTrainerUi.OnGUI()
   at Trampoline_VoidThisQteTrainer.QteTrainerUiOnGUI(IntPtr , Il2CppMethodInfo* )
[Error  :Il2CppInterop] Exception in IL2CPP-to-Managed trampoline, not passing it to il2cpp: System.NotSupportedException: Method unstripping failed
   at UnityEngine.TextEditor.set_position(Rect value)
   at UnityEngine.GUI.DoTextField(Rect position, Int32 id, GUIContent content, Boolean multiline, Int32 maxLength, GUIStyle style, String secureText, Char maskChar)
   at UnityEngine.GUILayout.DoTextField(String text, Int32 maxLength, Boolean multiline, GUIStyle style, Il2CppReferenceArray`1 options)
   at QteTrainer.QteTrainerUi.OnGUI()
   at Trampoline_VoidThisQteTrainer.QteTrainerUiOnGUI(IntPtr , Il2CppMethodInfo* )
[Error  :Il2CppInterop] Exception in IL2CPP-to-Managed trampoline, not passing it to il2cpp: System.NotSupportedException: Method unstripping failed
   at UnityEngine.TextEditor.set_position(Rect value)
   at UnityEngine.GUI.DoTextField(Rect position, Int32 id, GUIContent content, Boolean multiline, Int32 maxLength, GUIStyle style, String secureText, Char maskChar)
   at UnityEngine.GUILayout.DoTextField(String text, Int32 maxLength, Boolean multiline, GUIStyle style, Il2CppReferenceArray`1 options)
   at QteTrainer.QteTrainerUi.OnGUI()
   at Trampoline_VoidThisQteTrainer.QteTrainerUiOnGUI(IntPtr , Il2CppMethodInfo* )
[Error  :Il2CppInterop] Exception in IL2CPP-to-Managed trampoline, not passing it to il2cpp: System.NotSupportedException: Method unstripping failed
   at UnityEngine.TextEditor.set_position(Rect value)
   at UnityEngine.GUI.DoTextField(Rect position, Int32 id, GUIContent content, Boolean multiline, Int32 maxLength, GUIStyle style, String secureText, Char maskChar)
   at UnityEngine.GUILayout.DoTextField(String text, Int32 maxLength, Boolean multiline, GUIStyle style, Il2CppReferenceArray`1 options)
   at QteTrainer.QteTrainerUi.OnGUI()
   at Trampoline_VoidThisQteTrainer.QteTrainerUiOnGUI(IntPtr , Il2CppMethodInfo* )
[Error  :Il2CppInterop] Exception in IL2CPP-to-Managed trampoline, not passing it to il2cpp: System.NotSupportedException: Method unstripping failed
   at UnityEngine.TextEditor.set_position(Rect value)
   at UnityEngine.GUI.DoTextField(Rect position, Int32 id, GUIContent content, Boolean multiline, Int32 maxLength, GUIStyle style, String secureText, Char maskChar)
   at UnityEngine.GUILayout.DoTextField(String text, Int32 maxLength, Boolean multiline, GUIStyle style, Il2CppReferenceArray`1 options)
   at QteTrainer.QteTrainerUi.OnGUI()
   at Trampoline_VoidThisQteTrainer.QteTrainerUiOnGUI(IntPtr , Il2CppMethodInfo* )
[Error  :Il2CppInterop] Exception in IL2CPP-to-Managed trampoline, not passing it to il2cpp: System.NotSupportedException: Method unstripping failed
   at UnityEngine.TextEditor.set_position(Rect value)
   at UnityEngine.GUI.DoTextField(Rect position, Int32 id, GUIContent content, Boolean multiline, Int32 maxLength, GUIStyle style, String secureText, Char maskChar)
   at UnityEngine.GUILayout.DoTextField(String text, Int32 maxLength, Boolean multiline, GUIStyle style, Il2CppReferenceArray`1 options)
   at QteTrainer.QteTrainerUi.OnGUI()
   at Trampoline_VoidThisQteTrainer.QteTrainerUiOnGUI(IntPtr , Il2CppMethodInfo* )
[Error  :Il2CppInterop] Exception in IL2CPP-to-Managed trampoline, not passing it to il2cpp: System.NotSupportedException: Method unstripping failed
   at UnityEngine.TextEditor.set_position(Rect value)
   at UnityEngine.GUI.DoTextField(Rect position, Int32 id, GUIContent content, Boolean multiline, Int32 maxLength, GUIStyle style, String secureText, Char maskChar)
   at UnityEngine.GUILayout.DoTextField(String text, Int32 maxLength, Boolean multiline, GUIStyle style, Il2CppReferenceArray`1 options)
   at QteTrainer.QteTrainerUi.OnGUI()
   at Trampoline_VoidThisQteTrainer.QteTrainerUiOnGUI(IntPtr , Il2CppMethodInfo* )
[Error  :Il2CppInterop] Exception in IL2CPP-to-Managed trampoline, not passing it to il2cpp: System.NotSupportedException: Method unstripping failed
   at UnityEngine.TextEditor.set_position(Rect value)
   at UnityEngine.GUI.DoTextField(Rect position, Int32 id, GUIContent content, Boolean multiline, Int32 maxLength, GUIStyle style, String secureText, Char maskChar)
   at UnityEngine.GUILayout.DoTextField(String text, Int32 maxLength, Boolean multiline, GUIStyle style, Il2CppReferenceArray`1 options)
   at QteTrainer.QteTrainerUi.OnGUI()
   at Trampoline_VoidThisQteTrainer.QteTrainerUiOnGUI(IntPtr , Il2CppMethodInfo* )
[Error  :Il2CppInterop] Exception in IL2CPP-to-Managed trampoline, not passing it to il2cpp: System.NotSupportedException: Method unstripping failed
   at UnityEngine.TextEditor.set_position(Rect value)
   at UnityEngine.GUI.DoTextField(Rect position, Int32 id, GUIContent content, Boolean multiline, Int32 maxLength, GUIStyle style, String secureText, Char maskChar)
   at UnityEngine.GUILayout.DoTextField(String text, Int32 maxLength, Boolean multiline, GUIStyle style, Il2CppReferenceArray`1 options)
   at QteTrainer.QteTrainerUi.OnGUI()
   at Trampoline_VoidThisQteTrainer.QteTrainerUiOnGUI(IntPtr , Il2CppMethodInfo* )
[Error  :Il2CppInterop] Exception in IL2CPP-to-Managed trampoline, not passing it to il2cpp: System.NotSupportedException: Method unstripping failed
   at UnityEngine.TextEditor.set_position(Rect value)
   at UnityEngine.GUI.DoTextField(Rect position, Int32 id, GUIContent content, Boolean multiline, Int32 maxLength, GUIStyle style, String secureText, Char maskChar)
   at UnityEngine.GUILayout.DoTextField(String text, Int32 maxLength, Boolean multiline, GUIStyle style, Il2CppReferenceArray`1 options)
   at QteTrainer.QteTrainerUi.OnGUI()
   at Trampoline_VoidThisQteTrainer.QteTrainerUiOnGUI(IntPtr , Il2CppMethodInfo* )
[Error  :Il2CppInterop] Exception in IL2CPP-to-Managed trampoline, not passing it to il2cpp: System.NotSupportedException: Method unstripping failed
   at UnityEngine.TextEditor.set_position(Rect value)
   at UnityEngine.GUI.DoTextField(Rect position, Int32 id, GUIContent content, Boolean multiline, Int32 maxLength, GUIStyle style, String secureText, Char maskChar)
   at UnityEngine.GUILayout.DoTextField(String text, Int32 maxLength, Boolean multiline, GUIStyle style, Il2CppReferenceArray`1 options)
   at QteTrainer.QteTrainerUi.OnGUI()
   at Trampoline_VoidThisQteTrainer.QteTrainerUiOnGUI(IntPtr , Il2CppMethodInfo* )
[Error  :Il2CppInterop] Exception in IL2CPP-to-Managed trampoline, not passing it to il2cpp: System.NotSupportedException: Method unstripping failed
   at UnityEngine.TextEditor.set_position(Rect value)
   at UnityEngine.GUI.DoTextField(Rect position, Int32 id, GUIContent content, Boolean multiline, Int32 maxLength, GUIStyle style, String secureText, Char maskChar)
   at UnityEngine.GUILayout.DoTextField(String text, Int32 maxLength, Boolean multiline, GUIStyle style, Il2CppReferenceArray`1 options)
   at QteTrainer.QteTrainerUi.OnGUI()
   at Trampoline_VoidThisQteTrainer.QteTrainerUiOnGUI(IntPtr , Il2CppMethodInfo* )
[Error  :Il2CppInterop] Exception in IL2CPP-to-Managed trampoline, not passing it to il2cpp: System.NotSupportedException: Method unstripping failed
   at UnityEngine.TextEditor.set_position(Rect value)
   at UnityEngine.GUI.DoTextField(Rect position, Int32 id, GUIContent content, Boolean multiline, Int32 maxLength, GUIStyle style, String secureText, Char maskChar)
   at UnityEngine.GUILayout.DoTextField(String text, Int32 maxLength, Boolean multiline, GUIStyle style, Il2CppReferenceArray`1 options)
   at QteTrainer.QteTrainerUi.OnGUI()
   at Trampoline_VoidThisQteTrainer.QteTrainerUiOnGUI(IntPtr , Il2CppMethodInfo* )
[Error  :Il2CppInterop] Exception in IL2CPP-to-Managed trampoline, not passing it to il2cpp: System.NotSupportedException: Method unstripping failed
   at UnityEngine.TextEditor.set_position(Rect value)
   at UnityEngine.GUI.DoTextField(Rect position, Int32 id, GUIContent content, Boolean multiline, Int32 maxLength, GUIStyle style, String secureText, Char maskChar)
   at UnityEngine.GUILayout.DoTextField(String text, Int32 maxLength, Boolean multiline, GUIStyle style, Il2CppReferenceArray`1 options)
   at QteTrainer.QteTrainerUi.OnGUI()
   at Trampoline_VoidThisQteTrainer.QteTrainerUiOnGUI(IntPtr , Il2CppMethodInfo* )
[Error  :Il2CppInterop] Exception in IL2CPP-to-Managed trampoline, not passing it to il2cpp: System.NotSupportedException: Method unstripping failed
   at UnityEngine.TextEditor.set_position(Rect value)
   at UnityEngine.GUI.DoTextField(Rect position, Int32 id, GUIContent content, Boolean multiline, Int32 maxLength, GUIStyle style, String secureText, Char maskChar)
   at UnityEngine.GUILayout.DoTextField(String text, Int32 maxLength, Boolean multiline, GUIStyle style, Il2CppReferenceArray`1 options)
   at QteTrainer.QteTrainerUi.OnGUI()
   at Trampoline_VoidThisQteTrainer.QteTrainerUiOnGUI(IntPtr , Il2CppMethodInfo* )
[Error  :Il2CppInterop] Exception in IL2CPP-to-Managed trampoline, not passing it to il2cpp: System.NotSupportedException: Method unstripping failed
   at UnityEngine.TextEditor.set_position(Rect value)
   at UnityEngine.GUI.DoTextField(Rect position, Int32 id, GUIContent content, Boolean multiline, Int32 maxLength, GUIStyle style, String secureText, Char maskChar)
   at UnityEngine.GUILayout.DoTextField(String text, Int32 maxLength, Boolean multiline, GUIStyle style, Il2CppReferenceArray`1 options)
   at QteTrainer.QteTrainerUi.OnGUI()
   at Trampoline_VoidThisQteTrainer.QteTrainerUiOnGUI(IntPtr , Il2CppMethodInfo* )
[Error  :Il2CppInterop] Exception in IL2CPP-to-Managed trampoline, not passing it to il2cpp: System.NotSupportedException: Method unstripping failed
   at UnityEngine.TextEditor.set_position(Rect value)
   at UnityEngine.GUI.DoTextField(Rect position, Int32 id, GUIContent content, Boolean multiline, Int32 maxLength, GUIStyle style, String secureText, Char maskChar)
   at UnityEngine.GUILayout.DoTextField(String text, Int32 maxLength, Boolean multiline, GUIStyle style, Il2CppReferenceArray`1 options)
   at QteTrainer.QteTrainerUi.OnGUI()
   at Trampoline_VoidThisQteTrainer.QteTrainerUiOnGUI(IntPtr , Il2CppMethodInfo* )
[Error  :Il2CppInterop] Exception in IL2CPP-to-Managed trampoline, not passing it to il2cpp: System.NotSupportedException: Method unstripping failed
   at UnityEngine.TextEditor.set_position(Rect value)
   at UnityEngine.GUI.DoTextField(Rect position, Int32 id, GUIContent content, Boolean multiline, Int32 maxLength, GUIStyle style, String secureText, Char maskChar)
   at UnityEngine.GUILayout.DoTextField(String text, Int32 maxLength, Boolean multiline, GUIStyle style, Il2CppReferenceArray`1 options)
   at QteTrainer.QteTrainerUi.OnGUI()
   at Trampoline_VoidThisQteTrainer.QteTrainerUiOnGUI(IntPtr , Il2CppMethodInfo* )
[Error  :Il2CppInterop] Exception in IL2CPP-to-Managed trampoline, not passing it to il2cpp: System.NotSupportedException: Method unstripping failed
   at UnityEngine.TextEditor.set_position(Rect value)
   at UnityEngine.GUI.DoTextField(Rect position, Int32 id, GUIContent content, Boolean multiline, Int32 maxLength, GUIStyle style, String secureText, Char maskChar)
   at UnityEngine.GUILayout.DoTextField(String text, Int32 maxLength, Boolean multiline, GUIStyle style, Il2CppReferenceArray`1 options)
   at QteTrainer.QteTrainerUi.OnGUI()
   at Trampoline_VoidThisQteTrainer.QteTrainerUiOnGUI(IntPtr , Il2CppMethodInfo* )
[Error  :Il2CppInterop] Exception in IL2CPP-to-Managed trampoline, not passing it to il2cpp: System.NotSupportedException: Method unstripping failed
   at UnityEngine.TextEditor.set_position(Rect value)
   at UnityEngine.GUI.DoTextField(Rect position, Int32 id, GUIContent content, Boolean multiline, Int32 maxLength, GUIStyle style, String secureText, Char maskChar)
   at UnityEngine.GUILayout.DoTextField(String text, Int32 maxLength, Boolean multiline, GUIStyle style, Il2CppReferenceArray`1 options)
   at QteTrainer.QteTrainerUi.OnGUI()
   at Trampoline_VoidThisQteTrainer.QteTrainerUiOnGUI(IntPtr , Il2CppMethodInfo* )
[Error  :Il2CppInterop] Exception in IL2CPP-to-Managed trampoline, not passing it to il2cpp: System.NotSupportedException: Method unstripping failed
   at UnityEngine.TextEditor.set_position(Rect value)
   at UnityEngine.GUI.DoTextField(Rect position, Int32 id, GUIContent content, Boolean multiline, Int32 maxLength, GUIStyle style, String secureText, Char maskChar)
   at UnityEngine.GUILayout.DoTextField(String text, Int32 maxLength, Boolean multiline, GUIStyle style, Il2CppReferenceArray`1 options)
   at QteTrainer.QteTrainerUi.OnGUI()
   at Trampoline_VoidThisQteTrainer.QteTrainerUiOnGUI(IntPtr , Il2CppMethodInfo* )
[Error  :Il2CppInterop] Exception in IL2CPP-to-Managed trampoline, not passing it to il2cpp: System.NotSupportedException: Method unstripping failed
   at UnityEngine.TextEditor.set_position(Rect value)
   at UnityEngine.GUI.DoTextField(Rect position, Int32 id, GUIContent content, Boolean multiline, Int32 maxLength, GUIStyle style, String secureText, Char maskChar)
   at UnityEngine.GUILayout.DoTextField(String text, Int32 maxLength, Boolean multiline, GUIStyle style, Il2CppReferenceArray`1 options)
   at QteTrainer.QteTrainerUi.OnGUI()
   at Trampoline_VoidThisQteTrainer.QteTrainerUiOnGUI(IntPtr , Il2CppMethodInfo* )
[Error  :Il2CppInterop] Exception in IL2CPP-to-Managed trampoline, not passing it to il2cpp: System.NotSupportedException: Method unstripping failed
   at UnityEngine.TextEditor.set_position(Rect value)
   at UnityEngine.GUI.DoTextField(Rect position, Int32 id, GUIContent content, Boolean multiline, Int32 maxLength, GUIStyle style, String secureText, Char maskChar)
   at UnityEngine.GUILayout.DoTextField(String text, Int32 maxLength, Boolean multiline, GUIStyle style, Il2CppReferenceArray`1 options)
   at QteTrainer.QteTrainerUi.OnGUI()
   at Trampoline_VoidThisQteTrainer.QteTrainerUiOnGUI(IntPtr , Il2CppMethodInfo* )
[Error  :Il2CppInterop] Exception in IL2CPP-to-Managed trampoline, not passing it to il2cpp: System.NotSupportedException: Method unstripping failed
   at UnityEngine.TextEditor.set_position(Rect value)
   at UnityEngine.GUI.DoTextField(Rect position, Int32 id, GUIContent content, Boolean multiline, Int32 maxLength, GUIStyle style, String secureText, Char maskChar)
   at UnityEngine.GUILayout.DoTextField(String text, Int32 maxLength, Boolean multiline, GUIStyle style, Il2CppReferenceArray`1 options)
   at QteTrainer.QteTrainerUi.OnGUI()
   at Trampoline_VoidThisQteTrainer.QteTrainerUiOnGUI(IntPtr , Il2CppMethodInfo* )
[Error  :Il2CppInterop] Exception in IL2CPP-to-Managed trampoline, not passing it to il2cpp: System.NotSupportedException: Method unstripping failed
   at UnityEngine.TextEditor.set_position(Rect value)
   at UnityEngine.GUI.DoTextField(Rect position, Int32 id, GUIContent content, Boolean multiline, Int32 maxLength, GUIStyle style, String secureText, Char maskChar)
   at UnityEngine.GUILayout.DoTextField(String text, Int32 maxLength, Boolean multiline, GUIStyle style, Il2CppReferenceArray`1 options)
   at QteTrainer.QteTrainerUi.OnGUI()
   at Trampoline_VoidThisQteTrainer.QteTrainerUiOnGUI(IntPtr , Il2CppMethodInfo* )
[Error  :Il2CppInterop] Exception in IL2CPP-to-Managed trampoline, not passing it to il2cpp: System.NotSupportedException: Method unstripping failed
   at UnityEngine.TextEditor.set_position(Rect value)
   at UnityEngine.GUI.DoTextField(Rect position, Int32 id, GUIContent content, Boolean multiline, Int32 maxLength, GUIStyle style, String secureText, Char maskChar)
   at UnityEngine.GUILayout.DoTextField(String text, Int32 maxLength, Boolean multiline, GUIStyle style, Il2CppReferenceArray`1 options)
   at QteTrainer.QteTrainerUi.OnGUI()
   at Trampoline_VoidThisQteTrainer.QteTrainerUiOnGUI(IntPtr , Il2CppMethodInfo* )
[Error  :Il2CppInterop] Exception in IL2CPP-to-Managed trampoline, not passing it to il2cpp: System.NotSupportedException: Method unstripping failed
   at UnityEngine.TextEditor.set_position(Rect value)
   at UnityEngine.GUI.DoTextField(Rect position, Int32 id, GUIContent content, Boolean multiline, Int32 maxLength, GUIStyle style, String secureText, Char maskChar)
   at UnityEngine.GUILayout.DoTextField(String text, Int32 maxLength, Boolean multiline, GUIStyle style, Il2CppReferenceArray`1 options)
   at QteTrainer.QteTrainerUi.OnGUI()
   at Trampoline_VoidThisQteTrainer.QteTrainerUiOnGUI(IntPtr , Il2CppMethodInfo* )
[Error  :Il2CppInterop] Exception in IL2CPP-to-Managed trampoline, not passing it to il2cpp: System.NotSupportedException: Method unstripping failed
   at UnityEngine.TextEditor.set_position(Rect value)
   at UnityEngine.GUI.DoTextField(Rect position, Int32 id, GUIContent content, Boolean multiline, Int32 maxLength, GUIStyle style, String secureText, Char maskChar)
   at UnityEngine.GUILayout.DoTextField(String text, Int32 maxLength, Boolean multiline, GUIStyle style, Il2CppReferenceArray`1 options)
   at QteTrainer.QteTrainerUi.OnGUI()
   at Trampoline_VoidThisQteTrainer.QteTrainerUiOnGUI(IntPtr , Il2CppMethodInfo* )
[Error  :Il2CppInterop] Exception in IL2CPP-to-Managed trampoline, not passing it to il2cpp: System.NotSupportedException: Method unstripping failed
   at UnityEngine.TextEditor.set_position(Rect value)
   at UnityEngine.GUI.DoTextField(Rect position, Int32 id, GUIContent content, Boolean multiline, Int32 maxLength, GUIStyle style, String secureText, Char maskChar)
   at UnityEngine.GUILayout.DoTextField(String text, Int32 maxLength, Boolean multiline, GUIStyle style, Il2CppReferenceArray`1 options)
   at QteTrainer.QteTrainerUi.OnGUI()
   at Trampoline_VoidThisQteTrainer.QteTrainerUiOnGUI(IntPtr , Il2CppMethodInfo* )
[Error  :Il2CppInterop] Exception in IL2CPP-to-Managed trampoline, not passing it to il2cpp: System.NotSupportedException: Method unstripping failed
   at UnityEngine.TextEditor.set_position(Rect value)
   at UnityEngine.GUI.DoTextField(Rect position, Int32 id, GUIContent content, Boolean multiline, Int32 maxLength, GUIStyle style, String secureText, Char maskChar)
   at UnityEngine.GUILayout.DoTextField(String text, Int32 maxLength, Boolean multiline, GUIStyle style, Il2CppReferenceArray`1 options)
   at QteTrainer.QteTrainerUi.OnGUI()
   at Trampoline_VoidThisQteTrainer.QteTrainerUiOnGUI(IntPtr , Il2CppMethodInfo* )
[Error  :Il2CppInterop] Exception in IL2CPP-to-Managed trampoline, not passing it to il2cpp: System.NotSupportedException: Method unstripping failed
   at UnityEngine.TextEditor.set_position(Rect value)
   at UnityEngine.GUI.DoTextField(Rect position, Int32 id, GUIContent content, Boolean multiline, Int32 maxLength, GUIStyle style, String secureText, Char maskChar)
   at UnityEngine.GUILayout.DoTextField(String text, Int32 maxLength, Boolean multiline, GUIStyle style, Il2CppReferenceArray`1 options)
   at QteTrainer.QteTrainerUi.OnGUI()
   at Trampoline_VoidThisQteTrainer.QteTrainerUiOnGUI(IntPtr , Il2CppMethodInfo* )
[Error  :Il2CppInterop] Exception in IL2CPP-to-Managed trampoline, not passing it to il2cpp: System.NotSupportedException: Method unstripping failed
   at UnityEngine.TextEditor.set_position(Rect value)
   at UnityEngine.GUI.DoTextField(Rect position, Int32 id, GUIContent content, Boolean multiline, Int32 maxLength, GUIStyle style, String secureText, Char maskChar)
   at UnityEngine.GUILayout.DoTextField(String text, Int32 maxLength, Boolean multiline, GUIStyle style, Il2CppReferenceArray`1 options)
   at QteTrainer.QteTrainerUi.OnGUI()
   at Trampoline_VoidThisQteTrainer.QteTrainerUiOnGUI(IntPtr , Il2CppMethodInfo* )
