[Message: Preloader] BepInEx 0.0.0 - RE (2026/9/4 19:20:56)
[Info   :   BepInEx] System platform: Windows 10 64-bit
[Info   :   BepInEx] Process bitness: 64-bit (x64)
[Info   :   BepInEx] Running under Unity 2022.3.36f1
[Info   :   BepInEx] Runtime version: 6.0.7
[Info   :   BepInEx] Runtime information: .NET 6.0.7
[Debug  :   BepInEx] Game executable path: D:\steam\steamapps\common\RomanticEscapades\RE\RE.exe
[Debug  :   BepInEx] Interop assembly directory: D:\steam\steamapps\common\RomanticEscapades\RE\BepInEx\interop
[Debug  :   BepInEx] BepInEx root path: D:\steam\steamapps\common\RomanticEscapades\RE\BepInEx
[Message:InteropManager] Running Cpp2IL to generate dummy assemblies from D:\steam\steamapps\common\RomanticEscapades\RE\RE_Data/il2cpp_data/Metadata/global-metadata.dat
[Info   :    Cpp2IL] [Library] Initializing Metadata...
[Debug  :    Cpp2IL] [Library] IL2CPP Metadata Declares its version as 31
[Info   :    Cpp2IL] [Library] Using actual IL2CPP Metadata version 31
[Debug  :    Cpp2IL] [Library] Reading image definitions...
[Debug  :    Cpp2IL] [Library] OK (1.1104 ms)
[Debug  :    Cpp2IL] [Library] Reading assembly definitions...
[Debug  :    Cpp2IL] [Library] OK (0.5366 ms)
[Debug  :    Cpp2IL] [Library] Reading type definitions...
[Debug  :    Cpp2IL] [Library] 17743 OK (10.3644 ms)
[Debug  :    Cpp2IL] [Library] Reading interface offsets...
[Debug  :    Cpp2IL] [Library] OK (1.0936 ms)
[Debug  :    Cpp2IL] [Library] Reading vtable indices...
[Debug  :    Cpp2IL] [Library] OK (13.326 ms)
[Debug  :    Cpp2IL] [Library] Reading method definitions...
[Debug  :    Cpp2IL] [Library] OK (126.8308 ms)
[Debug  :    Cpp2IL] [Library] Reading method parameter definitions...
[Debug  :    Cpp2IL] [Library] OK (34.6391 ms)
[Debug  :    Cpp2IL] [Library] Reading field definitions...
[Debug  :    Cpp2IL] [Library] OK (96.8606 ms)
[Debug  :    Cpp2IL] [Library] Reading default field values...
[Debug  :    Cpp2IL] [Library] OK (1.5567 ms)
[Debug  :    Cpp2IL] [Library] Reading default parameter values...
[Debug  :    Cpp2IL] [Library] OK (0.3093 ms)
[Debug  :    Cpp2IL] [Library] Reading property definitions...
[Debug  :    Cpp2IL] [Library] OK (10.5698 ms)
[Debug  :    Cpp2IL] [Library] Reading interface definitions...
[Debug  :    Cpp2IL] [Library] OK (1.1704 ms)
[Debug  :    Cpp2IL] [Library] Reading nested type definitions...
[Debug  :    Cpp2IL] [Library] OK (0.3267 ms)
[Debug  :    Cpp2IL] [Library] Reading event definitions...
[Debug  :    Cpp2IL] [Library] OK (0.4048 ms)
[Debug  :    Cpp2IL] [Library] Reading generic container definitions...
[Debug  :    Cpp2IL] [Library] OK (12.4011 ms)
[Debug  :    Cpp2IL] [Library] Reading generic parameter definitions...
[Debug  :    Cpp2IL] [Library] OK (1.1965 ms)
[Debug  :    Cpp2IL] [Library] Reading generic parameter constraint indices...
[Debug  :    Cpp2IL] [Library] OK (0.2752 ms)
[Debug  :    Cpp2IL] [Library] Reading referenced assemblies...
[Debug  :    Cpp2IL] [Library] OK (0.041 ms)
[Debug  :    Cpp2IL] [Library] Reading string definitions...
[Debug  :    Cpp2IL] [Library] OK (1.422 ms)
[Debug  :    Cpp2IL] [Library] Reading field references...
[Debug  :    Cpp2IL] [Library] OK (0.1476 ms)
[Debug  :    Cpp2IL] [Library] Reading Attribute data...
[Debug  :    Cpp2IL] [Library] OK (2.9491 ms)
[Debug  :    Cpp2IL] [Library] Building Lookup Table for field defaults...
[Debug  :    Cpp2IL] [Library] OK (3.9764 ms)
[Info   :    Cpp2IL] [Library] Initialized Metadata in 339ms
[Info   :    Cpp2IL] [Library] Using binary type Portable Executable (from LibCpp2IL)
[Info   :    Cpp2IL] [Library] Searching Binary for Required Data...
[Debug  :    Cpp2IL] [Library] Reading PE File Header...
[Debug  :    Cpp2IL] [Library] OK (2.8582 ms)
[Debug  :    Cpp2IL] [Library] Image Base at 0x180000000
[Debug  :    Cpp2IL] [Library] DLL is 64-bit
[Debug  :    Cpp2IL] [Library] Attempting to locate code and metadata registration functions...
[Debug  :    Cpp2IL] [Library] -Searching for MetadataReg...
[Debug  :    Cpp2IL] [Library] Looking for the number of type definitions, 0x454F
[Debug  :    Cpp2IL] [Library] Looking for bytes: 4f 45 00 00 00 00 00 00
[Debug  :    Cpp2IL] [Library] Found 2 instances of the number of type definitions: [182F69350, 182F69360]
[Debug  :    Cpp2IL] [Library] Found 2 potential metadata registrations: [182F692F0, 182F69300]
[Debug  :    Cpp2IL] [Library] Rejecting metadata registration 0x182F692F0 because the pointer at index 1, which is 0xFFFFFFFF00000000, can't be mapped to the binary.
[Debug  :    Cpp2IL] [Library] Accepting metadata reg as VA 0x182F69300
[Debug  :    Cpp2IL] [Library] -Searching for CodeReg...
[Debug  :    Cpp2IL] [Library] Using mscorlib full-disassembly approach to get codereg, this may take a while...
[Debug  :    Cpp2IL] [Library] Looking for bytes: 6d 73 63 6f 72 6c 69 62 2e 64 6c 6c 00
[Debug  :    Cpp2IL] [Library] Found 1 occurrences of mscorlib.dll: [183035818]
[Debug  :    Cpp2IL] [Library] Looking for bytes: 18 58 03 83 01 00 00 00
[Debug  :    Cpp2IL] [Library] Found 1 potential codegen modules for mscorlib: [183035790]
[Debug  :    Cpp2IL] [Library] Looking for bytes: 90 57 03 83 01 00 00 00
[Debug  :    Cpp2IL] [Library] Found 1 address for potential codegen modules in potential codegen module lists: [183397778]
[Debug  :    Cpp2IL] [Library] Looking for bytes: 48 75 39 83 01 00 00 00
[Debug  :    Cpp2IL] [Library] Looking for bytes: 40 75 39 83 01 00 00 00
[Debug  :    Cpp2IL] [Library] Looking for bytes: 38 75 39 83 01 00 00 00
[Debug  :    Cpp2IL] [Library] Looking for bytes: 30 75 39 83 01 00 00 00
[Debug  :    Cpp2IL] [Library] Looking for bytes: 28 75 39 83 01 00 00 00
[Debug  :    Cpp2IL] [Library] Looking for bytes: 20 75 39 83 01 00 00 00
[Debug  :    Cpp2IL] [Library] Looking for bytes: 18 75 39 83 01 00 00 00
[Debug  :    Cpp2IL] [Library] Looking for bytes: 10 75 39 83 01 00 00 00
[Debug  :    Cpp2IL] [Library] Looking for bytes: 08 75 39 83 01 00 00 00
[Debug  :    Cpp2IL] [Library] Looking for bytes: 00 75 39 83 01 00 00 00
[Debug  :    Cpp2IL] [Library] Found valid address for pCodegenModules after a backtrack of 79, module count is 80
[Debug  :    Cpp2IL] [Library] Found 1 potential pCodegenModules addresses: [182A33700]
[Debug  :    Cpp2IL] [Library] pCodegenModules is the second-to-last field of the codereg struct. Therefore on this version and architecture, we need to subtract 128 bytes from its address to get pCodeReg
[Debug  :    Cpp2IL] [Library] Only found one codegen module pointer, so assuming it's correct and returning pCodeReg = 0x182A33680
[Info   :    Cpp2IL] [Library] Got Binary codereg: 0x182A33680, metareg: 0x182F69300 in 330ms.
[Info   :    Cpp2IL] [Library] Initializing Binary...
[Debug  :    Cpp2IL] [Library] Reading generic instances...
[Debug  :    Cpp2IL] [Library] OK (4.8843 ms)
[Debug  :    Cpp2IL] [Library] Reading generic method pointers...
[Debug  :    Cpp2IL] [Library] OK (1.3265 ms)
[Debug  :    Cpp2IL] [Library] Reading field offsets...
[Debug  :    Cpp2IL] [Library] OK (2.066 ms)
[Debug  :    Cpp2IL] [Library] Reading types...
[Debug  :    Cpp2IL] [Library] OK (116.8485 ms)
[Debug  :    Cpp2IL] [Library] Reading type definition sizes...
[Debug  :    Cpp2IL] [Library] OK (0.3265 ms)
[Debug  :    Cpp2IL] [Library] Reading code gen modules...
[Debug  :    Cpp2IL] [Library] -Read module data for Assembly-CSharp.dll, contains 30723 method pointers starting at 0x1833A7100
[Debug  :    Cpp2IL] [Library] -Read 30723 method pointers.
[Debug  :    Cpp2IL] [Library] -Read 244 RGCTX ranges.
[Debug  :    Cpp2IL] [Library] -Read 1458 RGCTXs.
[Debug  :    Cpp2IL] [Library] -Read module data for AstarPathfindingProject.dll, contains 3062 method pointers starting at 0x1833E3120
[Debug  :    Cpp2IL] [Library] -Read 3062 method pointers.
[Debug  :    Cpp2IL] [Library] -Read 21 RGCTX ranges.
[Debug  :    Cpp2IL] [Library] -Read 165 RGCTXs.
[Debug  :    Cpp2IL] [Library] -Read module data for BehaviorDesigner.Runtime.dll, contains 640 method pointers starting at 0x1833E96E0
[Debug  :    Cpp2IL] [Library] -Read 640 method pointers.
[Debug  :    Cpp2IL] [Library] -Read 22 RGCTX ranges.
[Debug  :    Cpp2IL] [Library] -Read 76 RGCTXs.
[Debug  :    Cpp2IL] [Library] -Read module data for CW.Common.dll, contains 308 method pointers starting at 0x1833F5540
[Debug  :    Cpp2IL] [Library] -Read 308 method pointers.
[Debug  :    Cpp2IL] [Library] -Read 9 RGCTX ranges.
[Debug  :    Cpp2IL] [Library] -Read 42 RGCTXs.
[Debug  :    Cpp2IL] [Library] -Read module data for Cinemachine.dll, contains 1404 method pointers starting at 0x1833EAAF0
[Debug  :    Cpp2IL] [Library] -Read 1404 method pointers.
[Debug  :    Cpp2IL] [Library] -Read 6 RGCTX ranges.
[Debug  :    Cpp2IL] [Library] -Read 20 RGCTXs.
[Debug  :    Cpp2IL] [Library] -Read module data for DOTween.dll, contains 1074 method pointers starting at 0x1833F5F40
[Debug  :    Cpp2IL] [Library] -Read 1074 method pointers.
[Debug  :    Cpp2IL] [Library] -Read 59 RGCTX ranges.
[Debug  :    Cpp2IL] [Library] -Read 142 RGCTXs.
[Debug  :    Cpp2IL] [Library] -Read module data for GameFramework.dll, contains 4261 method pointers starting at 0x1833F81A0
[Debug  :    Cpp2IL] [Library] -Read 4261 method pointers.
[Debug  :    Cpp2IL] [Library] -Read 119 RGCTX ranges.
[Debug  :    Cpp2IL] [Library] -Read 671 RGCTXs.
[Debug  :    Cpp2IL] [Library] -Read module data for ICSharpCode.SharpZipLib.dll, contains 1279 method pointers starting at 0x1834011B0
[Debug  :    Cpp2IL] [Library] -Read 1279 method pointers.
[Debug  :    Cpp2IL] [Library] -Read module data for IngameDebugConsole.Runtime.dll, contains 279 method pointers starting at 0x183591AB0
[Debug  :    Cpp2IL] [Library] -Read 279 method pointers.
[Debug  :    Cpp2IL] [Library] -Read 29 RGCTX ranges.
[Debug  :    Cpp2IL] [Library] -Read 48 RGCTXs.
[Debug  :    Cpp2IL] [Library] -Read module data for KWS.dll, contains 955 method pointers starting at 0x1835923C0
[Debug  :    Cpp2IL] [Library] -Read 955 method pointers.
[Debug  :    Cpp2IL] [Library] -Read 18 RGCTX ranges.
[Debug  :    Cpp2IL] [Library] -Read 73 RGCTXs.
[Debug  :    Cpp2IL] [Library] -Read module data for MagicaCloth.dll, contains 2330 method pointers starting at 0x1835944B0
[Debug  :    Cpp2IL] [Library] -Read 2330 method pointers.
[Debug  :    Cpp2IL] [Library] -Read 33 RGCTX ranges.
[Debug  :    Cpp2IL] [Library] -Read 270 RGCTXs.
[Debug  :    Cpp2IL] [Library] -Read module data for Mono.Security.dll, contains 557 method pointers starting at 0x1835995C0
[Debug  :    Cpp2IL] [Library] -Read 557 method pointers.
[Debug  :    Cpp2IL] [Library] -Read module data for Newtonsoft.Json.dll, contains 2687 method pointers starting at 0x1835B6080
[Debug  :    Cpp2IL] [Library] -Read 2687 method pointers.
[Debug  :    Cpp2IL] [Library] -Read 93 RGCTX ranges.
[Debug  :    Cpp2IL] [Library] -Read 535 RGCTXs.
[Debug  :    Cpp2IL] [Library] -Read module data for PaintIn3D.dll, contains 1416 method pointers starting at 0x1835BB730
[Debug  :    Cpp2IL] [Library] -Read 1416 method pointers.
[Debug  :    Cpp2IL] [Library] -Read 3 RGCTX ranges.
[Debug  :    Cpp2IL] [Library] -Read 17 RGCTXs.
[Debug  :    Cpp2IL] [Library] -Read module data for PaintIn3D_Editor.dll, contains 58 method pointers starting at 0x1835BE4E0
[Debug  :    Cpp2IL] [Library] -Read 58 method pointers.
[Debug  :    Cpp2IL] [Library] -Read module data for PaintIn3D_Game.dll, contains 285 method pointers starting at 0x1835BE6B0
[Debug  :    Cpp2IL] [Library] -Read 285 method pointers.
[Debug  :    Cpp2IL] [Library] -Read module data for Pathfinding.ClipperLib.dll, contains 220 method pointers starting at 0x1835BEFA0
[Debug  :    Cpp2IL] [Library] -Read 220 method pointers.
[Debug  :    Cpp2IL] [Library] -Read module data for Pathfinding.Ionic.Zip.Reduced.dll, contains 1202 method pointers starting at 0x1835BF790
[Debug  :    Cpp2IL] [Library] -Read 1202 method pointers.
[Debug  :    Cpp2IL] [Library] -Read 2 RGCTX ranges.
[Debug  :    Cpp2IL] [Library] -Read 4 RGCTXs.
[Debug  :    Cpp2IL] [Library] -Read module data for Pathfinding.Poly2Tri.dll, contains 258 method pointers starting at 0x1835C1D20
[Debug  :    Cpp2IL] [Library] -Read 258 method pointers.
[Debug  :    Cpp2IL] [Library] -Read 2 RGCTX ranges.
[Debug  :    Cpp2IL] [Library] -Read 20 RGCTXs.
[Debug  :    Cpp2IL] [Library] -Read module data for System.dll, contains 5104 method pointers starting at 0x1835D1040
[Debug  :    Cpp2IL] [Library] -Read 5104 method pointers.
[Debug  :    Cpp2IL] [Library] -Read 40 RGCTX ranges.
[Debug  :    Cpp2IL] [Library] -Read 610 RGCTXs.
[Debug  :    Cpp2IL] [Library] -Read module data for System.Configuration.dll, contains 17 method pointers starting at 0x1835C25C0
[Debug  :    Cpp2IL] [Library] -Read 17 method pointers.
[Debug  :    Cpp2IL] [Library] -Read module data for System.Core.dll, contains 2876 method pointers starting at 0x1835C2650
[Debug  :    Cpp2IL] [Library] -Read 2876 method pointers.
[Debug  :    Cpp2IL] [Library] -Read 208 RGCTX ranges.
[Debug  :    Cpp2IL] [Library] -Read 1431 RGCTXs.
[Debug  :    Cpp2IL] [Library] -Read module data for System.Numerics.dll, contains 77 method pointers starting at 0x1835C80F0
[Debug  :    Cpp2IL] [Library] -Read 77 method pointers.
[Debug  :    Cpp2IL] [Library] -Read module data for System.Runtime.Serialization.dll, contains 6 method pointers starting at 0x1835C8470
[Debug  :    Cpp2IL] [Library] -Read 6 method pointers.
[Debug  :    Cpp2IL] [Library] -Read module data for System.Xml.dll, contains 4232 method pointers starting at 0x1835C84A0
[Debug  :    Cpp2IL] [Library] -Read 4232 method pointers.
[Debug  :    Cpp2IL] [Library] -Read 2 RGCTX ranges.
[Debug  :    Cpp2IL] [Library] -Read 19 RGCTXs.
[Debug  :    Cpp2IL] [Library] -Read module data for UnityEngine.AIModule.dll, contains 38 method pointers starting at 0x1836385C0
[Debug  :    Cpp2IL] [Library] -Read 38 method pointers.
[Debug  :    Cpp2IL] [Library] -Read module data for UnityEngine.AndroidJNIModule.dll, contains 288 method pointers starting at 0x183638700
[Debug  :    Cpp2IL] [Library] -Read 288 method pointers.
[Debug  :    Cpp2IL] [Library] -Read 17 RGCTX ranges.
[Debug  :    Cpp2IL] [Library] -Read 35 RGCTXs.
[Debug  :    Cpp2IL] [Library] -Read module data for UnityEngine.AnimationModule.dll, contains 325 method pointers starting at 0x183639000
[Debug  :    Cpp2IL] [Library] -Read 325 method pointers.
[Debug  :    Cpp2IL] [Library] -Read 1 RGCTX ranges.
[Debug  :    Cpp2IL] [Library] -Read 2 RGCTXs.
[Debug  :    Cpp2IL] [Library] -Read module data for UnityEngine.AssetBundleModule.dll, contains 27 method pointers starting at 0x183639D40
[Debug  :    Cpp2IL] [Library] -Read 27 method pointers.
[Debug  :    Cpp2IL] [Library] -Read 1 RGCTX ranges.
[Debug  :    Cpp2IL] [Library] -Read 2 RGCTXs.
[Debug  :    Cpp2IL] [Library] -Read module data for UnityEngine.AudioModule.dll, contains 133 method pointers starting at 0x183639E20
[Debug  :    Cpp2IL] [Library] -Read 133 method pointers.
[Debug  :    Cpp2IL] [Library] -Read module data for UnityEngine.dll, contains 0 method pointers starting at 0x0
[Debug  :    Cpp2IL] [Library] -Read module data for UnityEngine.CoreModule.dll, contains 5021 method pointers starting at 0x18363DA40
[Debug  :    Cpp2IL] [Library] -Read 5021 method pointers.
[Debug  :    Cpp2IL] [Library] -Read 201 RGCTX ranges.
[Debug  :    Cpp2IL] [Library] -Read 688 RGCTXs.
[Debug  :    Cpp2IL] [Library] -Read module data for UnityEngine.DirectorModule.dll, contains 41 method pointers starting at 0x183647730
[Debug  :    Cpp2IL] [Library] -Read 41 method pointers.
[Debug  :    Cpp2IL] [Library] -Read module data for UnityEngine.GridModule.dll, contains 1 method pointers starting at 0x183647878
[Debug  :    Cpp2IL] [Library] -Read 1 method pointers.
[Debug  :    Cpp2IL] [Library] -Read module data for UnityEngine.IMGUIModule.dll, contains 653 method pointers starting at 0x1836478B0
[Debug  :    Cpp2IL] [Library] -Read 653 method pointers.
[Debug  :    Cpp2IL] [Library] -Read module data for UnityEngine.ImageConversionModule.dll, contains 5 method pointers starting at 0x183647880
[Debug  :    Cpp2IL] [Library] -Read 5 method pointers.
[Debug  :    Cpp2IL] [Library] -Read module data for UnityEngine.InputLegacyModule.dll, contains 136 method pointers starting at 0x183648F70
[Debug  :    Cpp2IL] [Library] -Read 136 method pointers.
[Debug  :    Cpp2IL] [Library] -Read module data for UnityEngine.InputModule.dll, contains 17 method pointers starting at 0x1836494F0
[Debug  :    Cpp2IL] [Library] -Read 17 method pointers.
[Debug  :    Cpp2IL] [Library] -Read module data for UnityEngine.JSONSerializeModule.dll, contains 7 method pointers starting at 0x183649578
[Debug  :    Cpp2IL] [Library] -Read 7 method pointers.
[Debug  :    Cpp2IL] [Library] -Read 1 RGCTX ranges.
[Debug  :    Cpp2IL] [Library] -Read 2 RGCTXs.
[Debug  :    Cpp2IL] [Library] -Read module data for UnityEngine.ParticleSystemModule.dll, contains 165 method pointers starting at 0x1836495B0
[Debug  :    Cpp2IL] [Library] -Read 165 method pointers.
[Debug  :    Cpp2IL] [Library] -Read module data for UnityEngine.Physics2DModule.dll, contains 134 method pointers starting at 0x183649F70
[Debug  :    Cpp2IL] [Library] -Read 134 method pointers.
[Debug  :    Cpp2IL] [Library] -Read module data for UnityEngine.PhysicsModule.dll, contains 315 method pointers starting at 0x18364A4F0
[Debug  :    Cpp2IL] [Library] -Read 315 method pointers.
[Debug  :    Cpp2IL] [Library] -Read module data for UnityEngine.PropertiesModule.dll, contains 267 method pointers starting at 0x18364B170
[Debug  :    Cpp2IL] [Library] -Read 267 method pointers.
[Debug  :    Cpp2IL] [Library] -Read 49 RGCTX ranges.
[Debug  :    Cpp2IL] [Library] -Read 273 RGCTXs.
[Debug  :    Cpp2IL] [Library] -Read module data for UnityEngine.SharedInternalsModule.dll, contains 69 method pointers starting at 0x18364BA70
[Debug  :    Cpp2IL] [Library] -Read 69 method pointers.
[Debug  :    Cpp2IL] [Library] -Read module data for UnityEngine.SpriteMaskModule.dll, contains 1 method pointers starting at 0x18364BC98
[Debug  :    Cpp2IL] [Library] -Read 1 method pointers.
[Debug  :    Cpp2IL] [Library] -Read module data for UnityEngine.SpriteShapeModule.dll, contains 0 method pointers starting at 0x0
[Debug  :    Cpp2IL] [Library] -Read module data for UnityEngine.SubsystemsModule.dll, contains 34 method pointers starting at 0x18364BCA0
[Debug  :    Cpp2IL] [Library] -Read 34 method pointers.
[Debug  :    Cpp2IL] [Library] -Read 4 RGCTX ranges.
[Debug  :    Cpp2IL] [Library] -Read 27 RGCTXs.
[Debug  :    Cpp2IL] [Library] -Read module data for UnityEngine.TerrainModule.dll, contains 86 method pointers starting at 0x18364BDB0
[Debug  :    Cpp2IL] [Library] -Read 86 method pointers.
[Debug  :    Cpp2IL] [Library] -Read module data for UnityEngine.TerrainPhysicsModule.dll, contains 1 method pointers starting at 0x18364C070
[Debug  :    Cpp2IL] [Library] -Read 1 method pointers.
[Debug  :    Cpp2IL] [Library] -Read module data for UnityEngine.TextCoreFontEngineModule.dll, contains 138 method pointers starting at 0x18364C080
[Debug  :    Cpp2IL] [Library] -Read 138 method pointers.
[Debug  :    Cpp2IL] [Library] -Read 2 RGCTX ranges.
[Debug  :    Cpp2IL] [Library] -Read 11 RGCTXs.
[Debug  :    Cpp2IL] [Library] -Read module data for UnityEngine.TextCoreTextEngineModule.dll, contains 472 method pointers starting at 0x18364CA60
[Debug  :    Cpp2IL] [Library] -Read 472 method pointers.
[Debug  :    Cpp2IL] [Library] -Read 6 RGCTX ranges.
[Debug  :    Cpp2IL] [Library] -Read 24 RGCTXs.
[Debug  :    Cpp2IL] [Library] -Read module data for UnityEngine.TextRenderingModule.dll, contains 56 method pointers starting at 0x18364DB60
[Debug  :    Cpp2IL] [Library] -Read 56 method pointers.
[Debug  :    Cpp2IL] [Library] -Read module data for UnityEngine.TilemapModule.dll, contains 52 method pointers starting at 0x18364DD50
[Debug  :    Cpp2IL] [Library] -Read 52 method pointers.
[Debug  :    Cpp2IL] [Library] -Read module data for UnityEngine.UIElementsModule.dll, contains 7436 method pointers starting at 0x18364DF50
[Debug  :    Cpp2IL] [Library] -Read 7436 method pointers.
[Debug  :    Cpp2IL] [Library] -Read 148 RGCTX ranges.
[Debug  :    Cpp2IL] [Library] -Read 1619 RGCTXs.
[Debug  :    Cpp2IL] [Library] -Read module data for UnityEngine.UIModule.dll, contains 112 method pointers starting at 0x18365F210
[Debug  :    Cpp2IL] [Library] -Read 112 method pointers.
[Debug  :    Cpp2IL] [Library] -Read module data for UnityEngine.UI.dll, contains 1900 method pointers starting at 0x18365F590
[Debug  :    Cpp2IL] [Library] -Read 1900 method pointers.
[Debug  :    Cpp2IL] [Library] -Read 14 RGCTX ranges.
[Debug  :    Cpp2IL] [Library] -Read 74 RGCTXs.
[Debug  :    Cpp2IL] [Library] -Read module data for UnityEngine.UnityAnalyticsModule.dll, contains 12 method pointers starting at 0x183663570
[Debug  :    Cpp2IL] [Library] -Read 12 method pointers.
[Debug  :    Cpp2IL] [Library] -Read module data for UnityEngine.UnityWebRequestModule.dll, contains 121 method pointers starting at 0x1836635D0
[Debug  :    Cpp2IL] [Library] -Read 121 method pointers.
[Debug  :    Cpp2IL] [Library] -Read module data for UnityEngine.VFXModule.dll, contains 123 method pointers starting at 0x1836639A0
[Debug  :    Cpp2IL] [Library] -Read 123 method pointers.
[Debug  :    Cpp2IL] [Library] -Read module data for UnityEngine.VRModule.dll, contains 17 method pointers starting at 0x183663F40
[Debug  :    Cpp2IL] [Library] -Read 17 method pointers.
[Debug  :    Cpp2IL] [Library] -Read module data for UnityEngine.VideoModule.dll, contains 46 method pointers starting at 0x183663DB0
[Debug  :    Cpp2IL] [Library] -Read 46 method pointers.
[Debug  :    Cpp2IL] [Library] -Read module data for UnityEngine.WindModule.dll, contains 5 method pointers starting at 0x183663FC8
[Debug  :    Cpp2IL] [Library] -Read 5 method pointers.
[Debug  :    Cpp2IL] [Library] -Read module data for UnityEngine.XRModule.dll, contains 94 method pointers starting at 0x183663FF0
[Debug  :    Cpp2IL] [Library] -Read 94 method pointers.
[Debug  :    Cpp2IL] [Library] -Read module data for UnityGameFramework.Runtime.dll, contains 2530 method pointers starting at 0x183664620
[Debug  :    Cpp2IL] [Library] -Read 2530 method pointers.
[Debug  :    Cpp2IL] [Library] -Read 86 RGCTX ranges.
[Debug  :    Cpp2IL] [Library] -Read 181 RGCTXs.
[Debug  :    Cpp2IL] [Library] -Read module data for Unity.Burst.dll, contains 3642 method pointers starting at 0x1835DB940
[Debug  :    Cpp2IL] [Library] -Read 3642 method pointers.
[Debug  :    Cpp2IL] [Library] -Read 23 RGCTX ranges.
[Debug  :    Cpp2IL] [Library] -Read 80 RGCTXs.
[Debug  :    Cpp2IL] [Library] -Read module data for Unity.Burst.Unsafe.dll, contains 37 method pointers starting at 0x1835DB810
[Debug  :    Cpp2IL] [Library] -Read 37 method pointers.
[Debug  :    Cpp2IL] [Library] -Read 27 RGCTX ranges.
[Debug  :    Cpp2IL] [Library] -Read 35 RGCTXs.
[Debug  :    Cpp2IL] [Library] -Read module data for Unity.Collections.dll, contains 3115 method pointers starting at 0x1835E3060
[Debug  :    Cpp2IL] [Library] -Read 3115 method pointers.
[Debug  :    Cpp2IL] [Library] -Read 731 RGCTX ranges.
[Debug  :    Cpp2IL] [Library] -Read 4866 RGCTXs.
[Debug  :    Cpp2IL] [Library] -Read module data for Unity.Collections.LowLevel.ILSupport.dll, contains 4 method pointers starting at 0x1835E3040
[Debug  :    Cpp2IL] [Library] -Read 4 method pointers.
[Debug  :    Cpp2IL] [Library] -Read 2 RGCTX ranges.
[Debug  :    Cpp2IL] [Library] -Read 2 RGCTXs.
[Debug  :    Cpp2IL] [Library] -Read module data for Unity.InputSystem.dll, contains 5705 method pointers starting at 0x1835F10D0
[Debug  :    Cpp2IL] [Library] -Read 5705 method pointers.
[Debug  :    Cpp2IL] [Library] -Read 203 RGCTX ranges.
[Debug  :    Cpp2IL] [Library] -Read 964 RGCTXs.
[Debug  :    Cpp2IL] [Library] -Read module data for Unity.InputSystem.ForUI.dll, contains 2 method pointers starting at 0x1835EC330
[Debug  :    Cpp2IL] [Library] -Read 2 method pointers.
[Debug  :    Cpp2IL] [Library] -Read module data for Unity.Mathematics.dll, contains 9338 method pointers starting at 0x18360DC40
[Debug  :    Cpp2IL] [Library] -Read 9338 method pointers.
[Debug  :    Cpp2IL] [Library] -Read module data for Unity.RenderPipelines.Core.Runtime.dll, contains 3006 method pointers starting at 0x183620010
[Debug  :    Cpp2IL] [Library] -Read 3006 method pointers.
[Debug  :    Cpp2IL] [Library] -Read 100 RGCTX ranges.
[Debug  :    Cpp2IL] [Library] -Read 730 RGCTXs.
[Debug  :    Cpp2IL] [Library] -Read module data for Unity.RenderPipelines.HighDefinition.Config.Runtime.dll, contains 6 method pointers starting at 0x183626BA0
[Debug  :    Cpp2IL] [Library] -Read 6 method pointers.
[Debug  :    Cpp2IL] [Library] -Read module data for Unity.RenderPipelines.HighDefinition.Runtime.dll, contains 5194 method pointers starting at 0x183627C10
[Debug  :    Cpp2IL] [Library] -Read 5194 method pointers.
[Debug  :    Cpp2IL] [Library] -Read 30 RGCTX ranges.
[Debug  :    Cpp2IL] [Library] -Read 136 RGCTXs.
[Debug  :    Cpp2IL] [Library] -Read module data for Unity.TextMeshPro.dll, contains 1620 method pointers starting at 0x183631E60
[Debug  :    Cpp2IL] [Library] -Read 1620 method pointers.
[Debug  :    Cpp2IL] [Library] -Read 19 RGCTX ranges.
[Debug  :    Cpp2IL] [Library] -Read 146 RGCTXs.
[Debug  :    Cpp2IL] [Library] -Read module data for Unity.Timeline.dll, contains 885 method pointers starting at 0x1836357E0
[Debug  :    Cpp2IL] [Library] -Read 885 method pointers.
[Debug  :    Cpp2IL] [Library] -Read 7 RGCTX ranges.
[Debug  :    Cpp2IL] [Library] -Read 35 RGCTXs.
[Debug  :    Cpp2IL] [Library] -Read module data for Unity.VisualEffectGraph.Runtime.dll, contains 513 method pointers starting at 0x1836375B0
[Debug  :    Cpp2IL] [Library] -Read 513 method pointers.
[Debug  :    Cpp2IL] [Library] -Read 9 RGCTX ranges.
[Debug  :    Cpp2IL] [Library] -Read 37 RGCTXs.
[Debug  :    Cpp2IL] [Library] -Read module data for __Generated, contains 3 method pointers starting at 0x183669670
[Debug  :    Cpp2IL] [Library] -Read 3 method pointers.
[Debug  :    Cpp2IL] [Library] -Read module data for com.rlabrecque.steamworks.net.dll, contains 3015 method pointers starting at 0x1833EDD00
[Debug  :    Cpp2IL] [Library] -Read 3015 method pointers.
[Debug  :    Cpp2IL] [Library] -Read 2 RGCTX ranges.
[Debug  :    Cpp2IL] [Library] -Read 20 RGCTXs.
[Debug  :    Cpp2IL] [Library] -Read module data for mscorlib.dll, contains 12396 method pointers starting at 0x18359A730
[Debug  :    Cpp2IL] [Library] -Read 12396 method pointers.
[Debug  :    Cpp2IL] [Library] -Read 282 RGCTX ranges.
[Debug  :    Cpp2IL] [Library] -Read 2296 RGCTXs.
[Debug  :    Cpp2IL] [Library] OK (7.9612 ms)
[Debug  :    Cpp2IL] [Library] Reading generic method tables...
[Debug  :    Cpp2IL] [Library] OK (25.5288 ms)
[Debug  :    Cpp2IL] [Library] Reading method specifications...
[Debug  :    Cpp2IL] [Library] OK (10.1355 ms)
[Debug  :    Cpp2IL] [Library] Reading generic methods...
[Debug  :    Cpp2IL] [Library] OK (49.8146 ms)
[Info   :    Cpp2IL] [Library] Initialized Binary in 228ms
[Info   :    Cpp2IL] [Library] Mapping pointers to Il2CppMethodDefinitions...
[Info   :    Cpp2IL] [Library] Processed 134669 OK (127ms)
[Info   :    Cpp2IL] [Program] Creating application model...
[Debug  :    Cpp2IL] [Program] Using instruction set handler: Cpp2IL.Core.InstructionSets.X86InstructionSet
[Debug  :    Cpp2IL] [Program] Processing assembly: Unity.RenderPipelines.HighDefinition.Runtime...
[Debug  :    Cpp2IL] [Program] Processing assembly: Assembly-CSharp...
[Debug  :    Cpp2IL] [Program] Processing assembly: mscorlib...
[Debug  :    Cpp2IL] [Program] Processing assembly: UnityEngine.UIElementsModule...
[Debug  :    Cpp2IL] [Program] Processing assembly: Unity.InputSystem...
[Debug  :    Cpp2IL] [Program] Processing assembly: System...
[Debug  :    Cpp2IL] [Program] Processing assembly: Unity.Mathematics...
[Debug  :    Cpp2IL] [Program] Processing assembly: UnityEngine.CoreModule...
[Debug  :    Cpp2IL] [Program] Processing assembly: AstarPathfindingProject...
[Debug  :    Cpp2IL] [Program] Processing assembly: System.Xml...
[Debug  :    Cpp2IL] [Program] Processing assembly: Unity.RenderPipelines.Core.Runtime...
[Debug  :    Cpp2IL] [Program] Processing assembly: MagicaCloth...
[Debug  :    Cpp2IL] [Program] Processing assembly: com.rlabrecque.steamworks.net...
[Debug  :    Cpp2IL] [Program] Processing assembly: Unity.Collections...
[Debug  :    Cpp2IL] [Program] Processing assembly: Unity.TextMeshPro...
[Debug  :    Cpp2IL] [Program] Processing assembly: GameFramework...
[Debug  :    Cpp2IL] [Program] Processing assembly: Newtonsoft.Json...
[Debug  :    Cpp2IL] [Program] Processing assembly: System.Core...
[Debug  :    Cpp2IL] [Program] Processing assembly: UnityGameFramework.Runtime...
[Debug  :    Cpp2IL] [Program] Processing assembly: Cinemachine...
[Debug  :    Cpp2IL] [Program] Processing assembly: Unity.Burst...
[Debug  :    Cpp2IL] [Program] Processing assembly: KWS...
[Debug  :    Cpp2IL] [Program] Processing assembly: UnityEngine.UI...
[Debug  :    Cpp2IL] [Program] Processing assembly: Pathfinding.Ionic.Zip.Reduced...
[Debug  :    Cpp2IL] [Program] Processing assembly: UnityEngine.TextCoreTextEngineModule...
[Debug  :    Cpp2IL] [Program] Processing assembly: ICSharpCode.SharpZipLib...
[Debug  :    Cpp2IL] [Program] Processing assembly: PaintIn3D...
[Debug  :    Cpp2IL] [Program] Processing assembly: DOTween...
[Debug  :    Cpp2IL] [Program] Processing assembly: Unity.Timeline...
[Debug  :    Cpp2IL] [Program] Processing assembly: Mono.Security...
[Debug  :    Cpp2IL] [Program] Processing assembly: BehaviorDesigner.Runtime...
[Debug  :    Cpp2IL] [Program] Processing assembly: UnityEngine.IMGUIModule...
[Debug  :    Cpp2IL] [Program] Processing assembly: Unity.VisualEffectGraph.Runtime...
[Debug  :    Cpp2IL] [Program] Processing assembly: CW.Common...
[Debug  :    Cpp2IL] [Program] Processing assembly: UnityEngine...
[Debug  :    Cpp2IL] [Program] Processing assembly: IngameDebugConsole.Runtime...
[Debug  :    Cpp2IL] [Program] Processing assembly: Pathfinding.ClipperLib...
[Debug  :    Cpp2IL] [Program] Processing assembly: UnityEngine.AndroidJNIModule...
[Debug  :    Cpp2IL] [Program] Processing assembly: UnityEngine.AnimationModule...
[Debug  :    Cpp2IL] [Program] Processing assembly: UnityEngine.PropertiesModule...
[Debug  :    Cpp2IL] [Program] Processing assembly: UnityEngine.PhysicsModule...
[Debug  :    Cpp2IL] [Program] Processing assembly: PaintIn3D_Game...
[Debug  :    Cpp2IL] [Program] Processing assembly: Pathfinding.Poly2Tri...
[Debug  :    Cpp2IL] [Program] Processing assembly: UnityEngine.UnityWebRequestModule...
[Debug  :    Cpp2IL] [Program] Processing assembly: UnityEngine.TextCoreFontEngineModule...
[Debug  :    Cpp2IL] [Program] Processing assembly: UnityEngine.ParticleSystemModule...
[Debug  :    Cpp2IL] [Program] Processing assembly: System.Numerics...
[Debug  :    Cpp2IL] [Program] Processing assembly: UnityEngine.XRModule...
[Debug  :    Cpp2IL] [Program] Processing assembly: UnityEngine.Physics2DModule...
[Debug  :    Cpp2IL] [Program] Processing assembly: UnityEngine.TerrainModule...
[Debug  :    Cpp2IL] [Program] Processing assembly: UnityEngine.AudioModule...
[Debug  :    Cpp2IL] [Program] Processing assembly: UnityEngine.InputLegacyModule...
[Debug  :    Cpp2IL] [Program] Processing assembly: UnityEngine.VFXModule...
[Debug  :    Cpp2IL] [Program] Processing assembly: UnityEngine.UIModule...
[Debug  :    Cpp2IL] [Program] Processing assembly: UnityEngine.TextRenderingModule...
[Debug  :    Cpp2IL] [Program] Processing assembly: UnityEngine.TilemapModule...
[Debug  :    Cpp2IL] [Program] Processing assembly: UnityEngine.SharedInternalsModule...
[Debug  :    Cpp2IL] [Program] Processing assembly: UnityEngine.VideoModule...
[Debug  :    Cpp2IL] [Program] Processing assembly: UnityEngine.SubsystemsModule...
[Debug  :    Cpp2IL] [Program] Processing assembly: UnityEngine.AssetBundleModule...
[Debug  :    Cpp2IL] [Program] Processing assembly: UnityEngine.AIModule...
[Debug  :    Cpp2IL] [Program] Processing assembly: UnityEngine.DirectorModule...
[Debug  :    Cpp2IL] [Program] Processing assembly: UnityEngine.InputModule...
[Debug  :    Cpp2IL] [Program] Processing assembly: UnityEngine.UnityAnalyticsModule...
[Debug  :    Cpp2IL] [Program] Processing assembly: UnityEngine.VRModule...
[Debug  :    Cpp2IL] [Program] Processing assembly: UnityEngine.JSONSerializeModule...
[Debug  :    Cpp2IL] [Program] Processing assembly: UnityEngine.ImageConversionModule...
[Debug  :    Cpp2IL] [Program] Processing assembly: UnityEngine.GridModule...
[Debug  :    Cpp2IL] [Program] Processing assembly: UnityEngine.SpriteMaskModule...
[Debug  :    Cpp2IL] [Program] Processing assembly: UnityEngine.SpriteShapeModule...
[Debug  :    Cpp2IL] [Program] Processing assembly: UnityEngine.TerrainPhysicsModule...
[Debug  :    Cpp2IL] [Program] Processing assembly: UnityEngine.WindModule...
[Debug  :    Cpp2IL] [Program] Processing assembly: PaintIn3D_Editor...
[Debug  :    Cpp2IL] [Program] Processing assembly: Unity.RenderPipelines.HighDefinition.Config.Runtime...
[Debug  :    Cpp2IL] [Program] Processing assembly: System.Runtime.Serialization...
[Debug  :    Cpp2IL] [Program] Processing assembly: Unity.Burst.Unsafe...
[Debug  :    Cpp2IL] [Program] Processing assembly: System.Configuration...
[Debug  :    Cpp2IL] [Program] Processing assembly: Unity.InputSystem.ForUI...
[Debug  :    Cpp2IL] [Program] Processing assembly: Unity.Collections.LowLevel.ILSupport...
[Debug  :    Cpp2IL] [Program] Processing assembly: __Generated...
[Debug  :    Cpp2IL] [MAC] Unexpectedly got 0-byte method body for Method: System.__Il2CppComObject::Finalize. Pointer was 0x1829446E0
[Debug  :    Cpp2IL] [MAC] Unexpectedly got 0-byte method body for Method: System.__Il2CppComDelegate::Finalize. Pointer was 0x1829446E0
[Debug  :    Cpp2IL] [Program] Processing concrete generic methods...
[Info   :    Cpp2IL] [Program] Application model created in 2841.0097ms
[Debug  :    Cpp2IL] [DllOutput] Building stub assemblies...
[Debug  :    Cpp2IL] [DllOutput] 235.3ms
[Debug  :    Cpp2IL] [DllOutput] Configuring inheritance and generics...
[Debug  :    Cpp2IL] [DllOutput] 128.0ms
[Debug  :    Cpp2IL] [DllOutput] Adding fields, methods, properties, and events (in parallel)...
[Debug  :    Cpp2IL] [DllOutput] 3483.5ms
[Debug  :    Cpp2IL] [DllOutput] Adding custom attributes to all of the above...
[Debug  :    Cpp2IL] [DllOutput] 3056.2ms
[Info   :InteropManager] Cpp2IL finished in 00:00:12.4038311
[Info   :InteropManager] Generating interop assemblies
[Debug  :Il2CppInteropGen] Running InteropAssemblyGeneratorRunner
[Info   :Il2CppInteropGen] Reading assemblies...
[Info   :Il2CppInteropGen] Done in 00:00:00.0074457
[Info   :Il2CppInteropGen] Reading unity assemblies...
[Info   :Il2CppInteropGen] Done in 00:00:00.1830901
[Info   :Il2CppInteropGen] Creating rewrite assemblies...
[Info   :Il2CppInteropGen] Done in 00:00:00.0107196
[Info   :Il2CppInteropGen] Computing renames...
[Info   :Il2CppInteropGen] Done in 00:00:00.0642201
[Info   :Il2CppInteropGen] Creating typedefs...
[Info   :Il2CppInteropGen] Done in 00:00:00.0777007
[Info   :Il2CppInteropGen] Computing struct blittability...
[Info   :Il2CppInteropGen] Done in 00:00:00.0259650
[Info   :Il2CppInteropGen] Filling typedefs...
[Info   :Il2CppInteropGen] Done in 00:00:00.3035709
[Info   :Il2CppInteropGen] Filling generic constraints...
[Info   :Il2CppInteropGen] Done in 00:00:00.0108087
[Info   :Il2CppInteropGen] Creating members...
[Info   :Il2CppInteropGen] Done in 00:00:01.4366475
[Info   :Il2CppInteropGen] Scanning method cross-references...
[Info   :Il2CppInteropGen] Done in 00:00:01.2430205
[Info   :Il2CppInteropGen] Finalizing method declarations...
[Debug  :Il2CppInteropGen] Dead method statistics: 0t=62 mt=0 0n=43 mn=0
[Info   :Il2CppInteropGen] Done in 00:00:04.0072327
[Info   :Il2CppInteropGen] 105 total potentially dead methods
[Info   :Il2CppInteropGen] Filling method parameters...
[Info   :Il2CppInteropGen] Done in 00:00:01.4491867
[Info   :Il2CppInteropGen] Creating static constructors...
[Debug  :Il2CppInteropGen] Tokenless method count: 0
[Info   :Il2CppInteropGen] Done in 00:00:01.8922771
[Info   :Il2CppInteropGen] Creating value type fields...
[Info   :Il2CppInteropGen] Done in 00:00:00.1703214
[Info   :Il2CppInteropGen] Creating enums...
[Info   :Il2CppInteropGen] Done in 00:00:00.3294192
[Info   :Il2CppInteropGen] Creating IntPtr constructors...
[Info   :Il2CppInteropGen] Done in 00:00:00.1370711
[Info   :Il2CppInteropGen] Creating non-blittable struct constructors...
[Info   :Il2CppInteropGen] Done in 00:00:00.0047779
[Info   :Il2CppInteropGen] Creating generic method static constructors...
[Info   :Il2CppInteropGen] Done in 00:00:00.1669664
[Info   :Il2CppInteropGen] Creating field accessors...
[Info   :Il2CppInteropGen] Done in 00:00:02.2309362
[Info   :Il2CppInteropGen] Filling methods...
[Info   :Il2CppInteropGen] Done in 00:00:02.0286268
[Info   :Il2CppInteropGen] Generating implicit conversions...
[Info   :Il2CppInteropGen] Done in 00:00:00.0900846
[Info   :Il2CppInteropGen] Implementing awaiters...
[Info   :Il2CppInteropGen] Done in 00:00:00.0168885
[Info   :Il2CppInteropGen] Creating properties...
[Info   :Il2CppInteropGen] Done in 00:00:00.4327153
[Info   :Il2CppInteropGen] Unstripping types...
[Debug  :Il2CppInteropGen] Unstripped 1066 types
[Info   :Il2CppInteropGen] Done in 00:00:00.0895129
[Info   :Il2CppInteropGen] Unstripping fields...
[Debug  :Il2CppInteropGen] Field UnityEngine.Experimental.AI.PolygonId UnityEngine.Experimental.AI.NavMeshLocation::<polygon>k__BackingField on type UnityEngine.Experimental.AI.NavMeshLocation has unsupported type UnityEngine.Experimental.AI.PolygonId, the type will be unusable
[Debug  :Il2CppInteropGen] Field Unity.Baselib.LowLevel.Binding+Baselib_ErrorState Unity.Baselib.ErrorState::nativeErrorState on type Unity.Baselib.ErrorState has unsupported type Unity.Baselib.LowLevel.Binding+Baselib_ErrorState, the type will be unusable
[Debug  :Il2CppInteropGen] Field UnityEngine.QueryParameters UnityEngine.OverlapBoxCommand::queryParameters on type UnityEngine.OverlapBoxCommand has unsupported type UnityEngine.QueryParameters, the type will be unusable
[Info   :Il2CppInteropGen] Restored 438 fields
[Info   :Il2CppInteropGen] Failed to restore 3 fields
[Info   :Il2CppInteropGen] Done in 00:00:00.0459773
[Info   :Il2CppInteropGen] Unstripping methods...
[Debug  :Il2CppInteropGen] Method UnityEngine.Experimental.AI.PolygonId UnityEngine.Experimental.AI.NavMeshLocation::get_polygon() has unsupported return type UnityEngine.Experimental.AI.PolygonId
[Debug  :Il2CppInteropGen] Method System.Void UnityEngine.AI.NavMeshBuilder::CollectSources(UnityEngine.Bounds, System.Int32, UnityEngine.AI.NavMeshCollectGeometry, System.Int32, System.Boolean, System.Collections.Generic.List`1<UnityEngine.AI.NavMeshBuildMarkup>, System.Boolean, System.Collections.Generic.List`1<UnityEngine.AI.NavMeshBuildSource>) has unsupported parameter type System.Collections.Generic.List`1<UnityEngine.AI.NavMeshBuildMarkup> markups
[Debug  :Il2CppInteropGen] Method System.Void UnityEngine.AI.NavMeshBuilder::CollectSources(UnityEngine.Bounds, System.Int32, UnityEngine.AI.NavMeshCollectGeometry, System.Int32, System.Collections.Generic.List`1<UnityEngine.AI.NavMeshBuildMarkup>, System.Collections.Generic.List`1<UnityEngine.AI.NavMeshBuildSource>) has unsupported parameter type System.Collections.Generic.List`1<UnityEngine.AI.NavMeshBuildMarkup> markups
[Debug  :Il2CppInteropGen] Method System.Void UnityEngine.AI.NavMeshBuilder::CollectSources(UnityEngine.Transform, System.Int32, UnityEngine.AI.NavMeshCollectGeometry, System.Int32, System.Boolean, System.Collections.Generic.List`1<UnityEngine.AI.NavMeshBuildMarkup>, System.Boolean, System.Collections.Generic.List`1<UnityEngine.AI.NavMeshBuildSource>) has unsupported parameter type System.Collections.Generic.List`1<UnityEngine.AI.NavMeshBuildMarkup> markups
[Debug  :Il2CppInteropGen] Method System.Void UnityEngine.AI.NavMeshBuilder::CollectSources(UnityEngine.Transform, System.Int32, UnityEngine.AI.NavMeshCollectGeometry, System.Int32, System.Collections.Generic.List`1<UnityEngine.AI.NavMeshBuildMarkup>, System.Collections.Generic.List`1<UnityEngine.AI.NavMeshBuildSource>) has unsupported parameter type System.Collections.Generic.List`1<UnityEngine.AI.NavMeshBuildMarkup> markups
[Debug  :Il2CppInteropGen] Method UnityEngine.AI.NavMeshBuildSource[] UnityEngine.AI.NavMeshBuilder::CollectSourcesInternal(System.Int32, UnityEngine.Bounds, UnityEngine.Transform, System.Boolean, UnityEngine.AI.NavMeshCollectGeometry, System.Int32, System.Boolean, UnityEngine.AI.NavMeshBuildMarkup[], System.Boolean) has unsupported return type UnityEngine.AI.NavMeshBuildSource[]
[Debug  :Il2CppInteropGen] Method UnityEngine.AI.NavMeshData UnityEngine.AI.NavMeshBuilder::BuildNavMeshData(UnityEngine.AI.NavMeshBuildSettings, System.Collections.Generic.List`1<UnityEngine.AI.NavMeshBuildSource>, UnityEngine.Bounds, UnityEngine.Vector3, UnityEngine.Quaternion) has unsupported parameter type UnityEngine.AI.NavMeshBuildSettings buildSettings
[Debug  :Il2CppInteropGen] Method System.Boolean UnityEngine.AI.NavMeshBuilder::UpdateNavMeshData(UnityEngine.AI.NavMeshData, UnityEngine.AI.NavMeshBuildSettings, System.Collections.Generic.List`1<UnityEngine.AI.NavMeshBuildSource>, UnityEngine.Bounds) has unsupported parameter type UnityEngine.AI.NavMeshBuildSettings buildSettings
[Debug  :Il2CppInteropGen] Method System.Boolean UnityEngine.AI.NavMeshBuilder::UpdateNavMeshDataListInternal(UnityEngine.AI.NavMeshData, UnityEngine.AI.NavMeshBuildSettings, System.Object, UnityEngine.Bounds) has unsupported parameter type UnityEngine.AI.NavMeshBuildSettings buildSettings
[Debug  :Il2CppInteropGen] Method UnityEngine.AsyncOperation UnityEngine.AI.NavMeshBuilder::UpdateNavMeshDataAsync(UnityEngine.AI.NavMeshData, UnityEngine.AI.NavMeshBuildSettings, System.Collections.Generic.List`1<UnityEngine.AI.NavMeshBuildSource>, UnityEngine.Bounds) has unsupported parameter type UnityEngine.AI.NavMeshBuildSettings buildSettings
[Debug  :Il2CppInteropGen] Method UnityEngine.AsyncOperation UnityEngine.AI.NavMeshBuilder::UpdateNavMeshDataAsyncListInternal(UnityEngine.AI.NavMeshData, UnityEngine.AI.NavMeshBuildSettings, System.Object, UnityEngine.Bounds) has unsupported parameter type UnityEngine.AI.NavMeshBuildSettings buildSettings
[Debug  :Il2CppInteropGen] Method UnityEngine.AI.NavMeshBuildSource[] UnityEngine.AI.NavMeshBuilder::CollectSourcesInternal_Injected(System.Int32, UnityEngine.Bounds&, UnityEngine.Transform, System.Boolean, UnityEngine.AI.NavMeshCollectGeometry, System.Int32, System.Boolean, UnityEngine.AI.NavMeshBuildMarkup[], System.Boolean) has unsupported return type UnityEngine.AI.NavMeshBuildSource[]
[Debug  :Il2CppInteropGen] Method System.Boolean UnityEngine.AI.NavMeshBuilder::UpdateNavMeshDataListInternal_Injected(UnityEngine.AI.NavMeshData, UnityEngine.AI.NavMeshBuildSettings&, System.Object, UnityEngine.Bounds&) has unsupported parameter type UnityEngine.AI.NavMeshBuildSettings& buildSettings
[Debug  :Il2CppInteropGen] Method UnityEngine.AsyncOperation UnityEngine.AI.NavMeshBuilder::UpdateNavMeshDataAsyncListInternal_Injected(UnityEngine.AI.NavMeshData, UnityEngine.AI.NavMeshBuildSettings&, System.Object, UnityEngine.Bounds&) has unsupported parameter type UnityEngine.AI.NavMeshBuildSettings& buildSettings
[Debug  :Il2CppInteropGen] Method UnityEngine.AI.OffMeshLinkData UnityEngine.AI.NavMeshAgent::get_currentOffMeshLinkData() has unsupported return type UnityEngine.AI.OffMeshLinkData
[Debug  :Il2CppInteropGen] Method UnityEngine.AI.OffMeshLinkData UnityEngine.AI.NavMeshAgent::GetCurrentOffMeshLinkDataInternal() has unsupported return type UnityEngine.AI.OffMeshLinkData
[Debug  :Il2CppInteropGen] Method UnityEngine.AI.OffMeshLinkData UnityEngine.AI.NavMeshAgent::get_nextOffMeshLinkData() has unsupported return type UnityEngine.AI.OffMeshLinkData
[Debug  :Il2CppInteropGen] Method UnityEngine.AI.OffMeshLinkData UnityEngine.AI.NavMeshAgent::GetNextOffMeshLinkDataInternal() has unsupported return type UnityEngine.AI.OffMeshLinkData
[Debug  :Il2CppInteropGen] Method System.Void UnityEngine.AI.NavMeshAgent::GetCurrentOffMeshLinkDataInternal_Injected(UnityEngine.AI.OffMeshLinkData&) has unsupported parameter type UnityEngine.AI.OffMeshLinkData& ret
[Debug  :Il2CppInteropGen] Method System.Void UnityEngine.AI.NavMeshAgent::GetNextOffMeshLinkDataInternal_Injected(UnityEngine.AI.OffMeshLinkData&) has unsupported parameter type UnityEngine.AI.OffMeshLinkData& ret
[Debug  :Il2CppInteropGen] Method UnityEngine.AI.NavMeshBuildSettings UnityEngine.AI.NavMeshData::get_buildSettings() has unsupported return type UnityEngine.AI.NavMeshBuildSettings
[Debug  :Il2CppInteropGen] Method System.Void UnityEngine.AI.NavMeshData::get_buildSettings_Injected(UnityEngine.AI.NavMeshBuildSettings&) has unsupported parameter type UnityEngine.AI.NavMeshBuildSettings& ret
[Debug  :Il2CppInteropGen] Method UnityEngine.AI.NavMeshTriangulation UnityEngine.AI.NavMesh::CalculateTriangulation() has unsupported return type UnityEngine.AI.NavMeshTriangulation
[Debug  :Il2CppInteropGen] Method UnityEngine.AI.NavMeshDataInstance UnityEngine.AI.NavMesh::AddNavMeshData(UnityEngine.AI.NavMeshData) has unsupported return type UnityEngine.AI.NavMeshDataInstance
[Debug  :Il2CppInteropGen] Method UnityEngine.AI.NavMeshDataInstance UnityEngine.AI.NavMesh::AddNavMeshData(UnityEngine.AI.NavMeshData, UnityEngine.Vector3, UnityEngine.Quaternion) has unsupported return type UnityEngine.AI.NavMeshDataInstance
[Debug  :Il2CppInteropGen] Method System.Void UnityEngine.AI.NavMesh::RemoveNavMeshData(UnityEngine.AI.NavMeshDataInstance) has unsupported parameter type UnityEngine.AI.NavMeshDataInstance handle
[Debug  :Il2CppInteropGen] Method UnityEngine.AI.NavMeshLinkInstance UnityEngine.AI.NavMesh::AddLink(UnityEngine.AI.NavMeshLinkData) has unsupported return type UnityEngine.AI.NavMeshLinkInstance
[Debug  :Il2CppInteropGen] Method UnityEngine.AI.NavMeshLinkInstance UnityEngine.AI.NavMesh::AddLink(UnityEngine.AI.NavMeshLinkData, UnityEngine.Vector3, UnityEngine.Quaternion) has unsupported return type UnityEngine.AI.NavMeshLinkInstance
[Debug  :Il2CppInteropGen] Method System.Void UnityEngine.AI.NavMesh::RemoveLink(UnityEngine.AI.NavMeshLinkInstance) has unsupported parameter type UnityEngine.AI.NavMeshLinkInstance handle
[Debug  :Il2CppInteropGen] Method System.Int32 UnityEngine.AI.NavMesh::AddLinkInternal(UnityEngine.AI.NavMeshLinkData, UnityEngine.Vector3, UnityEngine.Quaternion) has unsupported parameter type UnityEngine.AI.NavMeshLinkData link
[Debug  :Il2CppInteropGen] Method System.Boolean UnityEngine.AI.NavMesh::SamplePosition(UnityEngine.Vector3, UnityEngine.AI.NavMeshHit&, System.Single, UnityEngine.AI.NavMeshQueryFilter) has unsupported parameter type UnityEngine.AI.NavMeshQueryFilter filter
[Debug  :Il2CppInteropGen] Method System.Boolean UnityEngine.AI.NavMesh::FindClosestEdge(UnityEngine.Vector3, UnityEngine.AI.NavMeshHit&, UnityEngine.AI.NavMeshQueryFilter) has unsupported parameter type UnityEngine.AI.NavMeshQueryFilter filter
[Debug  :Il2CppInteropGen] Method System.Boolean UnityEngine.AI.NavMesh::Raycast(UnityEngine.Vector3, UnityEngine.Vector3, UnityEngine.AI.NavMeshHit&, UnityEngine.AI.NavMeshQueryFilter) has unsupported parameter type UnityEngine.AI.NavMeshQueryFilter filter
[Debug  :Il2CppInteropGen] Method System.Boolean UnityEngine.AI.NavMesh::CalculatePath(UnityEngine.Vector3, UnityEngine.Vector3, UnityEngine.AI.NavMeshQueryFilter, UnityEngine.AI.NavMeshPath) has unsupported parameter type UnityEngine.AI.NavMeshQueryFilter filter
[Debug  :Il2CppInteropGen] Method UnityEngine.AI.NavMeshBuildSettings UnityEngine.AI.NavMesh::CreateSettings() has unsupported return type UnityEngine.AI.NavMeshBuildSettings
[Debug  :Il2CppInteropGen] Method UnityEngine.AI.NavMeshBuildSettings UnityEngine.AI.NavMesh::GetSettingsByID(System.Int32) has unsupported return type UnityEngine.AI.NavMeshBuildSettings
[Debug  :Il2CppInteropGen] Method UnityEngine.AI.NavMeshBuildSettings UnityEngine.AI.NavMesh::GetSettingsByIndex(System.Int32) has unsupported return type UnityEngine.AI.NavMeshBuildSettings
[Debug  :Il2CppInteropGen] Method System.Void UnityEngine.AI.NavMesh::CalculateTriangulation_Injected(UnityEngine.AI.NavMeshTriangulation&) has unsupported parameter type UnityEngine.AI.NavMeshTriangulation& ret
[Debug  :Il2CppInteropGen] Method System.Int32 UnityEngine.AI.NavMesh::AddLinkInternal_Injected(UnityEngine.AI.NavMeshLinkData&, UnityEngine.Vector3&, UnityEngine.Quaternion&) has unsupported parameter type UnityEngine.AI.NavMeshLinkData& link
[Debug  :Il2CppInteropGen] Method System.Void UnityEngine.AI.NavMesh::CreateSettings_Injected(UnityEngine.AI.NavMeshBuildSettings&) has unsupported parameter type UnityEngine.AI.NavMeshBuildSettings& ret
[Debug  :Il2CppInteropGen] Method System.Void UnityEngine.AI.NavMesh::GetSettingsByID_Injected(System.Int32, UnityEngine.AI.NavMeshBuildSettings&) has unsupported parameter type UnityEngine.AI.NavMeshBuildSettings& ret
[Debug  :Il2CppInteropGen] Method System.Void UnityEngine.AI.NavMesh::GetSettingsByIndex_Injected(System.Int32, UnityEngine.AI.NavMeshBuildSettings&) has unsupported parameter type UnityEngine.AI.NavMeshBuildSettings& ret
[Debug  :Il2CppInteropGen] Method System.Int32 UnityEngine.AndroidJNI::RegisterNatives(System.IntPtr, UnityEngine.JNINativeMethod[]) has unsupported parameter type UnityEngine.JNINativeMethod[] methods
[Debug  :Il2CppInteropGen] Method UnityEngine.Avatar UnityEngine.AvatarBuilder::BuildHumanAvatarInternal_Injected(UnityEngine.GameObject, UnityEngine.HumanDescription&) has a reference-typed ref parameter, this will be ignored
[Debug  :Il2CppInteropGen] Method System.Void UnityEngine.Animations.AimConstraint::GetSources(System.Collections.Generic.List`1<UnityEngine.Animations.ConstraintSource>) has unsupported parameter type System.Collections.Generic.List`1<UnityEngine.Animations.ConstraintSource> sources
[Debug  :Il2CppInteropGen] Method System.Void UnityEngine.Animations.AimConstraint::SetSources(System.Collections.Generic.List`1<UnityEngine.Animations.ConstraintSource>) has unsupported parameter type System.Collections.Generic.List`1<UnityEngine.Animations.ConstraintSource> sources
[Debug  :Il2CppInteropGen] Method System.Void UnityEngine.Animations.AimConstraint::SetSourcesInternal(UnityEngine.Animations.AimConstraint, System.Collections.Generic.List`1<UnityEngine.Animations.ConstraintSource>) has unsupported parameter type System.Collections.Generic.List`1<UnityEngine.Animations.ConstraintSource> sources
[Debug  :Il2CppInteropGen] Method System.Int32 UnityEngine.Animations.AimConstraint::AddSource(UnityEngine.Animations.ConstraintSource) has unsupported parameter type UnityEngine.Animations.ConstraintSource source
[Debug  :Il2CppInteropGen] Method UnityEngine.Animations.ConstraintSource UnityEngine.Animations.AimConstraint::GetSource(System.Int32) has unsupported return type UnityEngine.Animations.ConstraintSource
[Debug  :Il2CppInteropGen] Method UnityEngine.Animations.ConstraintSource UnityEngine.Animations.AimConstraint::GetSourceInternal(System.Int32) has unsupported return type UnityEngine.Animations.ConstraintSource
[Debug  :Il2CppInteropGen] Method System.Void UnityEngine.Animations.AimConstraint::SetSource(System.Int32, UnityEngine.Animations.ConstraintSource) has unsupported parameter type UnityEngine.Animations.ConstraintSource source
[Debug  :Il2CppInteropGen] Method System.Void UnityEngine.Animations.AimConstraint::SetSourceInternal(System.Int32, UnityEngine.Animations.ConstraintSource) has unsupported parameter type UnityEngine.Animations.ConstraintSource source
[Debug  :Il2CppInteropGen] Method System.Int32 UnityEngine.Animations.AimConstraint::AddSource_Injected(UnityEngine.Animations.ConstraintSource&) has unsupported parameter type UnityEngine.Animations.ConstraintSource& source
[Debug  :Il2CppInteropGen] Method System.Void UnityEngine.Animations.AimConstraint::GetSourceInternal_Injected(System.Int32, UnityEngine.Animations.ConstraintSource&) has unsupported parameter type UnityEngine.Animations.ConstraintSource& ret
[Debug  :Il2CppInteropGen] Method System.Void UnityEngine.Animations.AimConstraint::SetSourceInternal_Injected(System.Int32, UnityEngine.Animations.ConstraintSource&) has unsupported parameter type UnityEngine.Animations.ConstraintSource& source
[Debug  :Il2CppInteropGen] Method System.Single UnityEngine.Animations.AnimationHumanStream::GetMuscle(UnityEngine.Animations.MuscleHandle) has unsupported parameter type UnityEngine.Animations.MuscleHandle muscle
[Debug  :Il2CppInteropGen] Method System.Void UnityEngine.Animations.AnimationHumanStream::SetMuscle(UnityEngine.Animations.MuscleHandle, System.Single) has unsupported parameter type UnityEngine.Animations.MuscleHandle muscle
[Debug  :Il2CppInteropGen] Method System.Single UnityEngine.Animations.AnimationHumanStream::InternalGetMuscle(UnityEngine.Animations.MuscleHandle) has unsupported parameter type UnityEngine.Animations.MuscleHandle muscle
[Debug  :Il2CppInteropGen] Method System.Void UnityEngine.Animations.AnimationHumanStream::InternalSetMuscle(UnityEngine.Animations.MuscleHandle, System.Single) has unsupported parameter type UnityEngine.Animations.MuscleHandle muscle
[Debug  :Il2CppInteropGen] Method System.Single UnityEngine.Animations.AnimationHumanStream::InternalGetMuscle_Injected(UnityEngine.Animations.AnimationHumanStream&, UnityEngine.Animations.MuscleHandle&) has unsupported parameter type UnityEngine.Animations.MuscleHandle& muscle
[Debug  :Il2CppInteropGen] Method System.Void UnityEngine.Animations.AnimationHumanStream::InternalSetMuscle_Injected(UnityEngine.Animations.AnimationHumanStream&, UnityEngine.Animations.MuscleHandle&, System.Single) has unsupported parameter type UnityEngine.Animations.MuscleHandle& muscle
[Debug  :Il2CppInteropGen] Method System.Void UnityEngine.Animations.AnimationSceneHandleUtility::ReadInts(UnityEngine.Animations.AnimationStream, Unity.Collections.NativeArray`1<UnityEngine.Animations.PropertySceneHandle>, Unity.Collections.NativeArray`1<System.Int32>) has unsupported parameter type Unity.Collections.NativeArray`1<UnityEngine.Animations.PropertySceneHandle> handles
[Debug  :Il2CppInteropGen] Method System.Void UnityEngine.Animations.AnimationSceneHandleUtility::ReadFloats(UnityEngine.Animations.AnimationStream, Unity.Collections.NativeArray`1<UnityEngine.Animations.PropertySceneHandle>, Unity.Collections.NativeArray`1<System.Single>) has unsupported parameter type Unity.Collections.NativeArray`1<UnityEngine.Animations.PropertySceneHandle> handles
[Debug  :Il2CppInteropGen] Method System.Void UnityEngine.Animations.AnimationStreamHandleUtility::WriteInts(UnityEngine.Animations.AnimationStream, Unity.Collections.NativeArray`1<UnityEngine.Animations.PropertyStreamHandle>, Unity.Collections.NativeArray`1<System.Int32>, System.Boolean) has unsupported parameter type Unity.Collections.NativeArray`1<UnityEngine.Animations.PropertyStreamHandle> handles
[Debug  :Il2CppInteropGen] Method System.Void UnityEngine.Animations.AnimationStreamHandleUtility::WriteFloats(UnityEngine.Animations.AnimationStream, Unity.Collections.NativeArray`1<UnityEngine.Animations.PropertyStreamHandle>, Unity.Collections.NativeArray`1<System.Single>, System.Boolean) has unsupported parameter type Unity.Collections.NativeArray`1<UnityEngine.Animations.PropertyStreamHandle> handles
[Debug  :Il2CppInteropGen] Method System.Void UnityEngine.Animations.AnimationStreamHandleUtility::ReadInts(UnityEngine.Animations.AnimationStream, Unity.Collections.NativeArray`1<UnityEngine.Animations.PropertyStreamHandle>, Unity.Collections.NativeArray`1<System.Int32>) has unsupported parameter type Unity.Collections.NativeArray`1<UnityEngine.Animations.PropertyStreamHandle> handles
[Debug  :Il2CppInteropGen] Method System.Void UnityEngine.Animations.AnimationStreamHandleUtility::ReadFloats(UnityEngine.Animations.AnimationStream, Unity.Collections.NativeArray`1<UnityEngine.Animations.PropertyStreamHandle>, Unity.Collections.NativeArray`1<System.Single>) has unsupported parameter type Unity.Collections.NativeArray`1<UnityEngine.Animations.PropertyStreamHandle> handles
[Debug  :Il2CppInteropGen] Method UnityEngine.Animations.TransformStreamHandle UnityEngine.Animations.AnimatorJobExtensions::BindStreamTransform(UnityEngine.Animator, UnityEngine.Transform) has unsupported return type UnityEngine.Animations.TransformStreamHandle
[Debug  :Il2CppInteropGen] Method UnityEngine.Animations.PropertyStreamHandle UnityEngine.Animations.AnimatorJobExtensions::BindStreamProperty(UnityEngine.Animator, UnityEngine.Transform, System.Type, System.String) has unsupported return type UnityEngine.Animations.PropertyStreamHandle
[Debug  :Il2CppInteropGen] Method UnityEngine.Animations.PropertyStreamHandle UnityEngine.Animations.AnimatorJobExtensions::BindCustomStreamProperty(UnityEngine.Animator, System.String, UnityEngine.Animations.CustomStreamPropertyType) has unsupported return type UnityEngine.Animations.PropertyStreamHandle
[Debug  :Il2CppInteropGen] Method UnityEngine.Animations.PropertyStreamHandle UnityEngine.Animations.AnimatorJobExtensions::BindStreamProperty(UnityEngine.Animator, UnityEngine.Transform, System.Type, System.String, System.Boolean) has unsupported return type UnityEngine.Animations.PropertyStreamHandle
[Debug  :Il2CppInteropGen] Method UnityEngine.Animations.TransformSceneHandle UnityEngine.Animations.AnimatorJobExtensions::BindSceneTransform(UnityEngine.Animator, UnityEngine.Transform) has unsupported return type UnityEngine.Animations.TransformSceneHandle
[Debug  :Il2CppInteropGen] Method UnityEngine.Animations.PropertySceneHandle UnityEngine.Animations.AnimatorJobExtensions::BindSceneProperty(UnityEngine.Animator, UnityEngine.Transform, System.Type, System.String) has unsupported return type UnityEngine.Animations.PropertySceneHandle
[Debug  :Il2CppInteropGen] Method UnityEngine.Animations.PropertySceneHandle UnityEngine.Animations.AnimatorJobExtensions::BindSceneProperty(UnityEngine.Animator, UnityEngine.Transform, System.Type, System.String, System.Boolean) has unsupported return type UnityEngine.Animations.PropertySceneHandle
[Debug  :Il2CppInteropGen] Method System.Void UnityEngine.Animations.AnimatorJobExtensions::InternalBindStreamTransform(UnityEngine.Animator, UnityEngine.Transform, UnityEngine.Animations.TransformStreamHandle&) has unsupported parameter type UnityEngine.Animations.TransformStreamHandle& transformStreamHandle
[Debug  :Il2CppInteropGen] Method System.Void UnityEngine.Animations.AnimatorJobExtensions::InternalBindStreamProperty(UnityEngine.Animator, UnityEngine.Transform, System.Type, System.String, System.Boolean, UnityEngine.Animations.PropertyStreamHandle&) has unsupported parameter type UnityEngine.Animations.PropertyStreamHandle& propertyStreamHandle
[Debug  :Il2CppInteropGen] Method System.Void UnityEngine.Animations.AnimatorJobExtensions::InternalBindCustomStreamProperty(UnityEngine.Animator, System.String, UnityEngine.Animations.CustomStreamPropertyType, UnityEngine.Animations.PropertyStreamHandle&) has unsupported parameter type UnityEngine.Animations.PropertyStreamHandle& propertyStreamHandle
[Debug  :Il2CppInteropGen] Method System.Void UnityEngine.Animations.AnimatorJobExtensions::InternalBindSceneTransform(UnityEngine.Animator, UnityEngine.Transform, UnityEngine.Animations.TransformSceneHandle&) has unsupported parameter type UnityEngine.Animations.TransformSceneHandle& transformSceneHandle
[Debug  :Il2CppInteropGen] Method System.Void UnityEngine.Animations.AnimatorJobExtensions::InternalBindSceneProperty(UnityEngine.Animator, UnityEngine.Transform, System.Type, System.String, System.Boolean, UnityEngine.Animations.PropertySceneHandle&) has unsupported parameter type UnityEngine.Animations.PropertySceneHandle& propertySceneHandle
[Debug  :Il2CppInteropGen] Method System.Void UnityEngine.Animations.PositionConstraint::GetSources(System.Collections.Generic.List`1<UnityEngine.Animations.ConstraintSource>) has unsupported parameter type System.Collections.Generic.List`1<UnityEngine.Animations.ConstraintSource> sources
[Debug  :Il2CppInteropGen] Method System.Void UnityEngine.Animations.PositionConstraint::SetSources(System.Collections.Generic.List`1<UnityEngine.Animations.ConstraintSource>) has unsupported parameter type System.Collections.Generic.List`1<UnityEngine.Animations.ConstraintSource> sources
[Debug  :Il2CppInteropGen] Method System.Void UnityEngine.Animations.PositionConstraint::SetSourcesInternal(UnityEngine.Animations.PositionConstraint, System.Collections.Generic.List`1<UnityEngine.Animations.ConstraintSource>) has unsupported parameter type System.Collections.Generic.List`1<UnityEngine.Animations.ConstraintSource> sources
[Debug  :Il2CppInteropGen] Method System.Int32 UnityEngine.Animations.PositionConstraint::AddSource(UnityEngine.Animations.ConstraintSource) has unsupported parameter type UnityEngine.Animations.ConstraintSource source
[Debug  :Il2CppInteropGen] Method UnityEngine.Animations.ConstraintSource UnityEngine.Animations.PositionConstraint::GetSource(System.Int32) has unsupported return type UnityEngine.Animations.ConstraintSource
[Debug  :Il2CppInteropGen] Method UnityEngine.Animations.ConstraintSource UnityEngine.Animations.PositionConstraint::GetSourceInternal(System.Int32) has unsupported return type UnityEngine.Animations.ConstraintSource
[Debug  :Il2CppInteropGen] Method System.Void UnityEngine.Animations.PositionConstraint::SetSource(System.Int32, UnityEngine.Animations.ConstraintSource) has unsupported parameter type UnityEngine.Animations.ConstraintSource source
[Debug  :Il2CppInteropGen] Method System.Void UnityEngine.Animations.PositionConstraint::SetSourceInternal(System.Int32, UnityEngine.Animations.ConstraintSource) has unsupported parameter type UnityEngine.Animations.ConstraintSource source
[Debug  :Il2CppInteropGen] Method System.Int32 UnityEngine.Animations.PositionConstraint::AddSource_Injected(UnityEngine.Animations.ConstraintSource&) has unsupported parameter type UnityEngine.Animations.ConstraintSource& source
[Debug  :Il2CppInteropGen] Method System.Void UnityEngine.Animations.PositionConstraint::GetSourceInternal_Injected(System.Int32, UnityEngine.Animations.ConstraintSource&) has unsupported parameter type UnityEngine.Animations.ConstraintSource& ret
[Debug  :Il2CppInteropGen] Method System.Void UnityEngine.Animations.PositionConstraint::SetSourceInternal_Injected(System.Int32, UnityEngine.Animations.ConstraintSource&) has unsupported parameter type UnityEngine.Animations.ConstraintSource& source
[Debug  :Il2CppInteropGen] Method System.Void UnityEngine.Animations.RotationConstraint::GetSources(System.Collections.Generic.List`1<UnityEngine.Animations.ConstraintSource>) has unsupported parameter type System.Collections.Generic.List`1<UnityEngine.Animations.ConstraintSource> sources
[Debug  :Il2CppInteropGen] Method System.Void UnityEngine.Animations.RotationConstraint::SetSources(System.Collections.Generic.List`1<UnityEngine.Animations.ConstraintSource>) has unsupported parameter type System.Collections.Generic.List`1<UnityEngine.Animations.ConstraintSource> sources
[Debug  :Il2CppInteropGen] Method System.Void UnityEngine.Animations.RotationConstraint::SetSourcesInternal(UnityEngine.Animations.RotationConstraint, System.Collections.Generic.List`1<UnityEngine.Animations.ConstraintSource>) has unsupported parameter type System.Collections.Generic.List`1<UnityEngine.Animations.ConstraintSource> sources
[Debug  :Il2CppInteropGen] Method System.Int32 UnityEngine.Animations.RotationConstraint::AddSource(UnityEngine.Animations.ConstraintSource) has unsupported parameter type UnityEngine.Animations.ConstraintSource source
[Debug  :Il2CppInteropGen] Method UnityEngine.Animations.ConstraintSource UnityEngine.Animations.RotationConstraint::GetSource(System.Int32) has unsupported return type UnityEngine.Animations.ConstraintSource
[Debug  :Il2CppInteropGen] Method UnityEngine.Animations.ConstraintSource UnityEngine.Animations.RotationConstraint::GetSourceInternal(System.Int32) has unsupported return type UnityEngine.Animations.ConstraintSource
[Debug  :Il2CppInteropGen] Method System.Void UnityEngine.Animations.RotationConstraint::SetSource(System.Int32, UnityEngine.Animations.ConstraintSource) has unsupported parameter type UnityEngine.Animations.ConstraintSource source
[Debug  :Il2CppInteropGen] Method System.Void UnityEngine.Animations.RotationConstraint::SetSourceInternal(System.Int32, UnityEngine.Animations.ConstraintSource) has unsupported parameter type UnityEngine.Animations.ConstraintSource source
[Debug  :Il2CppInteropGen] Method System.Int32 UnityEngine.Animations.RotationConstraint::AddSource_Injected(UnityEngine.Animations.ConstraintSource&) has unsupported parameter type UnityEngine.Animations.ConstraintSource& source
[Debug  :Il2CppInteropGen] Method System.Void UnityEngine.Animations.RotationConstraint::GetSourceInternal_Injected(System.Int32, UnityEngine.Animations.ConstraintSource&) has unsupported parameter type UnityEngine.Animations.ConstraintSource& ret
[Debug  :Il2CppInteropGen] Method System.Void UnityEngine.Animations.RotationConstraint::SetSourceInternal_Injected(System.Int32, UnityEngine.Animations.ConstraintSource&) has unsupported parameter type UnityEngine.Animations.ConstraintSource& source
[Debug  :Il2CppInteropGen] Method System.Void UnityEngine.Animations.ScaleConstraint::GetSources(System.Collections.Generic.List`1<UnityEngine.Animations.ConstraintSource>) has unsupported parameter type System.Collections.Generic.List`1<UnityEngine.Animations.ConstraintSource> sources
[Debug  :Il2CppInteropGen] Method System.Void UnityEngine.Animations.ScaleConstraint::SetSources(System.Collections.Generic.List`1<UnityEngine.Animations.ConstraintSource>) has unsupported parameter type System.Collections.Generic.List`1<UnityEngine.Animations.ConstraintSource> sources
[Debug  :Il2CppInteropGen] Method System.Void UnityEngine.Animations.ScaleConstraint::SetSourcesInternal(UnityEngine.Animations.ScaleConstraint, System.Collections.Generic.List`1<UnityEngine.Animations.ConstraintSource>) has unsupported parameter type System.Collections.Generic.List`1<UnityEngine.Animations.ConstraintSource> sources
[Debug  :Il2CppInteropGen] Method System.Int32 UnityEngine.Animations.ScaleConstraint::AddSource(UnityEngine.Animations.ConstraintSource) has unsupported parameter type UnityEngine.Animations.ConstraintSource source
[Debug  :Il2CppInteropGen] Method UnityEngine.Animations.ConstraintSource UnityEngine.Animations.ScaleConstraint::GetSource(System.Int32) has unsupported return type UnityEngine.Animations.ConstraintSource
[Debug  :Il2CppInteropGen] Method UnityEngine.Animations.ConstraintSource UnityEngine.Animations.ScaleConstraint::GetSourceInternal(System.Int32) has unsupported return type UnityEngine.Animations.ConstraintSource
[Debug  :Il2CppInteropGen] Method System.Void UnityEngine.Animations.ScaleConstraint::SetSource(System.Int32, UnityEngine.Animations.ConstraintSource) has unsupported parameter type UnityEngine.Animations.ConstraintSource source
[Debug  :Il2CppInteropGen] Method System.Void UnityEngine.Animations.ScaleConstraint::SetSourceInternal(System.Int32, UnityEngine.Animations.ConstraintSource) has unsupported parameter type UnityEngine.Animations.ConstraintSource source
[Debug  :Il2CppInteropGen] Method System.Int32 UnityEngine.Animations.ScaleConstraint::AddSource_Injected(UnityEngine.Animations.ConstraintSource&) has unsupported parameter type UnityEngine.Animations.ConstraintSource& source
[Debug  :Il2CppInteropGen] Method System.Void UnityEngine.Animations.ScaleConstraint::GetSourceInternal_Injected(System.Int32, UnityEngine.Animations.ConstraintSource&) has unsupported parameter type UnityEngine.Animations.ConstraintSource& ret
[Debug  :Il2CppInteropGen] Method System.Void UnityEngine.Animations.ScaleConstraint::SetSourceInternal_Injected(System.Int32, UnityEngine.Animations.ConstraintSource&) has unsupported parameter type UnityEngine.Animations.ConstraintSource& source
[Debug  :Il2CppInteropGen] Method System.Void UnityEngine.Animations.LookAtConstraint::GetSources(System.Collections.Generic.List`1<UnityEngine.Animations.ConstraintSource>) has unsupported parameter type System.Collections.Generic.List`1<UnityEngine.Animations.ConstraintSource> sources
[Debug  :Il2CppInteropGen] Method System.Void UnityEngine.Animations.LookAtConstraint::SetSources(System.Collections.Generic.List`1<UnityEngine.Animations.ConstraintSource>) has unsupported parameter type System.Collections.Generic.List`1<UnityEngine.Animations.ConstraintSource> sources
[Debug  :Il2CppInteropGen] Method System.Void UnityEngine.Animations.LookAtConstraint::SetSourcesInternal(UnityEngine.Animations.LookAtConstraint, System.Collections.Generic.List`1<UnityEngine.Animations.ConstraintSource>) has unsupported parameter type System.Collections.Generic.List`1<UnityEngine.Animations.ConstraintSource> sources
[Debug  :Il2CppInteropGen] Method System.Int32 UnityEngine.Animations.LookAtConstraint::AddSource(UnityEngine.Animations.ConstraintSource) has unsupported parameter type UnityEngine.Animations.ConstraintSource source
[Debug  :Il2CppInteropGen] Method UnityEngine.Animations.ConstraintSource UnityEngine.Animations.LookAtConstraint::GetSource(System.Int32) has unsupported return type UnityEngine.Animations.ConstraintSource
[Debug  :Il2CppInteropGen] Method UnityEngine.Animations.ConstraintSource UnityEngine.Animations.LookAtConstraint::GetSourceInternal(System.Int32) has unsupported return type UnityEngine.Animations.ConstraintSource
[Debug  :Il2CppInteropGen] Method System.Void UnityEngine.Animations.LookAtConstraint::SetSource(System.Int32, UnityEngine.Animations.ConstraintSource) has unsupported parameter type UnityEngine.Animations.ConstraintSource source
[Debug  :Il2CppInteropGen] Method System.Void UnityEngine.Animations.LookAtConstraint::SetSourceInternal(System.Int32, UnityEngine.Animations.ConstraintSource) has unsupported parameter type UnityEngine.Animations.ConstraintSource source
[Debug  :Il2CppInteropGen] Method System.Int32 UnityEngine.Animations.LookAtConstraint::AddSource_Injected(UnityEngine.Animations.ConstraintSource&) has unsupported parameter type UnityEngine.Animations.ConstraintSource& source
[Debug  :Il2CppInteropGen] Method System.Void UnityEngine.Animations.LookAtConstraint::GetSourceInternal_Injected(System.Int32, UnityEngine.Animations.ConstraintSource&) has unsupported parameter type UnityEngine.Animations.ConstraintSource& ret
[Debug  :Il2CppInteropGen] Method System.Void UnityEngine.Animations.LookAtConstraint::SetSourceInternal_Injected(System.Int32, UnityEngine.Animations.ConstraintSource&) has unsupported parameter type UnityEngine.Animations.ConstraintSource& source
[Debug  :Il2CppInteropGen] Method System.Void UnityEngine.Animations.ParentConstraint::GetSources(System.Collections.Generic.List`1<UnityEngine.Animations.ConstraintSource>) has unsupported parameter type System.Collections.Generic.List`1<UnityEngine.Animations.ConstraintSource> sources
[Debug  :Il2CppInteropGen] Method System.Void UnityEngine.Animations.ParentConstraint::SetSources(System.Collections.Generic.List`1<UnityEngine.Animations.ConstraintSource>) has unsupported parameter type System.Collections.Generic.List`1<UnityEngine.Animations.ConstraintSource> sources
[Debug  :Il2CppInteropGen] Method System.Void UnityEngine.Animations.ParentConstraint::SetSourcesInternal(UnityEngine.Animations.ParentConstraint, System.Collections.Generic.List`1<UnityEngine.Animations.ConstraintSource>) has unsupported parameter type System.Collections.Generic.List`1<UnityEngine.Animations.ConstraintSource> sources
[Debug  :Il2CppInteropGen] Method System.Int32 UnityEngine.Animations.ParentConstraint::AddSource(UnityEngine.Animations.ConstraintSource) has unsupported parameter type UnityEngine.Animations.ConstraintSource source
[Debug  :Il2CppInteropGen] Method UnityEngine.Animations.ConstraintSource UnityEngine.Animations.ParentConstraint::GetSource(System.Int32) has unsupported return type UnityEngine.Animations.ConstraintSource
[Debug  :Il2CppInteropGen] Method UnityEngine.Animations.ConstraintSource UnityEngine.Animations.ParentConstraint::GetSourceInternal(System.Int32) has unsupported return type UnityEngine.Animations.ConstraintSource
[Debug  :Il2CppInteropGen] Method System.Void UnityEngine.Animations.ParentConstraint::SetSource(System.Int32, UnityEngine.Animations.ConstraintSource) has unsupported parameter type UnityEngine.Animations.ConstraintSource source
[Debug  :Il2CppInteropGen] Method System.Void UnityEngine.Animations.ParentConstraint::SetSourceInternal(System.Int32, UnityEngine.Animations.ConstraintSource) has unsupported parameter type UnityEngine.Animations.ConstraintSource source
[Debug  :Il2CppInteropGen] Method System.Int32 UnityEngine.Animations.ParentConstraint::AddSource_Injected(UnityEngine.Animations.ConstraintSource&) has unsupported parameter type UnityEngine.Animations.ConstraintSource& source
[Debug  :Il2CppInteropGen] Method System.Void UnityEngine.Animations.ParentConstraint::GetSourceInternal_Injected(System.Int32, UnityEngine.Animations.ConstraintSource&) has unsupported parameter type UnityEngine.Animations.ConstraintSource& ret
[Debug  :Il2CppInteropGen] Method System.Void UnityEngine.Animations.ParentConstraint::SetSourceInternal_Injected(System.Int32, UnityEngine.Animations.ConstraintSource&) has unsupported parameter type UnityEngine.Animations.ConstraintSource& source
[Debug  :Il2CppInteropGen] Method UnityEngine.AssetBundleRecompressOperation UnityEngine.AssetBundle::RecompressAssetBundleAsync(System.String, System.String, UnityEngine.BuildCompression, System.UInt32, UnityEngine.ThreadPriority) has unsupported parameter type UnityEngine.BuildCompression method
[Debug  :Il2CppInteropGen] Method UnityEngine.AssetBundleRecompressOperation UnityEngine.AssetBundle::RecompressAssetBundleAsync_Internal(System.String, System.String, UnityEngine.BuildCompression, System.UInt32, UnityEngine.ThreadPriority) has unsupported parameter type UnityEngine.BuildCompression method
[Debug  :Il2CppInteropGen] Method UnityEngine.AssetBundleRecompressOperation UnityEngine.AssetBundle::RecompressAssetBundleAsync_Internal_Injected(System.String, System.String, UnityEngine.BuildCompression&, System.UInt32, UnityEngine.ThreadPriority) has unsupported parameter type UnityEngine.BuildCompression& method
[Debug  :Il2CppInteropGen] Method System.Boolean UnityEngine.AudioSettings::SetConfiguration(UnityEngine.AudioConfiguration) has unsupported parameter type UnityEngine.AudioConfiguration config
[Debug  :Il2CppInteropGen] Method UnityEngine.AudioConfiguration UnityEngine.AudioSettings::GetConfiguration() has unsupported return type UnityEngine.AudioConfiguration
[Debug  :Il2CppInteropGen] Method System.Boolean UnityEngine.AudioSettings::Reset(UnityEngine.AudioConfiguration) has unsupported parameter type UnityEngine.AudioConfiguration config
[Debug  :Il2CppInteropGen] Method System.Boolean UnityEngine.AudioSettings::SetConfiguration_Injected(UnityEngine.AudioConfiguration&) has unsupported parameter type UnityEngine.AudioConfiguration& config
[Debug  :Il2CppInteropGen] Method System.Void UnityEngine.AudioSettings::GetConfiguration_Injected(UnityEngine.AudioConfiguration&) has unsupported parameter type UnityEngine.AudioConfiguration& ret
[Debug  :Il2CppInteropGen] Method UnityEngine.WebCamDevice[] UnityEngine.WebCamTexture::get_devices() has unsupported return type UnityEngine.WebCamDevice[]
[Debug  :Il2CppInteropGen] Method UnityEngine.Experimental.Audio.AudioSampleProvider+ConsumeSampleFramesNativeFunction UnityEngine.Experimental.Audio.AudioSampleProvider::get_consumeSampleFramesNativeFunction() has unsupported return type UnityEngine.Experimental.Audio.AudioSampleProvider+ConsumeSampleFramesNativeFunction
[Debug  :Il2CppInteropGen] Method System.Void UnityEngine.Experimental.Audio.AudioSampleProvider::SetSampleFramesAvailableNativeHandler(UnityEngine.Experimental.Audio.AudioSampleProvider+SampleFramesEventNativeFunction, System.IntPtr) has unsupported parameter type UnityEngine.Experimental.Audio.AudioSampleProvider+SampleFramesEventNativeFunction handler
[Debug  :Il2CppInteropGen] Method System.Void UnityEngine.Experimental.Audio.AudioSampleProvider::SetSampleFramesOverflowNativeHandler(UnityEngine.Experimental.Audio.AudioSampleProvider+SampleFramesEventNativeFunction, System.IntPtr) has unsupported parameter type UnityEngine.Experimental.Audio.AudioSampleProvider+SampleFramesEventNativeFunction handler
[Debug  :Il2CppInteropGen] Method UnityEngine.ClothSkinningCoefficient[] UnityEngine.Cloth::get_coefficients() has unsupported return type UnityEngine.ClothSkinningCoefficient[]
[Debug  :Il2CppInteropGen] Method System.Void UnityEngine.Cloth::set_coefficients(UnityEngine.ClothSkinningCoefficient[]) has unsupported parameter type UnityEngine.ClothSkinningCoefficient[] value
[Debug  :Il2CppInteropGen] Method UnityEngine.ClothSphereColliderPair[] UnityEngine.Cloth::get_sphereColliders() has unsupported return type UnityEngine.ClothSphereColliderPair[]
[Debug  :Il2CppInteropGen] Method System.Void UnityEngine.Cloth::set_sphereColliders(UnityEngine.ClothSphereColliderPair[]) has unsupported parameter type UnityEngine.ClothSphereColliderPair[] value
[Debug  :Il2CppInteropGen] Method Unity.Loading.ContentFile Unity.Loading.ContentLoadInterface::LoadContentFileAsync(Unity.Content.ContentNamespace, System.String, System.Void*, System.Int32, Unity.Jobs.JobHandle, System.Boolean) has unsupported return type Unity.Loading.ContentFile
[Debug  :Il2CppInteropGen] Method Unity.Loading.ContentFileUnloadHandle Unity.Loading.ContentLoadInterface::ContentFile_UnloadAsync(Unity.Loading.ContentFile) has unsupported parameter type Unity.Loading.ContentFile handle
[Debug  :Il2CppInteropGen] Method UnityEngine.Object Unity.Loading.ContentLoadInterface::ContentFile_GetObject(Unity.Loading.ContentFile, System.UInt64) has unsupported parameter type Unity.Loading.ContentFile handle
[Debug  :Il2CppInteropGen] Method UnityEngine.Object[] Unity.Loading.ContentLoadInterface::ContentFile_GetObjects(Unity.Loading.ContentFile) has unsupported parameter type Unity.Loading.ContentFile handle
[Debug  :Il2CppInteropGen] Method Unity.Loading.LoadingStatus Unity.Loading.ContentLoadInterface::ContentFile_GetLoadingStatus(Unity.Loading.ContentFile) has unsupported parameter type Unity.Loading.ContentFile handle
[Debug  :Il2CppInteropGen] Method System.Boolean Unity.Loading.ContentLoadInterface::ContentFile_IsHandleValid(Unity.Loading.ContentFile) has unsupported parameter type Unity.Loading.ContentFile handle
[Debug  :Il2CppInteropGen] Method System.Boolean Unity.Loading.ContentLoadInterface::WaitForLoadCompletion(Unity.Loading.ContentFile, System.Int32) has unsupported parameter type Unity.Loading.ContentFile handle
[Debug  :Il2CppInteropGen] Method Unity.Loading.ContentSceneFile Unity.Loading.ContentLoadInterface::LoadSceneAsync(Unity.Content.ContentNamespace, System.String, System.String, Unity.Loading.ContentSceneParameters, Unity.Loading.ContentFile*, System.Int32, Unity.Jobs.JobHandle) has unsupported return type Unity.Loading.ContentSceneFile
[Debug  :Il2CppInteropGen] Method UnityEngine.SceneManagement.Scene Unity.Loading.ContentLoadInterface::ContentSceneFile_GetScene(Unity.Loading.ContentSceneFile) has unsupported parameter type Unity.Loading.ContentSceneFile handle
[Debug  :Il2CppInteropGen] Method Unity.Loading.SceneLoadingStatus Unity.Loading.ContentLoadInterface::ContentSceneFile_GetStatus(Unity.Loading.ContentSceneFile) has unsupported parameter type Unity.Loading.ContentSceneFile handle
[Debug  :Il2CppInteropGen] Method System.Void Unity.Loading.ContentLoadInterface::ContentSceneFile_IntegrateAtEndOfFrame(Unity.Loading.ContentSceneFile) has unsupported parameter type Unity.Loading.ContentSceneFile handle
[Debug  :Il2CppInteropGen] Method System.Boolean Unity.Loading.ContentLoadInterface::ContentSceneFile_UnloadAtEndOfFrame(Unity.Loading.ContentSceneFile) has unsupported parameter type Unity.Loading.ContentSceneFile handle
[Debug  :Il2CppInteropGen] Method System.Boolean Unity.Loading.ContentLoadInterface::ContentSceneFile_IsHandleValid(Unity.Loading.ContentSceneFile) has unsupported parameter type Unity.Loading.ContentSceneFile handle
[Debug  :Il2CppInteropGen] Method System.Boolean Unity.Loading.ContentLoadInterface::ContentSceneFile_WaitForCompletion(Unity.Loading.ContentSceneFile, System.Int32) has unsupported parameter type Unity.Loading.ContentSceneFile handle
[Debug  :Il2CppInteropGen] Method Unity.Loading.ContentSceneFile Unity.Loading.ContentLoadInterface::LoadSceneAsync(Unity.Content.ContentNamespace, System.String, System.String, Unity.Loading.ContentSceneParameters, Unity.Collections.NativeArray`1<Unity.Loading.ContentFile>, Unity.Jobs.JobHandle) has unsupported return type Unity.Loading.ContentSceneFile
[Debug  :Il2CppInteropGen] Method Unity.Loading.ContentFile Unity.Loading.ContentLoadInterface::LoadContentFileAsync(Unity.Content.ContentNamespace, System.String, Unity.Collections.NativeArray`1<Unity.Loading.ContentFile>, Unity.Jobs.JobHandle) has unsupported return type Unity.Loading.ContentFile
[Debug  :Il2CppInteropGen] Method Unity.Loading.ContentFile[] Unity.Loading.ContentLoadInterface::GetContentFiles(Unity.Content.ContentNamespace) has unsupported return type Unity.Loading.ContentFile[]
[Debug  :Il2CppInteropGen] Method Unity.Loading.ContentSceneFile[] Unity.Loading.ContentLoadInterface::GetSceneFiles(Unity.Content.ContentNamespace) has unsupported return type Unity.Loading.ContentSceneFile[]
[Debug  :Il2CppInteropGen] Method System.Void Unity.Loading.ContentLoadInterface::LoadContentFileAsync_Injected(Unity.Content.ContentNamespace&, System.String, System.Void*, System.Int32, Unity.Jobs.JobHandle&, System.Boolean, Unity.Loading.ContentFile&) has unsupported parameter type Unity.Content.ContentNamespace& nameSpace
[Debug  :Il2CppInteropGen] Method System.Void Unity.Loading.ContentLoadInterface::ContentFile_UnloadAsync_Injected(Unity.Loading.ContentFile&, Unity.Loading.ContentFileUnloadHandle&) has unsupported parameter type Unity.Loading.ContentFile& handle
[Debug  :Il2CppInteropGen] Method UnityEngine.Object Unity.Loading.ContentLoadInterface::ContentFile_GetObject_Injected(Unity.Loading.ContentFile&, System.UInt64) has unsupported parameter type Unity.Loading.ContentFile& handle
[Debug  :Il2CppInteropGen] Method UnityEngine.Object[] Unity.Loading.ContentLoadInterface::ContentFile_GetObjects_Injected(Unity.Loading.ContentFile&) has unsupported parameter type Unity.Loading.ContentFile& handle
[Debug  :Il2CppInteropGen] Method Unity.Loading.LoadingStatus Unity.Loading.ContentLoadInterface::ContentFile_GetLoadingStatus_Injected(Unity.Loading.ContentFile&) has unsupported parameter type Unity.Loading.ContentFile& handle
[Debug  :Il2CppInteropGen] Method System.Boolean Unity.Loading.ContentLoadInterface::ContentFile_IsHandleValid_Injected(Unity.Loading.ContentFile&) has unsupported parameter type Unity.Loading.ContentFile& handle
[Debug  :Il2CppInteropGen] Method System.Boolean Unity.Loading.ContentLoadInterface::WaitForLoadCompletion_Injected(Unity.Loading.ContentFile&, System.Int32) has unsupported parameter type Unity.Loading.ContentFile& handle
[Debug  :Il2CppInteropGen] Method System.Void Unity.Loading.ContentLoadInterface::LoadSceneAsync_Injected(Unity.Content.ContentNamespace&, System.String, System.String, Unity.Loading.ContentSceneParameters&, Unity.Loading.ContentFile*, System.Int32, Unity.Jobs.JobHandle&, Unity.Loading.ContentSceneFile&) has unsupported parameter type Unity.Content.ContentNamespace& nameSpace
[Debug  :Il2CppInteropGen] Method System.Void Unity.Loading.ContentLoadInterface::ContentSceneFile_GetScene_Injected(Unity.Loading.ContentSceneFile&, UnityEngine.SceneManagement.Scene&) has unsupported parameter type Unity.Loading.ContentSceneFile& handle
[Debug  :Il2CppInteropGen] Method Unity.Loading.SceneLoadingStatus Unity.Loading.ContentLoadInterface::ContentSceneFile_GetStatus_Injected(Unity.Loading.ContentSceneFile&) has unsupported parameter type Unity.Loading.ContentSceneFile& handle
[Debug  :Il2CppInteropGen] Method System.Void Unity.Loading.ContentLoadInterface::ContentSceneFile_IntegrateAtEndOfFrame_Injected(Unity.Loading.ContentSceneFile&) has unsupported parameter type Unity.Loading.ContentSceneFile& handle
[Debug  :Il2CppInteropGen] Method System.Boolean Unity.Loading.ContentLoadInterface::ContentSceneFile_UnloadAtEndOfFrame_Injected(Unity.Loading.ContentSceneFile&) has unsupported parameter type Unity.Loading.ContentSceneFile& handle
[Debug  :Il2CppInteropGen] Method System.Boolean Unity.Loading.ContentLoadInterface::ContentSceneFile_IsHandleValid_Injected(Unity.Loading.ContentSceneFile&) has unsupported parameter type Unity.Loading.ContentSceneFile& handle
[Debug  :Il2CppInteropGen] Method System.Boolean Unity.Loading.ContentLoadInterface::ContentSceneFile_WaitForCompletion_Injected(Unity.Loading.ContentSceneFile&, System.Int32) has unsupported parameter type Unity.Loading.ContentSceneFile& handle
[Debug  :Il2CppInteropGen] Method Unity.Loading.ContentFile[] Unity.Loading.ContentLoadInterface::GetContentFiles_Injected(Unity.Content.ContentNamespace&) has unsupported return type Unity.Loading.ContentFile[]
[Debug  :Il2CppInteropGen] Method Unity.Loading.ContentSceneFile[] Unity.Loading.ContentLoadInterface::GetSceneFiles_Injected(Unity.Content.ContentNamespace&) has unsupported return type Unity.Loading.ContentSceneFile[]
[Debug  :Il2CppInteropGen] Method UnityEngineInternal.GraphicsDeviceDebugSettings UnityEngineInternal.GraphicsDeviceDebug::get_settings() has unsupported return type UnityEngineInternal.GraphicsDeviceDebugSettings
[Debug  :Il2CppInteropGen] Method System.Void UnityEngineInternal.GraphicsDeviceDebug::set_settings(UnityEngineInternal.GraphicsDeviceDebugSettings) has unsupported parameter type UnityEngineInternal.GraphicsDeviceDebugSettings value
[Debug  :Il2CppInteropGen] Method System.Void UnityEngineInternal.GraphicsDeviceDebug::get_settings_Injected(UnityEngineInternal.GraphicsDeviceDebugSettings&) has unsupported parameter type UnityEngineInternal.GraphicsDeviceDebugSettings& ret
[Debug  :Il2CppInteropGen] Method System.Void UnityEngineInternal.GraphicsDeviceDebug::set_settings_Injected(UnityEngineInternal.GraphicsDeviceDebugSettings&) has unsupported parameter type UnityEngineInternal.GraphicsDeviceDebugSettings& value
[Debug  :Il2CppInteropGen] Method Unity.Baselib.LowLevel.Binding+Baselib_ErrorState* Unity.Baselib.ErrorState::get_NativeErrorStatePtr() has unsupported return type Unity.Baselib.LowLevel.Binding+Baselib_ErrorState*
[Debug  :Il2CppInteropGen] Method Unity.Baselib.LowLevel.Binding+Baselib_DynamicLibrary_Handle Unity.Baselib.LowLevel.Binding::Baselib_DynamicLibrary_OpenUtf8(System.Byte*, Unity.Baselib.LowLevel.Binding+Baselib_ErrorState*) has unsupported return type Unity.Baselib.LowLevel.Binding+Baselib_DynamicLibrary_Handle
[Debug  :Il2CppInteropGen] Method Unity.Baselib.LowLevel.Binding+Baselib_DynamicLibrary_Handle Unity.Baselib.LowLevel.Binding::Baselib_DynamicLibrary_OpenUtf16(System.Char*, Unity.Baselib.LowLevel.Binding+Baselib_ErrorState*) has unsupported return type Unity.Baselib.LowLevel.Binding+Baselib_DynamicLibrary_Handle
[Debug  :Il2CppInteropGen] Method Unity.Baselib.LowLevel.Binding+Baselib_DynamicLibrary_Handle Unity.Baselib.LowLevel.Binding::Baselib_DynamicLibrary_OpenProgramHandle(Unity.Baselib.LowLevel.Binding+Baselib_ErrorState*) has unsupported return type Unity.Baselib.LowLevel.Binding+Baselib_DynamicLibrary_Handle
[Debug  :Il2CppInteropGen] Method Unity.Baselib.LowLevel.Binding+Baselib_DynamicLibrary_Handle Unity.Baselib.LowLevel.Binding::Baselib_DynamicLibrary_FromNativeHandle(System.UInt64, System.UInt32, Unity.Baselib.LowLevel.Binding+Baselib_ErrorState*) has unsupported return type Unity.Baselib.LowLevel.Binding+Baselib_DynamicLibrary_Handle
[Debug  :Il2CppInteropGen] Method System.IntPtr Unity.Baselib.LowLevel.Binding::Baselib_DynamicLibrary_GetFunction(Unity.Baselib.LowLevel.Binding+Baselib_DynamicLibrary_Handle, System.Byte*, Unity.Baselib.LowLevel.Binding+Baselib_ErrorState*) has unsupported parameter type Unity.Baselib.LowLevel.Binding+Baselib_DynamicLibrary_Handle handle
[Debug  :Il2CppInteropGen] Method System.Void Unity.Baselib.LowLevel.Binding::Baselib_DynamicLibrary_Close(Unity.Baselib.LowLevel.Binding+Baselib_DynamicLibrary_Handle) has unsupported parameter type Unity.Baselib.LowLevel.Binding+Baselib_DynamicLibrary_Handle handle
[Debug  :Il2CppInteropGen] Method System.UInt32 Unity.Baselib.LowLevel.Binding::Baselib_ErrorState_Explain(Unity.Baselib.LowLevel.Binding+Baselib_ErrorState*, System.Byte*, System.UInt32, Unity.Baselib.LowLevel.Binding+Baselib_ErrorState_ExplainVerbosity) has unsupported parameter type Unity.Baselib.LowLevel.Binding+Baselib_ErrorState* errorState
[Debug  :Il2CppInteropGen] Method Unity.Baselib.LowLevel.Binding+Baselib_FileIO_EventQueue Unity.Baselib.LowLevel.Binding::Baselib_FileIO_EventQueue_Create() has unsupported return type Unity.Baselib.LowLevel.Binding+Baselib_FileIO_EventQueue
[Debug  :Il2CppInteropGen] Method System.Void Unity.Baselib.LowLevel.Binding::Baselib_FileIO_EventQueue_Free(Unity.Baselib.LowLevel.Binding+Baselib_FileIO_EventQueue) has unsupported parameter type Unity.Baselib.LowLevel.Binding+Baselib_FileIO_EventQueue eq
[Debug  :Il2CppInteropGen] Method System.UInt64 Unity.Baselib.LowLevel.Binding::Baselib_FileIO_EventQueue_Dequeue(Unity.Baselib.LowLevel.Binding+Baselib_FileIO_EventQueue, Unity.Baselib.LowLevel.Binding+Baselib_FileIO_EventQueue_Result*, System.UInt64, System.UInt32) has unsupported parameter type Unity.Baselib.LowLevel.Binding+Baselib_FileIO_EventQueue eq
[Debug  :Il2CppInteropGen] Method System.Void Unity.Baselib.LowLevel.Binding::Baselib_FileIO_EventQueue_Shutdown(Unity.Baselib.LowLevel.Binding+Baselib_FileIO_EventQueue, System.UInt32) has unsupported parameter type Unity.Baselib.LowLevel.Binding+Baselib_FileIO_EventQueue eq
[Debug  :Il2CppInteropGen] Method Unity.Baselib.LowLevel.Binding+Baselib_FileIO_AsyncFile Unity.Baselib.LowLevel.Binding::Baselib_FileIO_AsyncOpen(Unity.Baselib.LowLevel.Binding+Baselib_FileIO_EventQueue, System.Byte*, System.UInt64, Unity.Baselib.LowLevel.Binding+Baselib_FileIO_Priority) has unsupported return type Unity.Baselib.LowLevel.Binding+Baselib_FileIO_AsyncFile
[Debug  :Il2CppInteropGen] Method System.Void Unity.Baselib.LowLevel.Binding::Baselib_FileIO_AsyncRead(Unity.Baselib.LowLevel.Binding+Baselib_FileIO_AsyncFile, Unity.Baselib.LowLevel.Binding+Baselib_FileIO_ReadRequest*, System.UInt64, System.UInt64, Unity.Baselib.LowLevel.Binding+Baselib_FileIO_Priority) has unsupported parameter type Unity.Baselib.LowLevel.Binding+Baselib_FileIO_AsyncFile file
[Debug  :Il2CppInteropGen] Method System.Void Unity.Baselib.LowLevel.Binding::Baselib_FileIO_AsyncClose(Unity.Baselib.LowLevel.Binding+Baselib_FileIO_AsyncFile) has unsupported parameter type Unity.Baselib.LowLevel.Binding+Baselib_FileIO_AsyncFile file
[Debug  :Il2CppInteropGen] Method Unity.Baselib.LowLevel.Binding+Baselib_FileIO_SyncFile Unity.Baselib.LowLevel.Binding::Baselib_FileIO_SyncOpen(System.Byte*, Unity.Baselib.LowLevel.Binding+Baselib_FileIO_OpenFlags, Unity.Baselib.LowLevel.Binding+Baselib_ErrorState*) has unsupported return type Unity.Baselib.LowLevel.Binding+Baselib_FileIO_SyncFile
[Debug  :Il2CppInteropGen] Method Unity.Baselib.LowLevel.Binding+Baselib_FileIO_SyncFile Unity.Baselib.LowLevel.Binding::Baselib_FileIO_SyncFileFromNativeHandle(System.UInt64, System.UInt32) has unsupported return type Unity.Baselib.LowLevel.Binding+Baselib_FileIO_SyncFile
[Debug  :Il2CppInteropGen] Method System.UInt64 Unity.Baselib.LowLevel.Binding::Baselib_FileIO_SyncRead(Unity.Baselib.LowLevel.Binding+Baselib_FileIO_SyncFile, System.UInt64, System.IntPtr, System.UInt64, Unity.Baselib.LowLevel.Binding+Baselib_ErrorState*) has unsupported parameter type Unity.Baselib.LowLevel.Binding+Baselib_FileIO_SyncFile file
[Debug  :Il2CppInteropGen] Method System.UInt64 Unity.Baselib.LowLevel.Binding::Baselib_FileIO_SyncWrite(Unity.Baselib.LowLevel.Binding+Baselib_FileIO_SyncFile, System.UInt64, System.IntPtr, System.UInt64, Unity.Baselib.LowLevel.Binding+Baselib_ErrorState*) has unsupported parameter type Unity.Baselib.LowLevel.Binding+Baselib_FileIO_SyncFile file
[Debug  :Il2CppInteropGen] Method System.Void Unity.Baselib.LowLevel.Binding::Baselib_FileIO_SyncFlush(Unity.Baselib.LowLevel.Binding+Baselib_FileIO_SyncFile, Unity.Baselib.LowLevel.Binding+Baselib_ErrorState*) has unsupported parameter type Unity.Baselib.LowLevel.Binding+Baselib_FileIO_SyncFile file
[Debug  :Il2CppInteropGen] Method System.Void Unity.Baselib.LowLevel.Binding::Baselib_FileIO_SyncSetFileSize(Unity.Baselib.LowLevel.Binding+Baselib_FileIO_SyncFile, System.UInt64, Unity.Baselib.LowLevel.Binding+Baselib_ErrorState*) has unsupported parameter type Unity.Baselib.LowLevel.Binding+Baselib_FileIO_SyncFile file
[Debug  :Il2CppInteropGen] Method System.UInt64 Unity.Baselib.LowLevel.Binding::Baselib_FileIO_SyncGetFileSize(Unity.Baselib.LowLevel.Binding+Baselib_FileIO_SyncFile, Unity.Baselib.LowLevel.Binding+Baselib_ErrorState*) has unsupported parameter type Unity.Baselib.LowLevel.Binding+Baselib_FileIO_SyncFile file
[Debug  :Il2CppInteropGen] Method System.Void Unity.Baselib.LowLevel.Binding::Baselib_FileIO_SyncClose(Unity.Baselib.LowLevel.Binding+Baselib_FileIO_SyncFile, Unity.Baselib.LowLevel.Binding+Baselib_ErrorState*) has unsupported parameter type Unity.Baselib.LowLevel.Binding+Baselib_FileIO_SyncFile file
[Debug  :Il2CppInteropGen] Method System.Void Unity.Baselib.LowLevel.Binding::Baselib_Memory_GetPageSizeInfo(Unity.Baselib.LowLevel.Binding+Baselib_Memory_PageSizeInfo*) has unsupported parameter type Unity.Baselib.LowLevel.Binding+Baselib_Memory_PageSizeInfo* outPagesSizeInfo
[Debug  :Il2CppInteropGen] Method Unity.Baselib.LowLevel.Binding+Baselib_Memory_PageAllocation Unity.Baselib.LowLevel.Binding::Baselib_Memory_AllocatePages(System.UInt64, System.UInt64, System.UInt64, Unity.Baselib.LowLevel.Binding+Baselib_Memory_PageState, Unity.Baselib.LowLevel.Binding+Baselib_ErrorState*) has unsupported return type Unity.Baselib.LowLevel.Binding+Baselib_Memory_PageAllocation
[Debug  :Il2CppInteropGen] Method System.Void Unity.Baselib.LowLevel.Binding::Baselib_Memory_ReleasePages(Unity.Baselib.LowLevel.Binding+Baselib_Memory_PageAllocation, Unity.Baselib.LowLevel.Binding+Baselib_ErrorState*) has unsupported parameter type Unity.Baselib.LowLevel.Binding+Baselib_Memory_PageAllocation pageAllocation
[Debug  :Il2CppInteropGen] Method System.Void Unity.Baselib.LowLevel.Binding::Baselib_Memory_SetPageState(System.IntPtr, System.UInt64, System.UInt64, Unity.Baselib.LowLevel.Binding+Baselib_Memory_PageState, Unity.Baselib.LowLevel.Binding+Baselib_ErrorState*) has unsupported parameter type Unity.Baselib.LowLevel.Binding+Baselib_ErrorState* errorState
[Debug  :Il2CppInteropGen] Method System.Void Unity.Baselib.LowLevel.Binding::Baselib_NetworkAddress_Encode(Unity.Baselib.LowLevel.Binding+Baselib_NetworkAddress*, Unity.Baselib.LowLevel.Binding+Baselib_NetworkAddress_Family, System.Byte*, System.UInt16, Unity.Baselib.LowLevel.Binding+Baselib_ErrorState*) has unsupported parameter type Unity.Baselib.LowLevel.Binding+Baselib_NetworkAddress* dstAddress
[Debug  :Il2CppInteropGen] Method System.Void Unity.Baselib.LowLevel.Binding::Baselib_NetworkAddress_Decode(Unity.Baselib.LowLevel.Binding+Baselib_NetworkAddress*, Unity.Baselib.LowLevel.Binding+Baselib_NetworkAddress_Family*, System.Byte*, System.UInt32, System.UInt16*, Unity.Baselib.LowLevel.Binding+Baselib_ErrorState*) has unsupported parameter type Unity.Baselib.LowLevel.Binding+Baselib_NetworkAddress* srcAddress
[Debug  :Il2CppInteropGen] Method Unity.Baselib.LowLevel.Binding+Baselib_RegisteredNetwork_Buffer Unity.Baselib.LowLevel.Binding::Baselib_RegisteredNetwork_Buffer_Register(Unity.Baselib.LowLevel.Binding+Baselib_Memory_PageAllocation, Unity.Baselib.LowLevel.Binding+Baselib_ErrorState*) has unsupported return type Unity.Baselib.LowLevel.Binding+Baselib_RegisteredNetwork_Buffer
[Debug  :Il2CppInteropGen] Method System.Void Unity.Baselib.LowLevel.Binding::Baselib_RegisteredNetwork_Buffer_Deregister(Unity.Baselib.LowLevel.Binding+Baselib_RegisteredNetwork_Buffer) has unsupported parameter type Unity.Baselib.LowLevel.Binding+Baselib_RegisteredNetwork_Buffer buffer
[Debug  :Il2CppInteropGen] Method Unity.Baselib.LowLevel.Binding+Baselib_RegisteredNetwork_BufferSlice Unity.Baselib.LowLevel.Binding::Baselib_RegisteredNetwork_BufferSlice_Create(Unity.Baselib.LowLevel.Binding+Baselib_RegisteredNetwork_Buffer, System.UInt32, System.UInt32) has unsupported return type Unity.Baselib.LowLevel.Binding+Baselib_RegisteredNetwork_BufferSlice
[Debug  :Il2CppInteropGen] Method Unity.Baselib.LowLevel.Binding+Baselib_RegisteredNetwork_BufferSlice Unity.Baselib.LowLevel.Binding::Baselib_RegisteredNetwork_BufferSlice_Empty() has unsupported return type Unity.Baselib.LowLevel.Binding+Baselib_RegisteredNetwork_BufferSlice
[Debug  :Il2CppInteropGen] Method Unity.Baselib.LowLevel.Binding+Baselib_RegisteredNetwork_Endpoint Unity.Baselib.LowLevel.Binding::Baselib_RegisteredNetwork_Endpoint_Create(Unity.Baselib.LowLevel.Binding+Baselib_NetworkAddress*, Unity.Baselib.LowLevel.Binding+Baselib_RegisteredNetwork_BufferSlice, Unity.Baselib.LowLevel.Binding+Baselib_ErrorState*) has unsupported parameter type Unity.Baselib.LowLevel.Binding+Baselib_NetworkAddress* srcAddress
[Debug  :Il2CppInteropGen] Method System.Void Unity.Baselib.LowLevel.Binding::Baselib_RegisteredNetwork_Endpoint_GetNetworkAddress(Unity.Baselib.LowLevel.Binding+Baselib_RegisteredNetwork_Endpoint, Unity.Baselib.LowLevel.Binding+Baselib_NetworkAddress*, Unity.Baselib.LowLevel.Binding+Baselib_ErrorState*) has unsupported parameter type Unity.Baselib.LowLevel.Binding+Baselib_NetworkAddress* dstAddress
[Debug  :Il2CppInteropGen] Method Unity.Baselib.LowLevel.Binding+Baselib_RegisteredNetwork_Socket_UDP Unity.Baselib.LowLevel.Binding::Baselib_RegisteredNetwork_Socket_UDP_Create(Unity.Baselib.LowLevel.Binding+Baselib_NetworkAddress*, Unity.Baselib.LowLevel.Binding+Baselib_NetworkAddress_AddressReuse, System.UInt32, System.UInt32, Unity.Baselib.LowLevel.Binding+Baselib_ErrorState*) has unsupported return type Unity.Baselib.LowLevel.Binding+Baselib_RegisteredNetwork_Socket_UDP
[Debug  :Il2CppInteropGen] Method System.UInt32 Unity.Baselib.LowLevel.Binding::Baselib_RegisteredNetwork_Socket_UDP_ScheduleRecv(Unity.Baselib.LowLevel.Binding+Baselib_RegisteredNetwork_Socket_UDP, Unity.Baselib.LowLevel.Binding+Baselib_RegisteredNetwork_Request*, System.UInt32, Unity.Baselib.LowLevel.Binding+Baselib_ErrorState*) has unsupported parameter type Unity.Baselib.LowLevel.Binding+Baselib_RegisteredNetwork_Socket_UDP socket
[Debug  :Il2CppInteropGen] Method System.UInt32 Unity.Baselib.LowLevel.Binding::Baselib_RegisteredNetwork_Socket_UDP_ScheduleSend(Unity.Baselib.LowLevel.Binding+Baselib_RegisteredNetwork_Socket_UDP, Unity.Baselib.LowLevel.Binding+Baselib_RegisteredNetwork_Request*, System.UInt32, Unity.Baselib.LowLevel.Binding+Baselib_ErrorState*) has unsupported parameter type Unity.Baselib.LowLevel.Binding+Baselib_RegisteredNetwork_Socket_UDP socket
[Debug  :Il2CppInteropGen] Method Unity.Baselib.LowLevel.Binding+Baselib_RegisteredNetwork_ProcessStatus Unity.Baselib.LowLevel.Binding::Baselib_RegisteredNetwork_Socket_UDP_ProcessRecv(Unity.Baselib.LowLevel.Binding+Baselib_RegisteredNetwork_Socket_UDP, Unity.Baselib.LowLevel.Binding+Baselib_ErrorState*) has unsupported parameter type Unity.Baselib.LowLevel.Binding+Baselib_RegisteredNetwork_Socket_UDP socket
[Debug  :Il2CppInteropGen] Method Unity.Baselib.LowLevel.Binding+Baselib_RegisteredNetwork_ProcessStatus Unity.Baselib.LowLevel.Binding::Baselib_RegisteredNetwork_Socket_UDP_ProcessSend(Unity.Baselib.LowLevel.Binding+Baselib_RegisteredNetwork_Socket_UDP, Unity.Baselib.LowLevel.Binding+Baselib_ErrorState*) has unsupported parameter type Unity.Baselib.LowLevel.Binding+Baselib_RegisteredNetwork_Socket_UDP socket
[Debug  :Il2CppInteropGen] Method Unity.Baselib.LowLevel.Binding+Baselib_RegisteredNetwork_CompletionQueueStatus Unity.Baselib.LowLevel.Binding::Baselib_RegisteredNetwork_Socket_UDP_WaitForCompletedRecv(Unity.Baselib.LowLevel.Binding+Baselib_RegisteredNetwork_Socket_UDP, System.UInt32, Unity.Baselib.LowLevel.Binding+Baselib_ErrorState*) has unsupported parameter type Unity.Baselib.LowLevel.Binding+Baselib_RegisteredNetwork_Socket_UDP socket
[Debug  :Il2CppInteropGen] Method Unity.Baselib.LowLevel.Binding+Baselib_RegisteredNetwork_CompletionQueueStatus Unity.Baselib.LowLevel.Binding::Baselib_RegisteredNetwork_Socket_UDP_WaitForCompletedSend(Unity.Baselib.LowLevel.Binding+Baselib_RegisteredNetwork_Socket_UDP, System.UInt32, Unity.Baselib.LowLevel.Binding+Baselib_ErrorState*) has unsupported parameter type Unity.Baselib.LowLevel.Binding+Baselib_RegisteredNetwork_Socket_UDP socket
[Debug  :Il2CppInteropGen] Method System.UInt32 Unity.Baselib.LowLevel.Binding::Baselib_RegisteredNetwork_Socket_UDP_DequeueRecv(Unity.Baselib.LowLevel.Binding+Baselib_RegisteredNetwork_Socket_UDP, Unity.Baselib.LowLevel.Binding+Baselib_RegisteredNetwork_CompletionResult*, System.UInt32, Unity.Baselib.LowLevel.Binding+Baselib_ErrorState*) has unsupported parameter type Unity.Baselib.LowLevel.Binding+Baselib_RegisteredNetwork_Socket_UDP socket
[Debug  :Il2CppInteropGen] Method System.UInt32 Unity.Baselib.LowLevel.Binding::Baselib_RegisteredNetwork_Socket_UDP_DequeueSend(Unity.Baselib.LowLevel.Binding+Baselib_RegisteredNetwork_Socket_UDP, Unity.Baselib.LowLevel.Binding+Baselib_RegisteredNetwork_CompletionResult*, System.UInt32, Unity.Baselib.LowLevel.Binding+Baselib_ErrorState*) has unsupported parameter type Unity.Baselib.LowLevel.Binding+Baselib_RegisteredNetwork_Socket_UDP socket
[Debug  :Il2CppInteropGen] Method System.Void Unity.Baselib.LowLevel.Binding::Baselib_RegisteredNetwork_Socket_UDP_GetNetworkAddress(Unity.Baselib.LowLevel.Binding+Baselib_RegisteredNetwork_Socket_UDP, Unity.Baselib.LowLevel.Binding+Baselib_NetworkAddress*, Unity.Baselib.LowLevel.Binding+Baselib_ErrorState*) has unsupported parameter type Unity.Baselib.LowLevel.Binding+Baselib_RegisteredNetwork_Socket_UDP socket
[Debug  :Il2CppInteropGen] Method System.Void Unity.Baselib.LowLevel.Binding::Baselib_RegisteredNetwork_Socket_UDP_Close(Unity.Baselib.LowLevel.Binding+Baselib_RegisteredNetwork_Socket_UDP) has unsupported parameter type Unity.Baselib.LowLevel.Binding+Baselib_RegisteredNetwork_Socket_UDP socket
[Debug  :Il2CppInteropGen] Method Unity.Baselib.LowLevel.Binding+Baselib_Socket_Handle Unity.Baselib.LowLevel.Binding::Baselib_Socket_Create(Unity.Baselib.LowLevel.Binding+Baselib_NetworkAddress_Family, Unity.Baselib.LowLevel.Binding+Baselib_Socket_Protocol, Unity.Baselib.LowLevel.Binding+Baselib_ErrorState*) has unsupported return type Unity.Baselib.LowLevel.Binding+Baselib_Socket_Handle
[Debug  :Il2CppInteropGen] Method System.Void Unity.Baselib.LowLevel.Binding::Baselib_Socket_Bind(Unity.Baselib.LowLevel.Binding+Baselib_Socket_Handle, Unity.Baselib.LowLevel.Binding+Baselib_NetworkAddress*, Unity.Baselib.LowLevel.Binding+Baselib_NetworkAddress_AddressReuse, Unity.Baselib.LowLevel.Binding+Baselib_ErrorState*) has unsupported parameter type Unity.Baselib.LowLevel.Binding+Baselib_Socket_Handle socket
[Debug  :Il2CppInteropGen] Method System.Void Unity.Baselib.LowLevel.Binding::Baselib_Socket_TCP_Connect(Unity.Baselib.LowLevel.Binding+Baselib_Socket_Handle, Unity.Baselib.LowLevel.Binding+Baselib_NetworkAddress*, Unity.Baselib.LowLevel.Binding+Baselib_NetworkAddress_AddressReuse, Unity.Baselib.LowLevel.Binding+Baselib_ErrorState*) has unsupported parameter type Unity.Baselib.LowLevel.Binding+Baselib_Socket_Handle socket
[Debug  :Il2CppInteropGen] Method System.Void Unity.Baselib.LowLevel.Binding::Baselib_Socket_Poll(Unity.Baselib.LowLevel.Binding+Baselib_Socket_PollFd*, System.UInt32, System.UInt32, Unity.Baselib.LowLevel.Binding+Baselib_ErrorState*) has unsupported parameter type Unity.Baselib.LowLevel.Binding+Baselib_Socket_PollFd* sockets
[Debug  :Il2CppInteropGen] Method System.Void Unity.Baselib.LowLevel.Binding::Baselib_Socket_GetAddress(Unity.Baselib.LowLevel.Binding+Baselib_Socket_Handle, Unity.Baselib.LowLevel.Binding+Baselib_NetworkAddress*, Unity.Baselib.LowLevel.Binding+Baselib_ErrorState*) has unsupported parameter type Unity.Baselib.LowLevel.Binding+Baselib_Socket_Handle socket
[Debug  :Il2CppInteropGen] Method System.Void Unity.Baselib.LowLevel.Binding::Baselib_Socket_TCP_Listen(Unity.Baselib.LowLevel.Binding+Baselib_Socket_Handle, Unity.Baselib.LowLevel.Binding+Baselib_ErrorState*) has unsupported parameter type Unity.Baselib.LowLevel.Binding+Baselib_Socket_Handle socket
[Debug  :Il2CppInteropGen] Method Unity.Baselib.LowLevel.Binding+Baselib_Socket_Handle Unity.Baselib.LowLevel.Binding::Baselib_Socket_TCP_Accept(Unity.Baselib.LowLevel.Binding+Baselib_Socket_Handle, Unity.Baselib.LowLevel.Binding+Baselib_ErrorState*) has unsupported return type Unity.Baselib.LowLevel.Binding+Baselib_Socket_Handle
[Debug  :Il2CppInteropGen] Method System.UInt32 Unity.Baselib.LowLevel.Binding::Baselib_Socket_UDP_Send(Unity.Baselib.LowLevel.Binding+Baselib_Socket_Handle, Unity.Baselib.LowLevel.Binding+Baselib_Socket_Message*, System.UInt32, Unity.Baselib.LowLevel.Binding+Baselib_ErrorState*) has unsupported parameter type Unity.Baselib.LowLevel.Binding+Baselib_Socket_Handle socket
[Debug  :Il2CppInteropGen] Method System.UInt32 Unity.Baselib.LowLevel.Binding::Baselib_Socket_TCP_Send(Unity.Baselib.LowLevel.Binding+Baselib_Socket_Handle, System.IntPtr, System.UInt32, Unity.Baselib.LowLevel.Binding+Baselib_ErrorState*) has unsupported parameter type Unity.Baselib.LowLevel.Binding+Baselib_Socket_Handle socket
[Debug  :Il2CppInteropGen] Method System.UInt32 Unity.Baselib.LowLevel.Binding::Baselib_Socket_UDP_Recv(Unity.Baselib.LowLevel.Binding+Baselib_Socket_Handle, Unity.Baselib.LowLevel.Binding+Baselib_Socket_Message*, System.UInt32, Unity.Baselib.LowLevel.Binding+Baselib_ErrorState*) has unsupported parameter type Unity.Baselib.LowLevel.Binding+Baselib_Socket_Handle socket
[Debug  :Il2CppInteropGen] Method System.UInt32 Unity.Baselib.LowLevel.Binding::Baselib_Socket_TCP_Recv(Unity.Baselib.LowLevel.Binding+Baselib_Socket_Handle, System.IntPtr, System.UInt32, Unity.Baselib.LowLevel.Binding+Baselib_ErrorState*) has unsupported parameter type Unity.Baselib.LowLevel.Binding+Baselib_Socket_Handle socket
[Debug  :Il2CppInteropGen] Method System.Void Unity.Baselib.LowLevel.Binding::Baselib_Socket_Close(Unity.Baselib.LowLevel.Binding+Baselib_Socket_Handle) has unsupported parameter type Unity.Baselib.LowLevel.Binding+Baselib_Socket_Handle socket
[Debug  :Il2CppInteropGen] Method Unity.Baselib.LowLevel.Binding+Baselib_Timer_TickToNanosecondConversionRatio Unity.Baselib.LowLevel.Binding::Baselib_Timer_GetTicksToNanosecondsConversionRatio() has unsupported return type Unity.Baselib.LowLevel.Binding+Baselib_Timer_TickToNanosecondConversionRatio
[Debug  :Il2CppInteropGen] Method System.Void Unity.Baselib.LowLevel.Binding::Baselib_DynamicLibrary_OpenUtf8_Injected(System.Byte*, Unity.Baselib.LowLevel.Binding+Baselib_ErrorState*, Unity.Baselib.LowLevel.Binding+Baselib_DynamicLibrary_Handle&) has unsupported parameter type Unity.Baselib.LowLevel.Binding+Baselib_ErrorState* errorState
[Debug  :Il2CppInteropGen] Method System.Void Unity.Baselib.LowLevel.Binding::Baselib_DynamicLibrary_OpenUtf16_Injected(System.Char*, Unity.Baselib.LowLevel.Binding+Baselib_ErrorState*, Unity.Baselib.LowLevel.Binding+Baselib_DynamicLibrary_Handle&) has unsupported parameter type Unity.Baselib.LowLevel.Binding+Baselib_ErrorState* errorState
[Debug  :Il2CppInteropGen] Method System.Void Unity.Baselib.LowLevel.Binding::Baselib_DynamicLibrary_OpenProgramHandle_Injected(Unity.Baselib.LowLevel.Binding+Baselib_ErrorState*, Unity.Baselib.LowLevel.Binding+Baselib_DynamicLibrary_Handle&) has unsupported parameter type Unity.Baselib.LowLevel.Binding+Baselib_ErrorState* errorState
[Debug  :Il2CppInteropGen] Method System.Void Unity.Baselib.LowLevel.Binding::Baselib_DynamicLibrary_FromNativeHandle_Injected(System.UInt64, System.UInt32, Unity.Baselib.LowLevel.Binding+Baselib_ErrorState*, Unity.Baselib.LowLevel.Binding+Baselib_DynamicLibrary_Handle&) has unsupported parameter type Unity.Baselib.LowLevel.Binding+Baselib_ErrorState* errorState
[Debug  :Il2CppInteropGen] Method System.IntPtr Unity.Baselib.LowLevel.Binding::Baselib_DynamicLibrary_GetFunction_Injected(Unity.Baselib.LowLevel.Binding+Baselib_DynamicLibrary_Handle&, System.Byte*, Unity.Baselib.LowLevel.Binding+Baselib_ErrorState*) has unsupported parameter type Unity.Baselib.LowLevel.Binding+Baselib_DynamicLibrary_Handle& handle
[Debug  :Il2CppInteropGen] Method System.Void Unity.Baselib.LowLevel.Binding::Baselib_DynamicLibrary_Close_Injected(Unity.Baselib.LowLevel.Binding+Baselib_DynamicLibrary_Handle&) has unsupported parameter type Unity.Baselib.LowLevel.Binding+Baselib_DynamicLibrary_Handle& handle
[Debug  :Il2CppInteropGen] Method System.Void Unity.Baselib.LowLevel.Binding::Baselib_FileIO_EventQueue_Create_Injected(Unity.Baselib.LowLevel.Binding+Baselib_FileIO_EventQueue&) has unsupported parameter type Unity.Baselib.LowLevel.Binding+Baselib_FileIO_EventQueue& ret
[Debug  :Il2CppInteropGen] Method System.Void Unity.Baselib.LowLevel.Binding::Baselib_FileIO_EventQueue_Free_Injected(Unity.Baselib.LowLevel.Binding+Baselib_FileIO_EventQueue&) has unsupported parameter type Unity.Baselib.LowLevel.Binding+Baselib_FileIO_EventQueue& eq
[Debug  :Il2CppInteropGen] Method System.UInt64 Unity.Baselib.LowLevel.Binding::Baselib_FileIO_EventQueue_Dequeue_Injected(Unity.Baselib.LowLevel.Binding+Baselib_FileIO_EventQueue&, Unity.Baselib.LowLevel.Binding+Baselib_FileIO_EventQueue_Result*, System.UInt64, System.UInt32) has unsupported parameter type Unity.Baselib.LowLevel.Binding+Baselib_FileIO_EventQueue& eq
[Debug  :Il2CppInteropGen] Method System.Void Unity.Baselib.LowLevel.Binding::Baselib_FileIO_EventQueue_Shutdown_Injected(Unity.Baselib.LowLevel.Binding+Baselib_FileIO_EventQueue&, System.UInt32) has unsupported parameter type Unity.Baselib.LowLevel.Binding+Baselib_FileIO_EventQueue& eq
[Debug  :Il2CppInteropGen] Method System.Void Unity.Baselib.LowLevel.Binding::Baselib_FileIO_AsyncOpen_Injected(Unity.Baselib.LowLevel.Binding+Baselib_FileIO_EventQueue&, System.Byte*, System.UInt64, Unity.Baselib.LowLevel.Binding+Baselib_FileIO_Priority, Unity.Baselib.LowLevel.Binding+Baselib_FileIO_AsyncFile&) has unsupported parameter type Unity.Baselib.LowLevel.Binding+Baselib_FileIO_EventQueue& eq
[Debug  :Il2CppInteropGen] Method System.Void Unity.Baselib.LowLevel.Binding::Baselib_FileIO_AsyncRead_Injected(Unity.Baselib.LowLevel.Binding+Baselib_FileIO_AsyncFile&, Unity.Baselib.LowLevel.Binding+Baselib_FileIO_ReadRequest*, System.UInt64, System.UInt64, Unity.Baselib.LowLevel.Binding+Baselib_FileIO_Priority) has unsupported parameter type Unity.Baselib.LowLevel.Binding+Baselib_FileIO_AsyncFile& file
[Debug  :Il2CppInteropGen] Method System.Void Unity.Baselib.LowLevel.Binding::Baselib_FileIO_AsyncClose_Injected(Unity.Baselib.LowLevel.Binding+Baselib_FileIO_AsyncFile&) has unsupported parameter type Unity.Baselib.LowLevel.Binding+Baselib_FileIO_AsyncFile& file
[Debug  :Il2CppInteropGen] Method System.Void Unity.Baselib.LowLevel.Binding::Baselib_FileIO_SyncOpen_Injected(System.Byte*, Unity.Baselib.LowLevel.Binding+Baselib_FileIO_OpenFlags, Unity.Baselib.LowLevel.Binding+Baselib_ErrorState*, Unity.Baselib.LowLevel.Binding+Baselib_FileIO_SyncFile&) has unsupported parameter type Unity.Baselib.LowLevel.Binding+Baselib_ErrorState* errorState
[Debug  :Il2CppInteropGen] Method System.Void Unity.Baselib.LowLevel.Binding::Baselib_FileIO_SyncFileFromNativeHandle_Injected(System.UInt64, System.UInt32, Unity.Baselib.LowLevel.Binding+Baselib_FileIO_SyncFile&) has unsupported parameter type Unity.Baselib.LowLevel.Binding+Baselib_FileIO_SyncFile& ret
[Debug  :Il2CppInteropGen] Method System.UInt64 Unity.Baselib.LowLevel.Binding::Baselib_FileIO_SyncRead_Injected(Unity.Baselib.LowLevel.Binding+Baselib_FileIO_SyncFile&, System.UInt64, System.IntPtr, System.UInt64, Unity.Baselib.LowLevel.Binding+Baselib_ErrorState*) has unsupported parameter type Unity.Baselib.LowLevel.Binding+Baselib_FileIO_SyncFile& file
[Debug  :Il2CppInteropGen] Method System.UInt64 Unity.Baselib.LowLevel.Binding::Baselib_FileIO_SyncWrite_Injected(Unity.Baselib.LowLevel.Binding+Baselib_FileIO_SyncFile&, System.UInt64, System.IntPtr, System.UInt64, Unity.Baselib.LowLevel.Binding+Baselib_ErrorState*) has unsupported parameter type Unity.Baselib.LowLevel.Binding+Baselib_FileIO_SyncFile& file
[Debug  :Il2CppInteropGen] Method System.Void Unity.Baselib.LowLevel.Binding::Baselib_FileIO_SyncFlush_Injected(Unity.Baselib.LowLevel.Binding+Baselib_FileIO_SyncFile&, Unity.Baselib.LowLevel.Binding+Baselib_ErrorState*) has unsupported parameter type Unity.Baselib.LowLevel.Binding+Baselib_FileIO_SyncFile& file
[Debug  :Il2CppInteropGen] Method System.Void Unity.Baselib.LowLevel.Binding::Baselib_FileIO_SyncSetFileSize_Injected(Unity.Baselib.LowLevel.Binding+Baselib_FileIO_SyncFile&, System.UInt64, Unity.Baselib.LowLevel.Binding+Baselib_ErrorState*) has unsupported parameter type Unity.Baselib.LowLevel.Binding+Baselib_FileIO_SyncFile& file
[Debug  :Il2CppInteropGen] Method System.UInt64 Unity.Baselib.LowLevel.Binding::Baselib_FileIO_SyncGetFileSize_Injected(Unity.Baselib.LowLevel.Binding+Baselib_FileIO_SyncFile&, Unity.Baselib.LowLevel.Binding+Baselib_ErrorState*) has unsupported parameter type Unity.Baselib.LowLevel.Binding+Baselib_FileIO_SyncFile& file
[Debug  :Il2CppInteropGen] Method System.Void Unity.Baselib.LowLevel.Binding::Baselib_FileIO_SyncClose_Injected(Unity.Baselib.LowLevel.Binding+Baselib_FileIO_SyncFile&, Unity.Baselib.LowLevel.Binding+Baselib_ErrorState*) has unsupported parameter type Unity.Baselib.LowLevel.Binding+Baselib_FileIO_SyncFile& file
[Debug  :Il2CppInteropGen] Method System.Void Unity.Baselib.LowLevel.Binding::Baselib_Memory_AllocatePages_Injected(System.UInt64, System.UInt64, System.UInt64, Unity.Baselib.LowLevel.Binding+Baselib_Memory_PageState, Unity.Baselib.LowLevel.Binding+Baselib_ErrorState*, Unity.Baselib.LowLevel.Binding+Baselib_Memory_PageAllocation&) has unsupported parameter type Unity.Baselib.LowLevel.Binding+Baselib_ErrorState* errorState
[Debug  :Il2CppInteropGen] Method System.Void Unity.Baselib.LowLevel.Binding::Baselib_Memory_ReleasePages_Injected(Unity.Baselib.LowLevel.Binding+Baselib_Memory_PageAllocation&, Unity.Baselib.LowLevel.Binding+Baselib_ErrorState*) has unsupported parameter type Unity.Baselib.LowLevel.Binding+Baselib_Memory_PageAllocation& pageAllocation
[Debug  :Il2CppInteropGen] Method System.Void Unity.Baselib.LowLevel.Binding::Baselib_RegisteredNetwork_Buffer_Register_Injected(Unity.Baselib.LowLevel.Binding+Baselib_Memory_PageAllocation&, Unity.Baselib.LowLevel.Binding+Baselib_ErrorState*, Unity.Baselib.LowLevel.Binding+Baselib_RegisteredNetwork_Buffer&) has unsupported parameter type Unity.Baselib.LowLevel.Binding+Baselib_Memory_PageAllocation& pageAllocation
[Debug  :Il2CppInteropGen] Method System.Void Unity.Baselib.LowLevel.Binding::Baselib_RegisteredNetwork_Buffer_Deregister_Injected(Unity.Baselib.LowLevel.Binding+Baselib_RegisteredNetwork_Buffer&) has unsupported parameter type Unity.Baselib.LowLevel.Binding+Baselib_RegisteredNetwork_Buffer& buffer
[Debug  :Il2CppInteropGen] Method System.Void Unity.Baselib.LowLevel.Binding::Baselib_RegisteredNetwork_BufferSlice_Create_Injected(Unity.Baselib.LowLevel.Binding+Baselib_RegisteredNetwork_Buffer&, System.UInt32, System.UInt32, Unity.Baselib.LowLevel.Binding+Baselib_RegisteredNetwork_BufferSlice&) has unsupported parameter type Unity.Baselib.LowLevel.Binding+Baselib_RegisteredNetwork_Buffer& buffer
[Debug  :Il2CppInteropGen] Method System.Void Unity.Baselib.LowLevel.Binding::Baselib_RegisteredNetwork_BufferSlice_Empty_Injected(Unity.Baselib.LowLevel.Binding+Baselib_RegisteredNetwork_BufferSlice&) has unsupported parameter type Unity.Baselib.LowLevel.Binding+Baselib_RegisteredNetwork_BufferSlice& ret
[Debug  :Il2CppInteropGen] Method System.Void Unity.Baselib.LowLevel.Binding::Baselib_RegisteredNetwork_Endpoint_Create_Injected(Unity.Baselib.LowLevel.Binding+Baselib_NetworkAddress*, Unity.Baselib.LowLevel.Binding+Baselib_RegisteredNetwork_BufferSlice&, Unity.Baselib.LowLevel.Binding+Baselib_ErrorState*, Unity.Baselib.LowLevel.Binding+Baselib_RegisteredNetwork_Endpoint&) has unsupported parameter type Unity.Baselib.LowLevel.Binding+Baselib_NetworkAddress* srcAddress
[Debug  :Il2CppInteropGen] Method System.Void Unity.Baselib.LowLevel.Binding::Baselib_RegisteredNetwork_Endpoint_GetNetworkAddress_Injected(Unity.Baselib.LowLevel.Binding+Baselib_RegisteredNetwork_Endpoint&, Unity.Baselib.LowLevel.Binding+Baselib_NetworkAddress*, Unity.Baselib.LowLevel.Binding+Baselib_ErrorState*) has unsupported parameter type Unity.Baselib.LowLevel.Binding+Baselib_NetworkAddress* dstAddress
[Debug  :Il2CppInteropGen] Method System.Void Unity.Baselib.LowLevel.Binding::Baselib_RegisteredNetwork_Socket_UDP_Create_Injected(Unity.Baselib.LowLevel.Binding+Baselib_NetworkAddress*, Unity.Baselib.LowLevel.Binding+Baselib_NetworkAddress_AddressReuse, System.UInt32, System.UInt32, Unity.Baselib.LowLevel.Binding+Baselib_ErrorState*, Unity.Baselib.LowLevel.Binding+Baselib_RegisteredNetwork_Socket_UDP&) has unsupported parameter type Unity.Baselib.LowLevel.Binding+Baselib_NetworkAddress* bindAddress
[Debug  :Il2CppInteropGen] Method System.UInt32 Unity.Baselib.LowLevel.Binding::Baselib_RegisteredNetwork_Socket_UDP_ScheduleRecv_Injected(Unity.Baselib.LowLevel.Binding+Baselib_RegisteredNetwork_Socket_UDP&, Unity.Baselib.LowLevel.Binding+Baselib_RegisteredNetwork_Request*, System.UInt32, Unity.Baselib.LowLevel.Binding+Baselib_ErrorState*) has unsupported parameter type Unity.Baselib.LowLevel.Binding+Baselib_RegisteredNetwork_Socket_UDP& socket
[Debug  :Il2CppInteropGen] Method System.UInt32 Unity.Baselib.LowLevel.Binding::Baselib_RegisteredNetwork_Socket_UDP_ScheduleSend_Injected(Unity.Baselib.LowLevel.Binding+Baselib_RegisteredNetwork_Socket_UDP&, Unity.Baselib.LowLevel.Binding+Baselib_RegisteredNetwork_Request*, System.UInt32, Unity.Baselib.LowLevel.Binding+Baselib_ErrorState*) has unsupported parameter type Unity.Baselib.LowLevel.Binding+Baselib_RegisteredNetwork_Socket_UDP& socket
[Debug  :Il2CppInteropGen] Method Unity.Baselib.LowLevel.Binding+Baselib_RegisteredNetwork_ProcessStatus Unity.Baselib.LowLevel.Binding::Baselib_RegisteredNetwork_Socket_UDP_ProcessRecv_Injected(Unity.Baselib.LowLevel.Binding+Baselib_RegisteredNetwork_Socket_UDP&, Unity.Baselib.LowLevel.Binding+Baselib_ErrorState*) has unsupported parameter type Unity.Baselib.LowLevel.Binding+Baselib_RegisteredNetwork_Socket_UDP& socket
[Debug  :Il2CppInteropGen] Method Unity.Baselib.LowLevel.Binding+Baselib_RegisteredNetwork_ProcessStatus Unity.Baselib.LowLevel.Binding::Baselib_RegisteredNetwork_Socket_UDP_ProcessSend_Injected(Unity.Baselib.LowLevel.Binding+Baselib_RegisteredNetwork_Socket_UDP&, Unity.Baselib.LowLevel.Binding+Baselib_ErrorState*) has unsupported parameter type Unity.Baselib.LowLevel.Binding+Baselib_RegisteredNetwork_Socket_UDP& socket
[Debug  :Il2CppInteropGen] Method Unity.Baselib.LowLevel.Binding+Baselib_RegisteredNetwork_CompletionQueueStatus Unity.Baselib.LowLevel.Binding::Baselib_RegisteredNetwork_Socket_UDP_WaitForCompletedRecv_Injected(Unity.Baselib.LowLevel.Binding+Baselib_RegisteredNetwork_Socket_UDP&, System.UInt32, Unity.Baselib.LowLevel.Binding+Baselib_ErrorState*) has unsupported parameter type Unity.Baselib.LowLevel.Binding+Baselib_RegisteredNetwork_Socket_UDP& socket
[Debug  :Il2CppInteropGen] Method Unity.Baselib.LowLevel.Binding+Baselib_RegisteredNetwork_CompletionQueueStatus Unity.Baselib.LowLevel.Binding::Baselib_RegisteredNetwork_Socket_UDP_WaitForCompletedSend_Injected(Unity.Baselib.LowLevel.Binding+Baselib_RegisteredNetwork_Socket_UDP&, System.UInt32, Unity.Baselib.LowLevel.Binding+Baselib_ErrorState*) has unsupported parameter type Unity.Baselib.LowLevel.Binding+Baselib_RegisteredNetwork_Socket_UDP& socket
[Debug  :Il2CppInteropGen] Method System.UInt32 Unity.Baselib.LowLevel.Binding::Baselib_RegisteredNetwork_Socket_UDP_DequeueRecv_Injected(Unity.Baselib.LowLevel.Binding+Baselib_RegisteredNetwork_Socket_UDP&, Unity.Baselib.LowLevel.Binding+Baselib_RegisteredNetwork_CompletionResult*, System.UInt32, Unity.Baselib.LowLevel.Binding+Baselib_ErrorState*) has unsupported parameter type Unity.Baselib.LowLevel.Binding+Baselib_RegisteredNetwork_Socket_UDP& socket
[Debug  :Il2CppInteropGen] Method System.UInt32 Unity.Baselib.LowLevel.Binding::Baselib_RegisteredNetwork_Socket_UDP_DequeueSend_Injected(Unity.Baselib.LowLevel.Binding+Baselib_RegisteredNetwork_Socket_UDP&, Unity.Baselib.LowLevel.Binding+Baselib_RegisteredNetwork_CompletionResult*, System.UInt32, Unity.Baselib.LowLevel.Binding+Baselib_ErrorState*) has unsupported parameter type Unity.Baselib.LowLevel.Binding+Baselib_RegisteredNetwork_Socket_UDP& socket
[Debug  :Il2CppInteropGen] Method System.Void Unity.Baselib.LowLevel.Binding::Baselib_RegisteredNetwork_Socket_UDP_GetNetworkAddress_Injected(Unity.Baselib.LowLevel.Binding+Baselib_RegisteredNetwork_Socket_UDP&, Unity.Baselib.LowLevel.Binding+Baselib_NetworkAddress*, Unity.Baselib.LowLevel.Binding+Baselib_ErrorState*) has unsupported parameter type Unity.Baselib.LowLevel.Binding+Baselib_RegisteredNetwork_Socket_UDP& socket
[Debug  :Il2CppInteropGen] Method System.Void Unity.Baselib.LowLevel.Binding::Baselib_RegisteredNetwork_Socket_UDP_Close_Injected(Unity.Baselib.LowLevel.Binding+Baselib_RegisteredNetwork_Socket_UDP&) has unsupported parameter type Unity.Baselib.LowLevel.Binding+Baselib_RegisteredNetwork_Socket_UDP& socket
[Debug  :Il2CppInteropGen] Method System.Void Unity.Baselib.LowLevel.Binding::Baselib_Socket_Create_Injected(Unity.Baselib.LowLevel.Binding+Baselib_NetworkAddress_Family, Unity.Baselib.LowLevel.Binding+Baselib_Socket_Protocol, Unity.Baselib.LowLevel.Binding+Baselib_ErrorState*, Unity.Baselib.LowLevel.Binding+Baselib_Socket_Handle&) has unsupported parameter type Unity.Baselib.LowLevel.Binding+Baselib_ErrorState* errorState
[Debug  :Il2CppInteropGen] Method System.Void Unity.Baselib.LowLevel.Binding::Baselib_Socket_Bind_Injected(Unity.Baselib.LowLevel.Binding+Baselib_Socket_Handle&, Unity.Baselib.LowLevel.Binding+Baselib_NetworkAddress*, Unity.Baselib.LowLevel.Binding+Baselib_NetworkAddress_AddressReuse, Unity.Baselib.LowLevel.Binding+Baselib_ErrorState*) has unsupported parameter type Unity.Baselib.LowLevel.Binding+Baselib_Socket_Handle& socket
[Debug  :Il2CppInteropGen] Method System.Void Unity.Baselib.LowLevel.Binding::Baselib_Socket_TCP_Connect_Injected(Unity.Baselib.LowLevel.Binding+Baselib_Socket_Handle&, Unity.Baselib.LowLevel.Binding+Baselib_NetworkAddress*, Unity.Baselib.LowLevel.Binding+Baselib_NetworkAddress_AddressReuse, Unity.Baselib.LowLevel.Binding+Baselib_ErrorState*) has unsupported parameter type Unity.Baselib.LowLevel.Binding+Baselib_Socket_Handle& socket
[Debug  :Il2CppInteropGen] Method System.Void Unity.Baselib.LowLevel.Binding::Baselib_Socket_GetAddress_Injected(Unity.Baselib.LowLevel.Binding+Baselib_Socket_Handle&, Unity.Baselib.LowLevel.Binding+Baselib_NetworkAddress*, Unity.Baselib.LowLevel.Binding+Baselib_ErrorState*) has unsupported parameter type Unity.Baselib.LowLevel.Binding+Baselib_Socket_Handle& socket
[Debug  :Il2CppInteropGen] Method System.Void Unity.Baselib.LowLevel.Binding::Baselib_Socket_TCP_Listen_Injected(Unity.Baselib.LowLevel.Binding+Baselib_Socket_Handle&, Unity.Baselib.LowLevel.Binding+Baselib_ErrorState*) has unsupported parameter type Unity.Baselib.LowLevel.Binding+Baselib_Socket_Handle& socket
[Debug  :Il2CppInteropGen] Method System.Void Unity.Baselib.LowLevel.Binding::Baselib_Socket_TCP_Accept_Injected(Unity.Baselib.LowLevel.Binding+Baselib_Socket_Handle&, Unity.Baselib.LowLevel.Binding+Baselib_ErrorState*, Unity.Baselib.LowLevel.Binding+Baselib_Socket_Handle&) has unsupported parameter type Unity.Baselib.LowLevel.Binding+Baselib_Socket_Handle& socket
[Debug  :Il2CppInteropGen] Method System.UInt32 Unity.Baselib.LowLevel.Binding::Baselib_Socket_UDP_Send_Injected(Unity.Baselib.LowLevel.Binding+Baselib_Socket_Handle&, Unity.Baselib.LowLevel.Binding+Baselib_Socket_Message*, System.UInt32, Unity.Baselib.LowLevel.Binding+Baselib_ErrorState*) has unsupported parameter type Unity.Baselib.LowLevel.Binding+Baselib_Socket_Handle& socket
[Debug  :Il2CppInteropGen] Method System.UInt32 Unity.Baselib.LowLevel.Binding::Baselib_Socket_TCP_Send_Injected(Unity.Baselib.LowLevel.Binding+Baselib_Socket_Handle&, System.IntPtr, System.UInt32, Unity.Baselib.LowLevel.Binding+Baselib_ErrorState*) has unsupported parameter type Unity.Baselib.LowLevel.Binding+Baselib_Socket_Handle& socket
[Debug  :Il2CppInteropGen] Method System.UInt32 Unity.Baselib.LowLevel.Binding::Baselib_Socket_UDP_Recv_Injected(Unity.Baselib.LowLevel.Binding+Baselib_Socket_Handle&, Unity.Baselib.LowLevel.Binding+Baselib_Socket_Message*, System.UInt32, Unity.Baselib.LowLevel.Binding+Baselib_ErrorState*) has unsupported parameter type Unity.Baselib.LowLevel.Binding+Baselib_Socket_Handle& socket
[Debug  :Il2CppInteropGen] Method System.UInt32 Unity.Baselib.LowLevel.Binding::Baselib_Socket_TCP_Recv_Injected(Unity.Baselib.LowLevel.Binding+Baselib_Socket_Handle&, System.IntPtr, System.UInt32, Unity.Baselib.LowLevel.Binding+Baselib_ErrorState*) has unsupported parameter type Unity.Baselib.LowLevel.Binding+Baselib_Socket_Handle& socket
[Debug  :Il2CppInteropGen] Method System.Void Unity.Baselib.LowLevel.Binding::Baselib_Socket_Close_Injected(Unity.Baselib.LowLevel.Binding+Baselib_Socket_Handle&) has unsupported parameter type Unity.Baselib.LowLevel.Binding+Baselib_Socket_Handle& socket
[Debug  :Il2CppInteropGen] Method System.Void Unity.Baselib.LowLevel.Binding::Baselib_Timer_GetTicksToNanosecondsConversionRatio_Injected(Unity.Baselib.LowLevel.Binding+Baselib_Timer_TickToNanosecondConversionRatio&) has unsupported parameter type Unity.Baselib.LowLevel.Binding+Baselib_Timer_TickToNanosecondConversionRatio& ret
[Debug  :Il2CppInteropGen] Method Unity.Profiling.LowLevel.Unsafe.ProfilerUnsafeUtility+TimestampConversionRatio Unity.Profiling.LowLevel.Unsafe.ProfilerUnsafeUtility::get_TimestampToNanosecondsConversionRatio() has unsupported return type Unity.Profiling.LowLevel.Unsafe.ProfilerUnsafeUtility+TimestampConversionRatio
[Debug  :Il2CppInteropGen] Method System.Void Unity.Profiling.LowLevel.Unsafe.ProfilerUnsafeUtility::get_TimestampToNanosecondsConversionRatio_Injected(Unity.Profiling.LowLevel.Unsafe.ProfilerUnsafeUtility+TimestampConversionRatio&) has unsupported parameter type Unity.Profiling.LowLevel.Unsafe.ProfilerUnsafeUtility+TimestampConversionRatio& ret
[Debug  :Il2CppInteropGen] Method Unity.IO.LowLevel.Unsafe.ReadHandle Unity.IO.LowLevel.Unsafe.AsyncReadManager::ReadInternal(System.String, System.Void*, System.UInt32, System.String, System.UInt64, Unity.IO.LowLevel.Unsafe.AssetLoadingSubsystem) has unsupported return type Unity.IO.LowLevel.Unsafe.ReadHandle
[Debug  :Il2CppInteropGen] Method Unity.IO.LowLevel.Unsafe.ReadHandle Unity.IO.LowLevel.Unsafe.AsyncReadManager::Read(System.String, Unity.IO.LowLevel.Unsafe.ReadCommand*, System.UInt32, System.String, System.UInt64, Unity.IO.LowLevel.Unsafe.AssetLoadingSubsystem) has unsupported return type Unity.IO.LowLevel.Unsafe.ReadHandle
[Debug  :Il2CppInteropGen] Method Unity.IO.LowLevel.Unsafe.ReadHandle Unity.IO.LowLevel.Unsafe.AsyncReadManager::GetFileInfoInternal(System.String, System.Void*) has unsupported return type Unity.IO.LowLevel.Unsafe.ReadHandle
[Debug  :Il2CppInteropGen] Method Unity.IO.LowLevel.Unsafe.ReadHandle Unity.IO.LowLevel.Unsafe.AsyncReadManager::GetFileInfo(System.String, Unity.IO.LowLevel.Unsafe.FileInfoResult*) has unsupported return type Unity.IO.LowLevel.Unsafe.ReadHandle
[Debug  :Il2CppInteropGen] Method Unity.IO.LowLevel.Unsafe.ReadHandle Unity.IO.LowLevel.Unsafe.AsyncReadManager::ReadWithHandlesInternal_NativePtr(Unity.IO.LowLevel.Unsafe.FileHandle&, System.Void*, Unity.Jobs.JobHandle) has unsupported return type Unity.IO.LowLevel.Unsafe.ReadHandle
[Debug  :Il2CppInteropGen] Method Unity.IO.LowLevel.Unsafe.ReadHandle Unity.IO.LowLevel.Unsafe.AsyncReadManager::ReadWithHandlesInternal_NativeCopy(Unity.IO.LowLevel.Unsafe.FileHandle&, System.Void*) has unsupported return type Unity.IO.LowLevel.Unsafe.ReadHandle
[Debug  :Il2CppInteropGen] Method Unity.IO.LowLevel.Unsafe.ReadHandle Unity.IO.LowLevel.Unsafe.AsyncReadManager::ReadDeferred(Unity.IO.LowLevel.Unsafe.FileHandle&, Unity.IO.LowLevel.Unsafe.ReadCommandArray*, Unity.Jobs.JobHandle) has unsupported return type Unity.IO.LowLevel.Unsafe.ReadHandle
[Debug  :Il2CppInteropGen] Method Unity.IO.LowLevel.Unsafe.ReadHandle Unity.IO.LowLevel.Unsafe.AsyncReadManager::Read(Unity.IO.LowLevel.Unsafe.FileHandle&, Unity.IO.LowLevel.Unsafe.ReadCommandArray) has unsupported return type Unity.IO.LowLevel.Unsafe.ReadHandle
[Debug  :Il2CppInteropGen] Method Unity.IO.LowLevel.Unsafe.FileHandle Unity.IO.LowLevel.Unsafe.AsyncReadManager::OpenFileAsync_Internal(System.String) has unsupported return type Unity.IO.LowLevel.Unsafe.FileHandle
[Debug  :Il2CppInteropGen] Method Unity.IO.LowLevel.Unsafe.FileHandle Unity.IO.LowLevel.Unsafe.AsyncReadManager::OpenFileAsync(System.String) has unsupported return type Unity.IO.LowLevel.Unsafe.FileHandle
[Debug  :Il2CppInteropGen] Method Unity.Jobs.JobHandle Unity.IO.LowLevel.Unsafe.AsyncReadManager::CloseFileAsync(Unity.IO.LowLevel.Unsafe.FileHandle&, Unity.Jobs.JobHandle) has unsupported parameter type Unity.IO.LowLevel.Unsafe.FileHandle& fileHandle
[Debug  :Il2CppInteropGen] Method System.Void Unity.IO.LowLevel.Unsafe.AsyncReadManager::ReadInternal_Injected(System.String, System.Void*, System.UInt32, System.String, System.UInt64, Unity.IO.LowLevel.Unsafe.AssetLoadingSubsystem, Unity.IO.LowLevel.Unsafe.ReadHandle&) has unsupported parameter type Unity.IO.LowLevel.Unsafe.ReadHandle& ret
[Debug  :Il2CppInteropGen] Method System.Void Unity.IO.LowLevel.Unsafe.AsyncReadManager::GetFileInfoInternal_Injected(System.String, System.Void*, Unity.IO.LowLevel.Unsafe.ReadHandle&) has unsupported parameter type Unity.IO.LowLevel.Unsafe.ReadHandle& ret
[Debug  :Il2CppInteropGen] Method System.Void Unity.IO.LowLevel.Unsafe.AsyncReadManager::ReadWithHandlesInternal_NativePtr_Injected(Unity.IO.LowLevel.Unsafe.FileHandle&, System.Void*, Unity.Jobs.JobHandle&, Unity.IO.LowLevel.Unsafe.ReadHandle&) has unsupported parameter type Unity.IO.LowLevel.Unsafe.FileHandle& fileHandle
[Debug  :Il2CppInteropGen] Method System.Void Unity.IO.LowLevel.Unsafe.AsyncReadManager::ReadWithHandlesInternal_NativeCopy_Injected(Unity.IO.LowLevel.Unsafe.FileHandle&, System.Void*, Unity.IO.LowLevel.Unsafe.ReadHandle&) has unsupported parameter type Unity.IO.LowLevel.Unsafe.FileHandle& fileHandle
[Debug  :Il2CppInteropGen] Method System.Void Unity.IO.LowLevel.Unsafe.AsyncReadManager::OpenFileAsync_Internal_Injected(System.String, Unity.IO.LowLevel.Unsafe.FileHandle&) has unsupported parameter type Unity.IO.LowLevel.Unsafe.FileHandle& ret
[Debug  :Il2CppInteropGen] Method System.Void Unity.IO.LowLevel.Unsafe.AsyncReadManager::CloseFileAsync_Injected(Unity.IO.LowLevel.Unsafe.FileHandle&, Unity.Jobs.JobHandle&, Unity.Jobs.JobHandle&) has unsupported parameter type Unity.IO.LowLevel.Unsafe.FileHandle& fileHandle
[Debug  :Il2CppInteropGen] Method System.Boolean Unity.IO.LowLevel.Unsafe.VirtualFileSystem::GetLocalFileSystemName(System.String, System.String&, System.UInt64&, System.UInt64&) has a reference-typed ref parameter, this will be ignored
[Debug  :Il2CppInteropGen] Method Unity.IO.Archive.ArchiveHandle Unity.IO.Archive.ArchiveFileInterface::MountAsync(Unity.Content.ContentNamespace, System.String, System.String) has unsupported parameter type Unity.Content.ContentNamespace namespaceId
[Debug  :Il2CppInteropGen] Method Unity.IO.Archive.ArchiveHandle[] Unity.IO.Archive.ArchiveFileInterface::GetMountedArchives(Unity.Content.ContentNamespace) has unsupported parameter type Unity.Content.ContentNamespace namespaceId
[Debug  :Il2CppInteropGen] Method System.Void Unity.IO.Archive.ArchiveFileInterface::MountAsync_Injected(Unity.Content.ContentNamespace&, System.String, System.String, Unity.IO.Archive.ArchiveHandle&) has unsupported parameter type Unity.Content.ContentNamespace& namespaceId
[Debug  :Il2CppInteropGen] Method Unity.IO.Archive.ArchiveHandle[] Unity.IO.Archive.ArchiveFileInterface::GetMountedArchives_Injected(Unity.Content.ContentNamespace&) has unsupported parameter type Unity.Content.ContentNamespace& namespaceId
[Debug  :Il2CppInteropGen] Method System.String Unity.Burst.LowLevel.BurstCompilerService::InitializeInternal(System.String, Unity.Burst.LowLevel.BurstCompilerService+ExtractCompilerFlags) has unsupported parameter type Unity.Burst.LowLevel.BurstCompilerService+ExtractCompilerFlags extractCompilerFlags
[Debug  :Il2CppInteropGen] Method System.Void Unity.Burst.LowLevel.BurstCompilerService::Initialize(System.String, Unity.Burst.LowLevel.BurstCompilerService+ExtractCompilerFlags) has unsupported parameter type Unity.Burst.LowLevel.BurstCompilerService+ExtractCompilerFlags extractCompilerFlags
[Debug  :Il2CppInteropGen] Method System.Boolean UnityEngine.Application::RequestAdvertisingIdentifierAsync(UnityEngine.Application+AdvertisingIdentifierCallback) has unsupported parameter type UnityEngine.Application+AdvertisingIdentifierCallback delegateMethod
[Debug  :Il2CppInteropGen] Method System.Boolean UnityEngine.Caching::IsVersionCached(UnityEngine.CachedAssetBundle) has unsupported parameter type UnityEngine.CachedAssetBundle cachedBundle
[Debug  :Il2CppInteropGen] Method System.Boolean UnityEngine.Caching::MarkAsUsed(UnityEngine.CachedAssetBundle) has unsupported parameter type UnityEngine.CachedAssetBundle cachedBundle
[Debug  :Il2CppInteropGen] Method UnityEngine.Cache UnityEngine.Caching::AddCache(System.String) has unsupported return type UnityEngine.Cache
[Debug  :Il2CppInteropGen] Method UnityEngine.Cache UnityEngine.Caching::AddCache(System.String, System.Boolean) has unsupported return type UnityEngine.Cache
[Debug  :Il2CppInteropGen] Method UnityEngine.Cache UnityEngine.Caching::GetCacheAt(System.Int32) has unsupported return type UnityEngine.Cache
[Debug  :Il2CppInteropGen] Method UnityEngine.Cache UnityEngine.Caching::GetCacheByPath(System.String) has unsupported return type UnityEngine.Cache
[Debug  :Il2CppInteropGen] Method System.Boolean UnityEngine.Caching::RemoveCache(UnityEngine.Cache) has unsupported parameter type UnityEngine.Cache cache
[Debug  :Il2CppInteropGen] Method System.Void UnityEngine.Caching::MoveCacheBefore(UnityEngine.Cache, UnityEngine.Cache) has unsupported parameter type UnityEngine.Cache src
[Debug  :Il2CppInteropGen] Method System.Void UnityEngine.Caching::MoveCacheAfter(UnityEngine.Cache, UnityEngine.Cache) has unsupported parameter type UnityEngine.Cache src
[Debug  :Il2CppInteropGen] Method UnityEngine.Cache UnityEngine.Caching::get_defaultCache() has unsupported return type UnityEngine.Cache
[Debug  :Il2CppInteropGen] Method UnityEngine.Cache UnityEngine.Caching::get_currentCacheForWriting() has unsupported return type UnityEngine.Cache
[Debug  :Il2CppInteropGen] Method System.Void UnityEngine.Caching::set_currentCacheForWriting(UnityEngine.Cache) has unsupported parameter type UnityEngine.Cache value
[Debug  :Il2CppInteropGen] Method System.Void UnityEngine.Caching::AddCache_Injected(System.String, System.Boolean, UnityEngine.Cache&) has unsupported parameter type UnityEngine.Cache& ret
[Debug  :Il2CppInteropGen] Method System.Void UnityEngine.Caching::GetCacheAt_Injected(System.Int32, UnityEngine.Cache&) has unsupported parameter type UnityEngine.Cache& ret
[Debug  :Il2CppInteropGen] Method System.Void UnityEngine.Caching::GetCacheByPath_Injected(System.String, UnityEngine.Cache&) has unsupported parameter type UnityEngine.Cache& ret
[Debug  :Il2CppInteropGen] Method System.Boolean UnityEngine.Caching::RemoveCache_Injected(UnityEngine.Cache&) has unsupported parameter type UnityEngine.Cache& cache
[Debug  :Il2CppInteropGen] Method System.Void UnityEngine.Caching::MoveCacheBefore_Injected(UnityEngine.Cache&, UnityEngine.Cache&) has unsupported parameter type UnityEngine.Cache& src
[Debug  :Il2CppInteropGen] Method System.Void UnityEngine.Caching::MoveCacheAfter_Injected(UnityEngine.Cache&, UnityEngine.Cache&) has unsupported parameter type UnityEngine.Cache& src
[Debug  :Il2CppInteropGen] Method System.Void UnityEngine.Caching::get_defaultCache_Injected(UnityEngine.Cache&) has unsupported parameter type UnityEngine.Cache& ret
[Debug  :Il2CppInteropGen] Method System.Void UnityEngine.Caching::get_currentCacheForWriting_Injected(UnityEngine.Cache&) has unsupported parameter type UnityEngine.Cache& ret
[Debug  :Il2CppInteropGen] Method System.Void UnityEngine.Caching::set_currentCacheForWriting_Injected(UnityEngine.Cache&) has unsupported parameter type UnityEngine.Cache& value
[Debug  :Il2CppInteropGen] Method System.Void UnityEngine.Camera::CalculateProjectionMatrixFromPhysicalProperties(UnityEngine.Matrix4x4&, System.Single, UnityEngine.Vector2, UnityEngine.Vector2, System.Single, System.Single, UnityEngine.Camera+GateFitParameters) has unsupported parameter type UnityEngine.Camera+GateFitParameters gateFitParameters
[Debug  :Il2CppInteropGen] Method System.Void UnityEngine.Camera::SubmitRenderRequests(System.Collections.Generic.List`1<UnityEngine.Camera+RenderRequest>) has unsupported parameter type System.Collections.Generic.List`1<UnityEngine.Camera+RenderRequest> renderRequests
[Debug  :Il2CppInteropGen] Method UnityEngine.DisplayInfo UnityEngine.Screen::get_mainWindowDisplayInfo() has unsupported return type UnityEngine.DisplayInfo
[Debug  :Il2CppInteropGen] Method System.Void UnityEngine.Screen::GetDisplayLayout(System.Collections.Generic.List`1<UnityEngine.DisplayInfo>) has unsupported parameter type System.Collections.Generic.List`1<UnityEngine.DisplayInfo> displayLayout
[Debug  :Il2CppInteropGen] Method UnityEngine.AsyncOperation UnityEngine.Screen::MoveMainWindowTo(UnityEngine.DisplayInfo&, UnityEngine.Vector2Int) has unsupported parameter type UnityEngine.DisplayInfo& display
[Debug  :Il2CppInteropGen] Method UnityEngine.DisplayInfo UnityEngine.Screen::GetMainWindowDisplayInfo() has unsupported return type UnityEngine.DisplayInfo
[Debug  :Il2CppInteropGen] Method System.Void UnityEngine.Screen::GetDisplayLayoutImpl(System.Collections.Generic.List`1<UnityEngine.DisplayInfo>) has unsupported parameter type System.Collections.Generic.List`1<UnityEngine.DisplayInfo> displayLayout
[Debug  :Il2CppInteropGen] Method UnityEngine.AsyncOperation UnityEngine.Screen::MoveMainWindowImpl(UnityEngine.DisplayInfo&, UnityEngine.Vector2Int) has unsupported parameter type UnityEngine.DisplayInfo& display
[Debug  :Il2CppInteropGen] Method System.Void UnityEngine.Screen::GetMainWindowDisplayInfo_Injected(UnityEngine.DisplayInfo&) has unsupported parameter type UnityEngine.DisplayInfo& ret
[Debug  :Il2CppInteropGen] Method UnityEngine.AsyncOperation UnityEngine.Screen::MoveMainWindowImpl_Injected(UnityEngine.DisplayInfo&, UnityEngine.Vector2Int&) has unsupported parameter type UnityEngine.DisplayInfo& display
[Debug  :Il2CppInteropGen] Method System.Void UnityEngine.Graphics::SetRenderTargetImpl(UnityEngine.RenderTargetSetup) has unsupported parameter type UnityEngine.RenderTargetSetup setup
[Debug  :Il2CppInteropGen] Method System.Void UnityEngine.Graphics::SetRenderTarget(UnityEngine.RenderTargetSetup) has unsupported parameter type UnityEngine.RenderTargetSetup setup
[Debug  :Il2CppInteropGen] Method System.Void UnityEngine.Graphics::Internal_RenderMeshInstanced_Injected(UnityEngine.RenderParams&, UnityEngine.Mesh, System.Int32, System.IntPtr, UnityEngine.RenderInstancedDataLayout&, System.UInt32) has a reference-typed ref parameter, this will be ignored
[Debug  :Il2CppInteropGen] Method System.Void UnityEngine.Graphics::Internal_RenderMeshPrimitives_Injected(UnityEngine.RenderParams&, UnityEngine.Mesh, System.Int32, System.Int32) has a reference-typed ref parameter, this will be ignored
[Debug  :Il2CppInteropGen] Method System.Void UnityEngine.Graphics::Internal_RenderPrimitivesIndexed_Injected(UnityEngine.RenderParams&, UnityEngine.MeshTopology, UnityEngine.GraphicsBuffer, System.Int32, System.Int32, System.Int32) has a reference-typed ref parameter, this will be ignored
[Debug  :Il2CppInteropGen] Method System.Void UnityEngine.Graphics::Internal_RenderPrimitivesIndirect_Injected(UnityEngine.RenderParams&, UnityEngine.MeshTopology, UnityEngine.GraphicsBuffer, System.Int32, System.Int32) has a reference-typed ref parameter, this will be ignored
[Debug  :Il2CppInteropGen] Method System.Void UnityEngine.Graphics::Internal_RenderPrimitivesIndexedIndirect_Injected(UnityEngine.RenderParams&, UnityEngine.MeshTopology, UnityEngine.GraphicsBuffer, UnityEngine.GraphicsBuffer, System.Int32, System.Int32) has a reference-typed ref parameter, this will be ignored
[Debug  :Il2CppInteropGen] Method System.Void UnityEngine.QualitySettings::SetTextureMipmapLimitSettings(System.String, UnityEngine.TextureMipmapLimitSettings) has unsupported parameter type UnityEngine.TextureMipmapLimitSettings textureMipmapLimitSettings
[Debug  :Il2CppInteropGen] Method UnityEngine.TextureMipmapLimitSettings UnityEngine.QualitySettings::GetTextureMipmapLimitSettings(System.String) has unsupported return type UnityEngine.TextureMipmapLimitSettings
[Debug  :Il2CppInteropGen] Method System.Void UnityEngine.QualitySettings::SetTextureMipmapLimitSettings_Injected(System.String, UnityEngine.TextureMipmapLimitSettings&) has unsupported parameter type UnityEngine.TextureMipmapLimitSettings& textureMipmapLimitSettings
[Debug  :Il2CppInteropGen] Method System.Void UnityEngine.QualitySettings::GetTextureMipmapLimitSettings_Injected(System.String, UnityEngine.TextureMipmapLimitSettings&) has unsupported parameter type UnityEngine.TextureMipmapLimitSettings& ret
[Debug  :Il2CppInteropGen] Method System.Void UnityEngine.Shader::EnableKeywordFast_Injected(UnityEngine.Rendering.GlobalKeyword&) has a reference-typed ref parameter, this will be ignored
[Debug  :Il2CppInteropGen] Method System.Void UnityEngine.Shader::DisableKeywordFast_Injected(UnityEngine.Rendering.GlobalKeyword&) has a reference-typed ref parameter, this will be ignored
[Debug  :Il2CppInteropGen] Method System.Boolean UnityEngine.Shader::IsKeywordEnabledFast_Injected(UnityEngine.Rendering.GlobalKeyword&) has a reference-typed ref parameter, this will be ignored
[Debug  :Il2CppInteropGen] Method UnityEngine.GraphicsBufferHandle UnityEngine.Material::GetBufferImpl(System.Int32) has unsupported return type UnityEngine.GraphicsBufferHandle
[Debug  :Il2CppInteropGen] Method UnityEngine.GraphicsBufferHandle UnityEngine.Material::GetConstantBufferImpl(System.Int32) has unsupported return type UnityEngine.GraphicsBufferHandle
[Debug  :Il2CppInteropGen] Method UnityEngine.GraphicsBufferHandle UnityEngine.Material::GetBuffer(System.String) has unsupported return type UnityEngine.GraphicsBufferHandle
[Debug  :Il2CppInteropGen] Method UnityEngine.GraphicsBufferHandle UnityEngine.Material::GetConstantBuffer(System.String) has unsupported return type UnityEngine.GraphicsBufferHandle
[Debug  :Il2CppInteropGen] Method System.Void UnityEngine.Material::EnableLocalKeyword_Injected(UnityEngine.Rendering.LocalKeyword&) has a reference-typed ref parameter, this will be ignored
[Debug  :Il2CppInteropGen] Method System.Void UnityEngine.Material::DisableLocalKeyword_Injected(UnityEngine.Rendering.LocalKeyword&) has a reference-typed ref parameter, this will be ignored
[Debug  :Il2CppInteropGen] Method System.Void UnityEngine.Material::SetLocalKeyword_Injected(UnityEngine.Rendering.LocalKeyword&, System.Boolean) has a reference-typed ref parameter, this will be ignored
[Debug  :Il2CppInteropGen] Method System.Boolean UnityEngine.Material::IsLocalKeywordEnabled_Injected(UnityEngine.Rendering.LocalKeyword&) has a reference-typed ref parameter, this will be ignored
[Debug  :Il2CppInteropGen] Method System.Void UnityEngine.Material::GetBufferImpl_Injected(System.Int32, UnityEngine.GraphicsBufferHandle&) has unsupported parameter type UnityEngine.GraphicsBufferHandle& ret
[Debug  :Il2CppInteropGen] Method System.Void UnityEngine.Material::GetConstantBufferImpl_Injected(System.Int32, UnityEngine.GraphicsBufferHandle&) has unsupported parameter type UnityEngine.GraphicsBufferHandle& ret
[Debug  :Il2CppInteropGen] Method UnityEngine.GraphicsBufferHandle UnityEngine.GraphicsBuffer::get_bufferHandle() has unsupported return type UnityEngine.GraphicsBufferHandle
[Debug  :Il2CppInteropGen] Method System.Void UnityEngine.GraphicsBuffer::get_bufferHandle_Injected(UnityEngine.GraphicsBufferHandle&) has unsupported parameter type UnityEngine.GraphicsBufferHandle& ret
[Debug  :Il2CppInteropGen] Method UnityEngine.LOD[] UnityEngine.LODGroup::GetLODs() has unsupported return type UnityEngine.LOD[]
[Debug  :Il2CppInteropGen] Method System.Void UnityEngine.LODGroup::SetLODS(UnityEngine.LOD[]) has unsupported parameter type UnityEngine.LOD[] lods
[Debug  :Il2CppInteropGen] Method System.Void UnityEngine.LODGroup::SetLODs(UnityEngine.LOD[]) has unsupported parameter type UnityEngine.LOD[] lods
[Debug  :Il2CppInteropGen] Method UnityEngine.BlendShape UnityEngine.Mesh::GetBlendShapeOffsetInternal(System.Int32) has unsupported return type UnityEngine.BlendShape
[Debug  :Il2CppInteropGen] Method UnityEngine.Mesh+MeshDataArray UnityEngine.Mesh::AcquireReadOnlyMeshData(UnityEngine.Mesh) has unsupported return type UnityEngine.Mesh+MeshDataArray
[Debug  :Il2CppInteropGen] Method UnityEngine.Mesh+MeshDataArray UnityEngine.Mesh::AcquireReadOnlyMeshData(UnityEngine.Mesh[]) has unsupported return type UnityEngine.Mesh+MeshDataArray
[Debug  :Il2CppInteropGen] Method UnityEngine.Mesh+MeshDataArray UnityEngine.Mesh::AcquireReadOnlyMeshData(System.Collections.Generic.List`1<UnityEngine.Mesh>) has unsupported return type UnityEngine.Mesh+MeshDataArray
[Debug  :Il2CppInteropGen] Method UnityEngine.Mesh+MeshDataArray UnityEngine.Mesh::AllocateWritableMeshData(System.Int32) has unsupported return type UnityEngine.Mesh+MeshDataArray
[Debug  :Il2CppInteropGen] Method System.Void UnityEngine.Mesh::ApplyAndDisposeWritableMeshData(UnityEngine.Mesh+MeshDataArray, UnityEngine.Mesh, UnityEngine.Rendering.MeshUpdateFlags) has unsupported parameter type UnityEngine.Mesh+MeshDataArray data
[Debug  :Il2CppInteropGen] Method System.Void UnityEngine.Mesh::ApplyAndDisposeWritableMeshData(UnityEngine.Mesh+MeshDataArray, UnityEngine.Mesh[], UnityEngine.Rendering.MeshUpdateFlags) has unsupported parameter type UnityEngine.Mesh+MeshDataArray data
[Debug  :Il2CppInteropGen] Method System.Void UnityEngine.Mesh::ApplyAndDisposeWritableMeshData(UnityEngine.Mesh+MeshDataArray, System.Collections.Generic.List`1<UnityEngine.Mesh>, UnityEngine.Rendering.MeshUpdateFlags) has unsupported parameter type UnityEngine.Mesh+MeshDataArray data
[Debug  :Il2CppInteropGen] Method UnityEngine.BlendShapeBufferRange UnityEngine.Mesh::GetBlendShapeBufferRange(System.Int32) has unsupported return type UnityEngine.BlendShapeBufferRange
[Debug  :Il2CppInteropGen] Method System.Void UnityEngine.Mesh::GetBlendShapeOffsetInternal_Injected(System.Int32, UnityEngine.BlendShape&) has unsupported parameter type UnityEngine.BlendShape& ret
[Debug  :Il2CppInteropGen] Method System.Void UnityEngine.CustomRenderTexture::GetUpdateZones(System.Collections.Generic.List`1<UnityEngine.CustomRenderTextureUpdateZone>) has unsupported parameter type System.Collections.Generic.List`1<UnityEngine.CustomRenderTextureUpdateZone> updateZones
[Debug  :Il2CppInteropGen] Method System.Void UnityEngine.CustomRenderTexture::SetUpdateZonesInternal(UnityEngine.CustomRenderTextureUpdateZone[]) has unsupported parameter type UnityEngine.CustomRenderTextureUpdateZone[] updateZones
[Debug  :Il2CppInteropGen] Method System.Void UnityEngine.CustomRenderTexture::SetUpdateZones(UnityEngine.CustomRenderTextureUpdateZone[]) has unsupported parameter type UnityEngine.CustomRenderTextureUpdateZone[] updateZones
[Debug  :Il2CppInteropGen] Method UnityEngine.AsyncInstantiateOperation`1<!!0> UnityEngine.Object::InstantiateAsync<T>(!!0) has unsupported return type UnityEngine.AsyncInstantiateOperation`1<!!0>
[Debug  :Il2CppInteropGen] Method UnityEngine.AsyncInstantiateOperation`1<!!0> UnityEngine.Object::InstantiateAsync<T>(!!0, UnityEngine.Transform) has unsupported return type UnityEngine.AsyncInstantiateOperation`1<!!0>
[Debug  :Il2CppInteropGen] Method UnityEngine.AsyncInstantiateOperation`1<!!0> UnityEngine.Object::InstantiateAsync<T>(!!0, UnityEngine.Vector3, UnityEngine.Quaternion) has unsupported return type UnityEngine.AsyncInstantiateOperation`1<!!0>
[Debug  :Il2CppInteropGen] Method UnityEngine.AsyncInstantiateOperation`1<!!0> UnityEngine.Object::InstantiateAsync<T>(!!0, UnityEngine.Transform, UnityEngine.Vector3, UnityEngine.Quaternion) has unsupported return type UnityEngine.AsyncInstantiateOperation`1<!!0>
[Debug  :Il2CppInteropGen] Method UnityEngine.AsyncInstantiateOperation`1<!!0> UnityEngine.Object::InstantiateAsync<T>(!!0, System.Int32) has unsupported return type UnityEngine.AsyncInstantiateOperation`1<!!0>
[Debug  :Il2CppInteropGen] Method UnityEngine.AsyncInstantiateOperation`1<!!0> UnityEngine.Object::InstantiateAsync<T>(!!0, System.Int32, UnityEngine.Transform) has unsupported return type UnityEngine.AsyncInstantiateOperation`1<!!0>
[Debug  :Il2CppInteropGen] Method UnityEngine.AsyncInstantiateOperation`1<!!0> UnityEngine.Object::InstantiateAsync<T>(!!0, System.Int32, UnityEngine.Vector3, UnityEngine.Quaternion) has unsupported return type UnityEngine.AsyncInstantiateOperation`1<!!0>
[Debug  :Il2CppInteropGen] Method UnityEngine.AsyncInstantiateOperation`1<!!0> UnityEngine.Object::InstantiateAsync<T>(!!0, System.Int32, System.ReadOnlySpan`1<UnityEngine.Vector3>, System.ReadOnlySpan`1<UnityEngine.Quaternion>) has unsupported return type UnityEngine.AsyncInstantiateOperation`1<!!0>
[Debug  :Il2CppInteropGen] Method UnityEngine.AsyncInstantiateOperation`1<!!0> UnityEngine.Object::InstantiateAsync<T>(!!0, System.Int32, UnityEngine.Transform, UnityEngine.Vector3, UnityEngine.Quaternion) has unsupported return type UnityEngine.AsyncInstantiateOperation`1<!!0>
[Debug  :Il2CppInteropGen] Method UnityEngine.AsyncInstantiateOperation`1<!!0> UnityEngine.Object::InstantiateAsync<T>(!!0, System.Int32, UnityEngine.Transform, System.ReadOnlySpan`1<UnityEngine.Vector3>, System.ReadOnlySpan`1<UnityEngine.Quaternion>) has unsupported return type UnityEngine.AsyncInstantiateOperation`1<!!0>
[Debug  :Il2CppInteropGen] Method System.Void UnityEngine.ComputeShader::EnableLocalKeyword_Injected(UnityEngine.Rendering.LocalKeyword&) has a reference-typed ref parameter, this will be ignored
[Debug  :Il2CppInteropGen] Method System.Void UnityEngine.ComputeShader::DisableLocalKeyword_Injected(UnityEngine.Rendering.LocalKeyword&) has a reference-typed ref parameter, this will be ignored
[Debug  :Il2CppInteropGen] Method System.Void UnityEngine.ComputeShader::SetLocalKeyword_Injected(UnityEngine.Rendering.LocalKeyword&, System.Boolean) has a reference-typed ref parameter, this will be ignored
[Debug  :Il2CppInteropGen] Method System.Boolean UnityEngine.ComputeShader::IsLocalKeywordEnabled_Injected(UnityEngine.Rendering.LocalKeyword&) has a reference-typed ref parameter, this will be ignored
[Debug  :Il2CppInteropGen] Method System.Boolean UnityEngine.ShaderVariantCollection::Add(UnityEngine.ShaderVariantCollection+ShaderVariant) has unsupported parameter type UnityEngine.ShaderVariantCollection+ShaderVariant variant
[Debug  :Il2CppInteropGen] Method System.Boolean UnityEngine.ShaderVariantCollection::Remove(UnityEngine.ShaderVariantCollection+ShaderVariant) has unsupported parameter type UnityEngine.ShaderVariantCollection+ShaderVariant variant
[Debug  :Il2CppInteropGen] Method System.Boolean UnityEngine.ShaderVariantCollection::Contains(UnityEngine.ShaderVariantCollection+ShaderVariant) has unsupported parameter type UnityEngine.ShaderVariantCollection+ShaderVariant variant
[Debug  :Il2CppInteropGen] Method UnityEngine.Mesh+MeshDataArray UnityEngine.SpriteRenderer::GetCurrentMeshData() has unsupported return type UnityEngine.Mesh+MeshDataArray
[Debug  :Il2CppInteropGen] Method UnityEngine.U2D.SpriteChannelInfo UnityEngine.U2D.SpriteDataAccessExtensions::GetBindPoseInfo(UnityEngine.Sprite) has unsupported return type UnityEngine.U2D.SpriteChannelInfo
[Debug  :Il2CppInteropGen] Method UnityEngine.U2D.SpriteChannelInfo UnityEngine.U2D.SpriteDataAccessExtensions::GetIndicesInfo(UnityEngine.Sprite) has unsupported return type UnityEngine.U2D.SpriteChannelInfo
[Debug  :Il2CppInteropGen] Method UnityEngine.U2D.SpriteChannelInfo UnityEngine.U2D.SpriteDataAccessExtensions::GetChannelInfo(UnityEngine.Sprite, UnityEngine.Rendering.VertexAttribute) has unsupported return type UnityEngine.U2D.SpriteChannelInfo
[Debug  :Il2CppInteropGen] Method System.Void UnityEngine.U2D.SpriteDataAccessExtensions::GetBindPoseInfo_Injected(UnityEngine.Sprite, UnityEngine.U2D.SpriteChannelInfo&) has unsupported parameter type UnityEngine.U2D.SpriteChannelInfo& ret
[Debug  :Il2CppInteropGen] Method System.Void UnityEngine.U2D.SpriteDataAccessExtensions::GetIndicesInfo_Injected(UnityEngine.Sprite, UnityEngine.U2D.SpriteChannelInfo&) has unsupported parameter type UnityEngine.U2D.SpriteChannelInfo& ret
[Debug  :Il2CppInteropGen] Method System.Void UnityEngine.U2D.SpriteDataAccessExtensions::GetChannelInfo_Injected(UnityEngine.Sprite, UnityEngine.Rendering.VertexAttribute, UnityEngine.U2D.SpriteChannelInfo&) has unsupported parameter type UnityEngine.U2D.SpriteChannelInfo& ret
[Debug  :Il2CppInteropGen] Method System.Void UnityEngine.Windows.WebCam.PhotoCapture::StartPhotoModeAsync(UnityEngine.Windows.WebCam.CameraParameters, UnityEngine.Windows.WebCam.PhotoCapture+OnPhotoModeStartedCallback) has unsupported parameter type UnityEngine.Windows.WebCam.CameraParameters setupParams
[Debug  :Il2CppInteropGen] Method System.Void UnityEngine.Windows.WebCam.PhotoCapture::StartPhotoMode_Internal(UnityEngine.Windows.WebCam.CameraParameters, UnityEngine.Windows.WebCam.PhotoCapture+OnPhotoModeStartedCallback) has unsupported parameter type UnityEngine.Windows.WebCam.CameraParameters setupParams
[Debug  :Il2CppInteropGen] Method System.Void UnityEngine.Windows.WebCam.PhotoCapture::StartPhotoMode_Internal_Injected(UnityEngine.Windows.WebCam.CameraParameters&, UnityEngine.Windows.WebCam.PhotoCapture+OnPhotoModeStartedCallback) has unsupported parameter type UnityEngine.Windows.WebCam.CameraParameters& setupParams
[Debug  :Il2CppInteropGen] Method System.Void UnityEngine.Windows.WebCam.VideoCapture::StartVideoModeAsync(UnityEngine.Windows.WebCam.CameraParameters, UnityEngine.Windows.WebCam.VideoCapture+AudioState, UnityEngine.Windows.WebCam.VideoCapture+OnVideoModeStartedCallback) has unsupported parameter type UnityEngine.Windows.WebCam.CameraParameters setupParams
[Debug  :Il2CppInteropGen] Method System.Void UnityEngine.Windows.WebCam.VideoCapture::StartVideoMode_Internal(UnityEngine.Windows.WebCam.CameraParameters, UnityEngine.Windows.WebCam.VideoCapture+AudioState, UnityEngine.Windows.WebCam.VideoCapture+OnVideoModeStartedCallback) has unsupported parameter type UnityEngine.Windows.WebCam.CameraParameters cameraParameters
[Debug  :Il2CppInteropGen] Method System.Void UnityEngine.Windows.WebCam.VideoCapture::StartVideoMode_Internal_Injected(UnityEngine.Windows.WebCam.CameraParameters&, UnityEngine.Windows.WebCam.VideoCapture+AudioState, UnityEngine.Windows.WebCam.VideoCapture+OnVideoModeStartedCallback) has unsupported parameter type UnityEngine.Windows.WebCam.CameraParameters& cameraParameters
[Debug  :Il2CppInteropGen] Method System.Void UnityEngine.Rendering.CommandBuffer::Internal_SetComputeGraphicsBufferHandleParam(UnityEngine.ComputeShader, System.Int32, System.Int32, UnityEngine.GraphicsBufferHandle) has unsupported parameter type UnityEngine.GraphicsBufferHandle bufferHandle
[Debug  :Il2CppInteropGen] Method System.Void UnityEngine.Rendering.CommandBuffer::SetRenderTarget(UnityEngine.Rendering.RenderTargetBinding, System.Int32, UnityEngine.CubemapFace, System.Int32) has unsupported parameter type UnityEngine.Rendering.RenderTargetBinding binding
[Debug  :Il2CppInteropGen] Method System.Void UnityEngine.Rendering.CommandBuffer::SetRenderTarget(UnityEngine.Rendering.RenderTargetBinding) has unsupported parameter type UnityEngine.Rendering.RenderTargetBinding binding
[Debug  :Il2CppInteropGen] Method System.Void UnityEngine.Rendering.CommandBuffer::SetComputeBufferParam(UnityEngine.ComputeShader, System.Int32, System.Int32, UnityEngine.GraphicsBufferHandle) has unsupported parameter type UnityEngine.GraphicsBufferHandle bufferHandle
[Debug  :Il2CppInteropGen] Method System.Void UnityEngine.Rendering.CommandBuffer::SetComputeBufferParam(UnityEngine.ComputeShader, System.Int32, System.String, UnityEngine.GraphicsBufferHandle) has unsupported parameter type UnityEngine.GraphicsBufferHandle bufferHandle
[Debug  :Il2CppInteropGen] Method System.Void UnityEngine.Rendering.CommandBuffer::Internal_SetComputeGraphicsBufferHandleParam_Injected(UnityEngine.ComputeShader, System.Int32, System.Int32, UnityEngine.GraphicsBufferHandle&) has unsupported parameter type UnityEngine.GraphicsBufferHandle& bufferHandle
[Debug  :Il2CppInteropGen] Method System.Void UnityEngine.Rendering.CommandBuffer::EnableGlobalKeyword_Injected(UnityEngine.Rendering.GlobalKeyword&) has a reference-typed ref parameter, this will be ignored
[Debug  :Il2CppInteropGen] Method System.Void UnityEngine.Rendering.CommandBuffer::EnableMaterialKeyword_Injected(UnityEngine.Material, UnityEngine.Rendering.LocalKeyword&) has a reference-typed ref parameter, this will be ignored
[Debug  :Il2CppInteropGen] Method System.Void UnityEngine.Rendering.CommandBuffer::DisableGlobalKeyword_Injected(UnityEngine.Rendering.GlobalKeyword&) has a reference-typed ref parameter, this will be ignored
[Debug  :Il2CppInteropGen] Method System.Void UnityEngine.Rendering.CommandBuffer::DisableMaterialKeyword_Injected(UnityEngine.Material, UnityEngine.Rendering.LocalKeyword&) has a reference-typed ref parameter, this will be ignored
[Debug  :Il2CppInteropGen] Method System.Void UnityEngine.Rendering.CommandBuffer::SetGlobalKeyword_Injected(UnityEngine.Rendering.GlobalKeyword&, System.Boolean) has a reference-typed ref parameter, this will be ignored
[Debug  :Il2CppInteropGen] Method System.Void UnityEngine.Rendering.CommandBuffer::SetComputeKeyword_Injected(UnityEngine.ComputeShader, UnityEngine.Rendering.LocalKeyword&, System.Boolean) has a reference-typed ref parameter, this will be ignored
[Debug  :Il2CppInteropGen] Method System.Void UnityEngine.Rendering.ScriptableRenderContext::BeginRenderPass(System.Int32, System.Int32, System.Int32, System.Int32, Unity.Collections.NativeArray`1<UnityEngine.Rendering.AttachmentDescriptor>, System.Int32) has unsupported parameter type Unity.Collections.NativeArray`1<UnityEngine.Rendering.AttachmentDescriptor> attachments
[Debug  :Il2CppInteropGen] Method System.Void UnityEngine.Rendering.ScriptableRenderContext::BeginRenderPass(System.Int32, System.Int32, System.Int32, Unity.Collections.NativeArray`1<UnityEngine.Rendering.AttachmentDescriptor>, System.Int32) has unsupported parameter type Unity.Collections.NativeArray`1<UnityEngine.Rendering.AttachmentDescriptor> attachments
[Debug  :Il2CppInteropGen] Method UnityEngine.Rendering.ScopedRenderPass UnityEngine.Rendering.ScriptableRenderContext::BeginScopedRenderPass(System.Int32, System.Int32, System.Int32, Unity.Collections.NativeArray`1<UnityEngine.Rendering.AttachmentDescriptor>, System.Int32) has unsupported parameter type Unity.Collections.NativeArray`1<UnityEngine.Rendering.AttachmentDescriptor> attachments
[Debug  :Il2CppInteropGen] Method UnityEngine.Rendering.ThreadedBatchContext UnityEngine.Rendering.BatchRendererGroup::GetThreadedBatchContext() has unsupported return type UnityEngine.Rendering.ThreadedBatchContext
[Debug  :Il2CppInteropGen] Method UnityEngine.Rendering.BatchID UnityEngine.Rendering.BatchRendererGroup::AddDrawCommandBatch(System.IntPtr, System.Int32, UnityEngine.GraphicsBufferHandle, System.UInt32, System.UInt32) has unsupported parameter type UnityEngine.GraphicsBufferHandle buffer
[Debug  :Il2CppInteropGen] Method UnityEngine.Rendering.BatchID UnityEngine.Rendering.BatchRendererGroup::AddBatch(Unity.Collections.NativeArray`1<UnityEngine.Rendering.MetadataValue>, UnityEngine.GraphicsBufferHandle) has unsupported parameter type Unity.Collections.NativeArray`1<UnityEngine.Rendering.MetadataValue> batchMetadata
[Debug  :Il2CppInteropGen] Method UnityEngine.Rendering.BatchID UnityEngine.Rendering.BatchRendererGroup::AddBatch(Unity.Collections.NativeArray`1<UnityEngine.Rendering.MetadataValue>, UnityEngine.GraphicsBufferHandle, System.UInt32, System.UInt32) has unsupported parameter type Unity.Collections.NativeArray`1<UnityEngine.Rendering.MetadataValue> batchMetadata
[Debug  :Il2CppInteropGen] Method System.Void UnityEngine.Rendering.BatchRendererGroup::SetDrawCommandBatchBuffer(UnityEngine.Rendering.BatchID, UnityEngine.GraphicsBufferHandle) has unsupported parameter type UnityEngine.GraphicsBufferHandle buffer
[Debug  :Il2CppInteropGen] Method System.Void UnityEngine.Rendering.BatchRendererGroup::SetBatchBuffer(UnityEngine.Rendering.BatchID, UnityEngine.GraphicsBufferHandle) has unsupported parameter type UnityEngine.GraphicsBufferHandle buffer
[Debug  :Il2CppInteropGen] Method System.Void UnityEngine.Rendering.BatchRendererGroup::AddDrawCommandBatch_Injected(System.IntPtr, System.Int32, UnityEngine.GraphicsBufferHandle&, System.UInt32, System.UInt32, UnityEngine.Rendering.BatchID&) has unsupported parameter type UnityEngine.GraphicsBufferHandle& buffer
[Debug  :Il2CppInteropGen] Method System.Void UnityEngine.Rendering.BatchRendererGroup::SetDrawCommandBatchBuffer_Injected(UnityEngine.Rendering.BatchID&, UnityEngine.GraphicsBufferHandle&) has unsupported parameter type UnityEngine.GraphicsBufferHandle& buffer
[Debug  :Il2CppInteropGen] Method System.Boolean UnityEngine.Rendering.LocalKeyword::IsDynamic_Injected(UnityEngine.Rendering.LocalKeyword&) has a reference-typed ref parameter, this will be ignored
[Debug  :Il2CppInteropGen] Method System.Boolean UnityEngine.Rendering.LocalKeyword::IsOverridable_Injected(UnityEngine.Rendering.LocalKeyword&) has a reference-typed ref parameter, this will be ignored
[Debug  :Il2CppInteropGen] Method System.Void UnityEngine.Rendering.LocalKeywordSpace::GetKeyword_Injected(UnityEngine.Rendering.LocalKeywordSpace&, System.String, UnityEngine.Rendering.LocalKeyword&) has a reference-typed ref parameter, this will be ignored
[Debug  :Il2CppInteropGen] Method System.Boolean UnityEngine.Device.Application::RequestAdvertisingIdentifierAsync(UnityEngine.Application+AdvertisingIdentifierCallback) has unsupported parameter type UnityEngine.Application+AdvertisingIdentifierCallback delegateMethod
[Debug  :Il2CppInteropGen] Method UnityEngine.DisplayInfo UnityEngine.Device.Screen::get_mainWindowDisplayInfo() has unsupported return type UnityEngine.DisplayInfo
[Debug  :Il2CppInteropGen] Method System.Void UnityEngine.Device.Screen::GetDisplayLayout(System.Collections.Generic.List`1<UnityEngine.DisplayInfo>) has unsupported parameter type System.Collections.Generic.List`1<UnityEngine.DisplayInfo> displayLayout
[Debug  :Il2CppInteropGen] Method UnityEngine.AsyncOperation UnityEngine.Device.Screen::MoveMainWindowTo(UnityEngine.DisplayInfo&, UnityEngine.Vector2Int) has unsupported parameter type UnityEngine.DisplayInfo& display
[Debug  :Il2CppInteropGen] Method UnityEngine.TestTools.CoveredSequencePoint[] UnityEngine.TestTools.Coverage::GetSequencePointsFor_Internal(System.Reflection.MethodBase) has unsupported return type UnityEngine.TestTools.CoveredSequencePoint[]
[Debug  :Il2CppInteropGen] Method UnityEngine.TestTools.CoveredMethodStats UnityEngine.TestTools.Coverage::GetStatsFor_Internal(System.Reflection.MethodBase) has unsupported return type UnityEngine.TestTools.CoveredMethodStats
[Debug  :Il2CppInteropGen] Method UnityEngine.TestTools.CoveredSequencePoint[] UnityEngine.TestTools.Coverage::GetSequencePointsFor(System.Reflection.MethodBase) has unsupported return type UnityEngine.TestTools.CoveredSequencePoint[]
[Debug  :Il2CppInteropGen] Method UnityEngine.TestTools.CoveredMethodStats UnityEngine.TestTools.Coverage::GetStatsFor(System.Reflection.MethodBase) has unsupported return type UnityEngine.TestTools.CoveredMethodStats
[Debug  :Il2CppInteropGen] Method UnityEngine.TestTools.CoveredMethodStats[] UnityEngine.TestTools.Coverage::GetStatsFor(System.Reflection.MethodBase[]) has unsupported return type UnityEngine.TestTools.CoveredMethodStats[]
[Debug  :Il2CppInteropGen] Method UnityEngine.TestTools.CoveredMethodStats[] UnityEngine.TestTools.Coverage::GetStatsFor(System.Type) has unsupported return type UnityEngine.TestTools.CoveredMethodStats[]
[Debug  :Il2CppInteropGen] Method UnityEngine.TestTools.CoveredMethodStats[] UnityEngine.TestTools.Coverage::GetStatsForAllCoveredMethods() has unsupported return type UnityEngine.TestTools.CoveredMethodStats[]
[Debug  :Il2CppInteropGen] Method System.Void UnityEngine.TestTools.Coverage::GetStatsFor_Internal_Injected(System.Reflection.MethodBase, UnityEngine.TestTools.CoveredMethodStats&) has unsupported parameter type UnityEngine.TestTools.CoveredMethodStats& ret
[Debug  :Il2CppInteropGen] Method System.Void UnityEngine.Experimental.Rendering.ShaderWarmup::WarmupShader(UnityEngine.Shader, UnityEngine.Experimental.Rendering.ShaderWarmupSetup) has unsupported parameter type UnityEngine.Experimental.Rendering.ShaderWarmupSetup setup
[Debug  :Il2CppInteropGen] Method System.Void UnityEngine.Experimental.Rendering.ShaderWarmup::WarmupShaderFromCollection(UnityEngine.ShaderVariantCollection, UnityEngine.Shader, UnityEngine.Experimental.Rendering.ShaderWarmupSetup) has unsupported parameter type UnityEngine.Experimental.Rendering.ShaderWarmupSetup setup
[Debug  :Il2CppInteropGen] Method System.Void UnityEngine.Experimental.Rendering.ShaderWarmup::WarmupShader_Injected(UnityEngine.Shader, UnityEngine.Experimental.Rendering.ShaderWarmupSetup&) has unsupported parameter type UnityEngine.Experimental.Rendering.ShaderWarmupSetup& setup
[Debug  :Il2CppInteropGen] Method System.Void UnityEngine.Experimental.Rendering.ShaderWarmup::WarmupShaderFromCollection_Injected(UnityEngine.ShaderVariantCollection, UnityEngine.Shader, UnityEngine.Experimental.Rendering.ShaderWarmupSetup&) has unsupported parameter type UnityEngine.Experimental.Rendering.ShaderWarmupSetup& setup
[Debug  :Il2CppInteropGen] Method System.Void Unity.Audio.AudioOutputHookManager::Internal_CreateAudioOutputHook(Unity.Audio.Handle&, System.Void*, System.Void*) has unsupported parameter type Unity.Audio.Handle& outputHook
[Debug  :Il2CppInteropGen] Method System.Void Unity.Audio.AudioOutputHookManager::Internal_DisposeAudioOutputHook(Unity.Audio.Handle&) has unsupported parameter type Unity.Audio.Handle& outputHook
[Debug  :Il2CppInteropGen] Method System.Void Unity.Audio.DSPCommandBlockInternal::Internal_CreateDSPNode(Unity.Audio.Handle&, Unity.Audio.Handle&, Unity.Audio.Handle&, System.Void*, System.Void*, System.Void*, System.Int32, System.Void*, System.Int32) has unsupported parameter type Unity.Audio.Handle& graph
[Debug  :Il2CppInteropGen] Method System.Void Unity.Audio.DSPCommandBlockInternal::Internal_SetFloat(Unity.Audio.Handle&, Unity.Audio.Handle&, Unity.Audio.Handle&, System.Void*, System.UInt32, System.Single, System.UInt32) has unsupported parameter type Unity.Audio.Handle& graph
[Debug  :Il2CppInteropGen] Method System.Void Unity.Audio.DSPCommandBlockInternal::Internal_AddFloatKey(Unity.Audio.Handle&, Unity.Audio.Handle&, Unity.Audio.Handle&, System.Void*, System.UInt32, System.UInt64, System.Single) has unsupported parameter type Unity.Audio.Handle& graph
[Debug  :Il2CppInteropGen] Method System.Void Unity.Audio.DSPCommandBlockInternal::Internal_SustainFloat(Unity.Audio.Handle&, Unity.Audio.Handle&, Unity.Audio.Handle&, System.Void*, System.UInt32, System.UInt64) has unsupported parameter type Unity.Audio.Handle& graph
[Debug  :Il2CppInteropGen] Method System.Void Unity.Audio.DSPCommandBlockInternal::Internal_UpdateAudioJob(Unity.Audio.Handle&, Unity.Audio.Handle&, Unity.Audio.Handle&, System.Void*, System.Void*, System.Void*) has unsupported parameter type Unity.Audio.Handle& graph
[Debug  :Il2CppInteropGen] Method System.Void Unity.Audio.DSPCommandBlockInternal::Internal_CreateUpdateRequest(Unity.Audio.Handle&, Unity.Audio.Handle&, Unity.Audio.Handle&, Unity.Audio.Handle&, System.Object, System.Void*, System.Void*, System.Void*) has unsupported parameter type Unity.Audio.Handle& graph
[Debug  :Il2CppInteropGen] Method System.Void Unity.Audio.DSPCommandBlockInternal::Internal_ReleaseDSPNode(Unity.Audio.Handle&, Unity.Audio.Handle&, Unity.Audio.Handle&) has unsupported parameter type Unity.Audio.Handle& graph
[Debug  :Il2CppInteropGen] Method System.Void Unity.Audio.DSPCommandBlockInternal::Internal_Connect(Unity.Audio.Handle&, Unity.Audio.Handle&, Unity.Audio.Handle&, System.Int32, Unity.Audio.Handle&, System.Int32, Unity.Audio.Handle&) has unsupported parameter type Unity.Audio.Handle& graph
[Debug  :Il2CppInteropGen] Method System.Void Unity.Audio.DSPCommandBlockInternal::Internal_Disconnect(Unity.Audio.Handle&, Unity.Audio.Handle&, Unity.Audio.Handle&, System.Int32, Unity.Audio.Handle&, System.Int32) has unsupported parameter type Unity.Audio.Handle& graph
[Debug  :Il2CppInteropGen] Method System.Void Unity.Audio.DSPCommandBlockInternal::Internal_DisconnectByHandle(Unity.Audio.Handle&, Unity.Audio.Handle&, Unity.Audio.Handle&) has unsupported parameter type Unity.Audio.Handle& graph
[Debug  :Il2CppInteropGen] Method System.Void Unity.Audio.DSPCommandBlockInternal::Internal_SetAttenuation(Unity.Audio.Handle&, Unity.Audio.Handle&, Unity.Audio.Handle&, System.Void*, System.Byte, System.UInt32) has unsupported parameter type Unity.Audio.Handle& graph
[Debug  :Il2CppInteropGen] Method System.Void Unity.Audio.DSPCommandBlockInternal::Internal_AddAttenuationKey(Unity.Audio.Handle&, Unity.Audio.Handle&, Unity.Audio.Handle&, System.UInt64, System.Void*, System.Byte) has unsupported parameter type Unity.Audio.Handle& graph
[Debug  :Il2CppInteropGen] Method System.Void Unity.Audio.DSPCommandBlockInternal::Internal_SustainAttenuation(Unity.Audio.Handle&, Unity.Audio.Handle&, Unity.Audio.Handle&, System.UInt64) has unsupported parameter type Unity.Audio.Handle& graph
[Debug  :Il2CppInteropGen] Method System.Void Unity.Audio.DSPCommandBlockInternal::Internal_AddInletPort(Unity.Audio.Handle&, Unity.Audio.Handle&, Unity.Audio.Handle&, System.Int32, System.Int32) has unsupported parameter type Unity.Audio.Handle& graph
[Debug  :Il2CppInteropGen] Method System.Void Unity.Audio.DSPCommandBlockInternal::Internal_AddOutletPort(Unity.Audio.Handle&, Unity.Audio.Handle&, Unity.Audio.Handle&, System.Int32, System.Int32) has unsupported parameter type Unity.Audio.Handle& graph
[Debug  :Il2CppInteropGen] Method System.Void Unity.Audio.DSPCommandBlockInternal::Internal_SetSampleProvider(Unity.Audio.Handle&, Unity.Audio.Handle&, Unity.Audio.Handle&, System.Int32, System.Int32, System.UInt32, System.Boolean) has unsupported parameter type Unity.Audio.Handle& graph
[Debug  :Il2CppInteropGen] Method System.Void Unity.Audio.DSPCommandBlockInternal::Internal_InsertSampleProvider(Unity.Audio.Handle&, Unity.Audio.Handle&, Unity.Audio.Handle&, System.Int32, System.Int32, System.UInt32, System.Boolean) has unsupported parameter type Unity.Audio.Handle& graph
[Debug  :Il2CppInteropGen] Method System.Void Unity.Audio.DSPCommandBlockInternal::Internal_RemoveSampleProvider(Unity.Audio.Handle&, Unity.Audio.Handle&, Unity.Audio.Handle&, System.Int32, System.Int32) has unsupported parameter type Unity.Audio.Handle& graph
[Debug  :Il2CppInteropGen] Method System.Void Unity.Audio.DSPCommandBlockInternal::Internal_Complete(Unity.Audio.Handle&, Unity.Audio.Handle&) has unsupported parameter type Unity.Audio.Handle& graph
[Debug  :Il2CppInteropGen] Method System.Void Unity.Audio.DSPCommandBlockInternal::Internal_Cancel(Unity.Audio.Handle&, Unity.Audio.Handle&) has unsupported parameter type Unity.Audio.Handle& graph
[Debug  :Il2CppInteropGen] Method System.Void Unity.Audio.DSPGraphInternal::Internal_CreateDSPGraph(Unity.Audio.Handle&, System.Int32, System.UInt32, System.UInt32, System.UInt32) has unsupported parameter type Unity.Audio.Handle& graph
[Debug  :Il2CppInteropGen] Method System.Void Unity.Audio.DSPGraphInternal::Internal_DisposeDSPGraph(Unity.Audio.Handle&) has unsupported parameter type Unity.Audio.Handle& graph
[Debug  :Il2CppInteropGen] Method System.Void Unity.Audio.DSPGraphInternal::Internal_CreateDSPCommandBlock(Unity.Audio.Handle&, Unity.Audio.Handle&) has unsupported parameter type Unity.Audio.Handle& graph
[Debug  :Il2CppInteropGen] Method System.UInt32 Unity.Audio.DSPGraphInternal::Internal_AddNodeEventHandler(Unity.Audio.Handle&, System.Int64, System.Object) has unsupported parameter type Unity.Audio.Handle& graph
[Debug  :Il2CppInteropGen] Method System.Boolean Unity.Audio.DSPGraphInternal::Internal_RemoveNodeEventHandler(Unity.Audio.Handle&, System.UInt32) has unsupported parameter type Unity.Audio.Handle& graph
[Debug  :Il2CppInteropGen] Method System.Void Unity.Audio.DSPGraphInternal::Internal_GetRootDSP(Unity.Audio.Handle&, Unity.Audio.Handle&) has unsupported parameter type Unity.Audio.Handle& graph
[Debug  :Il2CppInteropGen] Method System.UInt64 Unity.Audio.DSPGraphInternal::Internal_GetDSPClock(Unity.Audio.Handle&) has unsupported parameter type Unity.Audio.Handle& graph
[Debug  :Il2CppInteropGen] Method System.Void Unity.Audio.DSPGraphInternal::Internal_BeginMix(Unity.Audio.Handle&, System.Int32, System.Int32) has unsupported parameter type Unity.Audio.Handle& graph
[Debug  :Il2CppInteropGen] Method System.Void Unity.Audio.DSPGraphInternal::Internal_ReadMix(Unity.Audio.Handle&, System.Void*, System.Int32) has unsupported parameter type Unity.Audio.Handle& graph
[Debug  :Il2CppInteropGen] Method System.Void Unity.Audio.DSPGraphInternal::Internal_Update(Unity.Audio.Handle&) has unsupported parameter type Unity.Audio.Handle& graph
[Debug  :Il2CppInteropGen] Method System.Boolean Unity.Audio.DSPGraphInternal::Internal_AssertMixerThread(Unity.Audio.Handle&) has unsupported parameter type Unity.Audio.Handle& graph
[Debug  :Il2CppInteropGen] Method System.Boolean Unity.Audio.DSPGraphInternal::Internal_AssertMainThread(Unity.Audio.Handle&) has unsupported parameter type Unity.Audio.Handle& graph
[Debug  :Il2CppInteropGen] Method Unity.Audio.Handle Unity.Audio.DSPGraphInternal::Internal_AllocateHandle(Unity.Audio.Handle&) has unsupported return type Unity.Audio.Handle
[Debug  :Il2CppInteropGen] Method System.Void Unity.Audio.DSPGraphInternal::Internal_ExecuteUpdateJob(System.Void*, System.Void*, System.Void*, System.Void*, System.Void*, Unity.Audio.Handle&, Unity.Jobs.JobHandle&) has unsupported parameter type Unity.Audio.Handle& requestHandle
[Debug  :Il2CppInteropGen] Method System.Void Unity.Audio.DSPGraphInternal::Internal_AllocateHandle_Injected(Unity.Audio.Handle&, Unity.Audio.Handle&) has unsupported parameter type Unity.Audio.Handle& graph
[Debug  :Il2CppInteropGen] Method System.Void* Unity.Audio.DSPNodeUpdateRequestHandleInternal::Internal_GetUpdateJobData(Unity.Audio.Handle&, Unity.Audio.Handle&) has unsupported parameter type Unity.Audio.Handle& graph
[Debug  :Il2CppInteropGen] Method System.Boolean Unity.Audio.DSPNodeUpdateRequestHandleInternal::Internal_HasError(Unity.Audio.Handle&, Unity.Audio.Handle&) has unsupported parameter type Unity.Audio.Handle& graph
[Debug  :Il2CppInteropGen] Method System.Void Unity.Audio.DSPNodeUpdateRequestHandleInternal::Internal_GetDSPNode(Unity.Audio.Handle&, Unity.Audio.Handle&, Unity.Audio.Handle&) has unsupported parameter type Unity.Audio.Handle& graph
[Debug  :Il2CppInteropGen] Method System.Void Unity.Audio.DSPNodeUpdateRequestHandleInternal::Internal_GetFence(Unity.Audio.Handle&, Unity.Audio.Handle&, Unity.Jobs.JobHandle&) has unsupported parameter type Unity.Audio.Handle& graph
[Debug  :Il2CppInteropGen] Method System.Void Unity.Audio.DSPNodeUpdateRequestHandleInternal::Internal_Dispose(Unity.Audio.Handle&, Unity.Audio.Handle&) has unsupported parameter type Unity.Audio.Handle& graph
[Debug  :Il2CppInteropGen] Method UnityEngine.SocialPlatforms.Range UnityEngine.SocialPlatforms.Impl.Leaderboard::get_range() has unsupported return type UnityEngine.SocialPlatforms.Range
[Debug  :Il2CppInteropGen] Method System.Void UnityEngine.SocialPlatforms.Impl.Leaderboard::set_range(UnityEngine.SocialPlatforms.Range) has unsupported parameter type UnityEngine.SocialPlatforms.Range value
[Debug  :Il2CppInteropGen] Method System.Int32 UnityEngine.GUI::DoCustomSelectionGrid(UnityEngine.Rect, System.Int32, System.Int32, UnityEngine.GUI+CustomSelectionGridItemGUI, System.Int32, UnityEngine.GUIStyle) has unsupported parameter type UnityEngine.GUI+CustomSelectionGridItemGUI itemGUI
[Debug  :Il2CppInteropGen] Method UnityEngine.LocationInfo UnityEngine.LocationService::GetLastLocation() has unsupported return type UnityEngine.LocationInfo
[Debug  :Il2CppInteropGen] Method UnityEngine.LocationInfo UnityEngine.LocationService::get_lastData() has unsupported return type UnityEngine.LocationInfo
[Debug  :Il2CppInteropGen] Method System.Void UnityEngine.LocationService::GetLastLocation_Injected(UnityEngine.LocationInfo&) has unsupported parameter type UnityEngine.LocationInfo& ret
[Debug  :Il2CppInteropGen] Method UnityEngine.ParticleSystem+PlaybackState UnityEngine.ParticleSystem::GetPlaybackState() has unsupported return type UnityEngine.ParticleSystem+PlaybackState
[Debug  :Il2CppInteropGen] Method System.Void UnityEngine.ParticleSystem::SetPlaybackState(UnityEngine.ParticleSystem+PlaybackState) has unsupported parameter type UnityEngine.ParticleSystem+PlaybackState playbackState
[Debug  :Il2CppInteropGen] Method System.Void UnityEngine.ParticleSystem::GetTrailDataInternal(UnityEngine.ParticleSystem+Trails&) has unsupported parameter type UnityEngine.ParticleSystem+Trails& trailData
[Debug  :Il2CppInteropGen] Method UnityEngine.ParticleSystem+Trails UnityEngine.ParticleSystem::GetTrails() has unsupported return type UnityEngine.ParticleSystem+Trails
[Debug  :Il2CppInteropGen] Method System.Int32 UnityEngine.ParticleSystem::GetTrails(UnityEngine.ParticleSystem+Trails&) has unsupported parameter type UnityEngine.ParticleSystem+Trails& trailData
[Debug  :Il2CppInteropGen] Method System.Void UnityEngine.ParticleSystem::SetTrails(UnityEngine.ParticleSystem+Trails) has unsupported parameter type UnityEngine.ParticleSystem+Trails trailData
[Debug  :Il2CppInteropGen] Method System.Void UnityEngine.ParticleSystem::CopyManagedJobData(System.Void*, UnityEngine.ParticleSystemJobs.NativeParticleData&) has unsupported parameter type UnityEngine.ParticleSystemJobs.NativeParticleData& particleData
[Debug  :Il2CppInteropGen] Method UnityEngine.ParticleSystem+LimitVelocityOverLifetimeModule UnityEngine.ParticleSystem::get_limitVelocityOverLifetime() has unsupported return type UnityEngine.ParticleSystem+LimitVelocityOverLifetimeModule
[Debug  :Il2CppInteropGen] Method UnityEngine.ParticleSystem+InheritVelocityModule UnityEngine.ParticleSystem::get_inheritVelocity() has unsupported return type UnityEngine.ParticleSystem+InheritVelocityModule
[Debug  :Il2CppInteropGen] Method UnityEngine.ParticleSystem+LifetimeByEmitterSpeedModule UnityEngine.ParticleSystem::get_lifetimeByEmitterSpeed() has unsupported return type UnityEngine.ParticleSystem+LifetimeByEmitterSpeedModule
[Debug  :Il2CppInteropGen] Method UnityEngine.ParticleSystem+ForceOverLifetimeModule UnityEngine.ParticleSystem::get_forceOverLifetime() has unsupported return type UnityEngine.ParticleSystem+ForceOverLifetimeModule
[Debug  :Il2CppInteropGen] Method UnityEngine.ParticleSystem+ColorOverLifetimeModule UnityEngine.ParticleSystem::get_colorOverLifetime() has unsupported return type UnityEngine.ParticleSystem+ColorOverLifetimeModule
[Debug  :Il2CppInteropGen] Method UnityEngine.ParticleSystem+ColorBySpeedModule UnityEngine.ParticleSystem::get_colorBySpeed() has unsupported return type UnityEngine.ParticleSystem+ColorBySpeedModule
[Debug  :Il2CppInteropGen] Method UnityEngine.ParticleSystem+SizeOverLifetimeModule UnityEngine.ParticleSystem::get_sizeOverLifetime() has unsupported return type UnityEngine.ParticleSystem+SizeOverLifetimeModule
[Debug  :Il2CppInteropGen] Method UnityEngine.ParticleSystem+SizeBySpeedModule UnityEngine.ParticleSystem::get_sizeBySpeed() has unsupported return type UnityEngine.ParticleSystem+SizeBySpeedModule
[Debug  :Il2CppInteropGen] Method UnityEngine.ParticleSystem+RotationOverLifetimeModule UnityEngine.ParticleSystem::get_rotationOverLifetime() has unsupported return type UnityEngine.ParticleSystem+RotationOverLifetimeModule
[Debug  :Il2CppInteropGen] Method UnityEngine.ParticleSystem+RotationBySpeedModule UnityEngine.ParticleSystem::get_rotationBySpeed() has unsupported return type UnityEngine.ParticleSystem+RotationBySpeedModule
[Debug  :Il2CppInteropGen] Method UnityEngine.ParticleSystem+ExternalForcesModule UnityEngine.ParticleSystem::get_externalForces() has unsupported return type UnityEngine.ParticleSystem+ExternalForcesModule
[Debug  :Il2CppInteropGen] Method UnityEngine.ParticleSystem+NoiseModule UnityEngine.ParticleSystem::get_noise() has unsupported return type UnityEngine.ParticleSystem+NoiseModule
[Debug  :Il2CppInteropGen] Method UnityEngine.ParticleSystem+CollisionModule UnityEngine.ParticleSystem::get_collision() has unsupported return type UnityEngine.ParticleSystem+CollisionModule
[Debug  :Il2CppInteropGen] Method UnityEngine.ParticleSystem+TriggerModule UnityEngine.ParticleSystem::get_trigger() has unsupported return type UnityEngine.ParticleSystem+TriggerModule
[Debug  :Il2CppInteropGen] Method UnityEngine.ParticleSystem+LightsModule UnityEngine.ParticleSystem::get_lights() has unsupported return type UnityEngine.ParticleSystem+LightsModule
[Debug  :Il2CppInteropGen] Method UnityEngine.ParticleSystem+TrailModule UnityEngine.ParticleSystem::get_trails() has unsupported return type UnityEngine.ParticleSystem+TrailModule
[Debug  :Il2CppInteropGen] Method UnityEngine.ParticleSystem+CustomDataModule UnityEngine.ParticleSystem::get_customData() has unsupported return type UnityEngine.ParticleSystem+CustomDataModule
[Debug  :Il2CppInteropGen] Method System.Void UnityEngine.ParticleSystem::GetPlaybackState_Injected(UnityEngine.ParticleSystem+PlaybackState&) has unsupported parameter type UnityEngine.ParticleSystem+PlaybackState& ret
[Debug  :Il2CppInteropGen] Method System.Void UnityEngine.ParticleSystem::SetPlaybackState_Injected(UnityEngine.ParticleSystem+PlaybackState&) has unsupported parameter type UnityEngine.ParticleSystem+PlaybackState& playbackState
[Debug  :Il2CppInteropGen] Method System.Void UnityEngine.ParticleSystem::SetTrails_Injected(UnityEngine.ParticleSystem+Trails&) has unsupported parameter type UnityEngine.ParticleSystem+Trails& trailData
[Debug  :Il2CppInteropGen] Method System.Int32 UnityEngine.ParticlePhysicsExtensions::GetTriggerParticles(UnityEngine.ParticleSystem, UnityEngine.ParticleSystemTriggerEventType, System.Collections.Generic.List`1<UnityEngine.ParticleSystem+Particle>, UnityEngine.ParticleSystem+ColliderData&) has unsupported parameter type UnityEngine.ParticleSystem+ColliderData& colliderData
[Debug  :Il2CppInteropGen] Method UnityEngine.ParticleSystemRenderer+BakeTextureOutput UnityEngine.ParticleSystemRenderer::BakeTextureInternal(UnityEngine.Texture2D, UnityEngine.Texture2D, UnityEngine.Camera, UnityEngine.ParticleSystemBakeTextureOptions, System.Int32&) has unsupported return type UnityEngine.ParticleSystemRenderer+BakeTextureOutput
[Debug  :Il2CppInteropGen] Method UnityEngine.ParticleSystemRenderer+BakeTextureOutput UnityEngine.ParticleSystemRenderer::BakeTrailsTextureInternal(UnityEngine.Texture2D, UnityEngine.Texture2D, UnityEngine.Camera, UnityEngine.ParticleSystemBakeTextureOptions, System.Int32&) has unsupported return type UnityEngine.ParticleSystemRenderer+BakeTextureOutput
[Debug  :Il2CppInteropGen] Method System.Void UnityEngine.ParticleSystemRenderer::BakeTextureInternal_Injected(UnityEngine.Texture2D, UnityEngine.Texture2D, UnityEngine.Camera, UnityEngine.ParticleSystemBakeTextureOptions, System.Int32&, UnityEngine.ParticleSystemRenderer+BakeTextureOutput&) has unsupported parameter type UnityEngine.ParticleSystemRenderer+BakeTextureOutput& ret
[Debug  :Il2CppInteropGen] Method System.Void UnityEngine.ParticleSystemRenderer::BakeTrailsTextureInternal_Injected(UnityEngine.Texture2D, UnityEngine.Texture2D, UnityEngine.Camera, UnityEngine.ParticleSystemBakeTextureOptions, System.Int32&, UnityEngine.ParticleSystemRenderer+BakeTextureOutput&) has unsupported parameter type UnityEngine.ParticleSystemRenderer+BakeTextureOutput& ret
[Debug  :Il2CppInteropGen] Method System.Int32 UnityEngine.ParticleSystemExtensionsImpl::GetTriggerParticlesWithData(UnityEngine.ParticleSystem, System.Int32, System.Collections.Generic.List`1<UnityEngine.ParticleSystem+Particle>, UnityEngine.ParticleSystem+ColliderData&) has unsupported parameter type UnityEngine.ParticleSystem+ColliderData& colliderData
[Debug  :Il2CppInteropGen] Method System.Void UnityEngine.ParticleSystemForceField::get_directionX_Injected(UnityEngine.ParticleSystem+MinMaxCurve&) has a reference-typed ref parameter, this will be ignored
[Debug  :Il2CppInteropGen] Method System.Void UnityEngine.ParticleSystemForceField::set_directionX_Injected(UnityEngine.ParticleSystem+MinMaxCurve&) has a reference-typed ref parameter, this will be ignored
[Debug  :Il2CppInteropGen] Method System.Void UnityEngine.ParticleSystemForceField::get_directionY_Injected(UnityEngine.ParticleSystem+MinMaxCurve&) has a reference-typed ref parameter, this will be ignored
[Debug  :Il2CppInteropGen] Method System.Void UnityEngine.ParticleSystemForceField::set_directionY_Injected(UnityEngine.ParticleSystem+MinMaxCurve&) has a reference-typed ref parameter, this will be ignored
[Debug  :Il2CppInteropGen] Method System.Void UnityEngine.ParticleSystemForceField::get_directionZ_Injected(UnityEngine.ParticleSystem+MinMaxCurve&) has a reference-typed ref parameter, this will be ignored
[Debug  :Il2CppInteropGen] Method System.Void UnityEngine.ParticleSystemForceField::set_directionZ_Injected(UnityEngine.ParticleSystem+MinMaxCurve&) has a reference-typed ref parameter, this will be ignored
[Debug  :Il2CppInteropGen] Method System.Void UnityEngine.ParticleSystemForceField::get_gravity_Injected(UnityEngine.ParticleSystem+MinMaxCurve&) has a reference-typed ref parameter, this will be ignored
[Debug  :Il2CppInteropGen] Method System.Void UnityEngine.ParticleSystemForceField::set_gravity_Injected(UnityEngine.ParticleSystem+MinMaxCurve&) has a reference-typed ref parameter, this will be ignored
[Debug  :Il2CppInteropGen] Method System.Void UnityEngine.ParticleSystemForceField::get_rotationSpeed_Injected(UnityEngine.ParticleSystem+MinMaxCurve&) has a reference-typed ref parameter, this will be ignored
[Debug  :Il2CppInteropGen] Method System.Void UnityEngine.ParticleSystemForceField::set_rotationSpeed_Injected(UnityEngine.ParticleSystem+MinMaxCurve&) has a reference-typed ref parameter, this will be ignored
[Debug  :Il2CppInteropGen] Method System.Void UnityEngine.ParticleSystemForceField::get_rotationAttraction_Injected(UnityEngine.ParticleSystem+MinMaxCurve&) has a reference-typed ref parameter, this will be ignored
[Debug  :Il2CppInteropGen] Method System.Void UnityEngine.ParticleSystemForceField::set_rotationAttraction_Injected(UnityEngine.ParticleSystem+MinMaxCurve&) has a reference-typed ref parameter, this will be ignored
[Debug  :Il2CppInteropGen] Method System.Void UnityEngine.ParticleSystemForceField::get_drag_Injected(UnityEngine.ParticleSystem+MinMaxCurve&) has a reference-typed ref parameter, this will be ignored
[Debug  :Il2CppInteropGen] Method System.Void UnityEngine.ParticleSystemForceField::set_drag_Injected(UnityEngine.ParticleSystem+MinMaxCurve&) has a reference-typed ref parameter, this will be ignored
[Debug  :Il2CppInteropGen] Method System.Void UnityEngine.ParticleSystemForceField::get_vectorFieldSpeed_Injected(UnityEngine.ParticleSystem+MinMaxCurve&) has a reference-typed ref parameter, this will be ignored
[Debug  :Il2CppInteropGen] Method System.Void UnityEngine.ParticleSystemForceField::set_vectorFieldSpeed_Injected(UnityEngine.ParticleSystem+MinMaxCurve&) has a reference-typed ref parameter, this will be ignored
[Debug  :Il2CppInteropGen] Method System.Void UnityEngine.ParticleSystemForceField::get_vectorFieldAttraction_Injected(UnityEngine.ParticleSystem+MinMaxCurve&) has a reference-typed ref parameter, this will be ignored
[Debug  :Il2CppInteropGen] Method System.Void UnityEngine.ParticleSystemForceField::set_vectorFieldAttraction_Injected(UnityEngine.ParticleSystem+MinMaxCurve&) has a reference-typed ref parameter, this will be ignored
[Debug  :Il2CppInteropGen] Method UnityEngine.PhysicsJobOptions2D UnityEngine.Physics2D::get_jobOptions() has unsupported return type UnityEngine.PhysicsJobOptions2D
[Debug  :Il2CppInteropGen] Method System.Void UnityEngine.Physics2D::set_jobOptions(UnityEngine.PhysicsJobOptions2D) has unsupported parameter type UnityEngine.PhysicsJobOptions2D value
[Debug  :Il2CppInteropGen] Method UnityEngine.ColliderDistance2D UnityEngine.Physics2D::Distance(UnityEngine.Collider2D, UnityEngine.Collider2D) has unsupported return type UnityEngine.ColliderDistance2D
[Debug  :Il2CppInteropGen] Method UnityEngine.ColliderDistance2D UnityEngine.Physics2D::Distance_Internal(UnityEngine.Collider2D, UnityEngine.Collider2D) has unsupported return type UnityEngine.ColliderDistance2D
[Debug  :Il2CppInteropGen] Method System.Void UnityEngine.Physics2D::get_jobOptions_Injected(UnityEngine.PhysicsJobOptions2D&) has unsupported parameter type UnityEngine.PhysicsJobOptions2D& ret
[Debug  :Il2CppInteropGen] Method System.Void UnityEngine.Physics2D::set_jobOptions_Injected(UnityEngine.PhysicsJobOptions2D&) has unsupported parameter type UnityEngine.PhysicsJobOptions2D& value
[Debug  :Il2CppInteropGen] Method System.Void UnityEngine.Physics2D::Distance_Internal_Injected(UnityEngine.Collider2D, UnityEngine.Collider2D, UnityEngine.ColliderDistance2D&) has unsupported parameter type UnityEngine.ColliderDistance2D& ret
[Debug  :Il2CppInteropGen] Method System.Collections.Generic.List`1<UnityEngine.PhysicsShape2D> UnityEngine.PhysicsShapeGroup2D::get_groupShapes() has unsupported return type System.Collections.Generic.List`1<UnityEngine.PhysicsShape2D>
[Debug  :Il2CppInteropGen] Method System.Void UnityEngine.PhysicsShapeGroup2D::GetShapeData(System.Collections.Generic.List`1<UnityEngine.PhysicsShape2D>, System.Collections.Generic.List`1<UnityEngine.Vector2>) has unsupported parameter type System.Collections.Generic.List`1<UnityEngine.PhysicsShape2D> shapes
[Debug  :Il2CppInteropGen] Method System.Void UnityEngine.PhysicsShapeGroup2D::GetShapeData(Unity.Collections.NativeArray`1<UnityEngine.PhysicsShape2D>, Unity.Collections.NativeArray`1<UnityEngine.Vector2>) has unsupported parameter type Unity.Collections.NativeArray`1<UnityEngine.PhysicsShape2D> shapes
[Debug  :Il2CppInteropGen] Method UnityEngine.PhysicsShape2D UnityEngine.PhysicsShapeGroup2D::GetShape(System.Int32) has unsupported return type UnityEngine.PhysicsShape2D
[Debug  :Il2CppInteropGen] Method UnityEngine.ColliderDistance2D UnityEngine.Rigidbody2D::Distance(UnityEngine.Collider2D) has unsupported return type UnityEngine.ColliderDistance2D
[Debug  :Il2CppInteropGen] Method UnityEngine.ColliderDistance2D UnityEngine.Rigidbody2D::Distance_Internal(UnityEngine.Collider2D) has unsupported return type UnityEngine.ColliderDistance2D
[Debug  :Il2CppInteropGen] Method System.Int32 UnityEngine.Rigidbody2D::GetShapes_Internal(UnityEngine.PhysicsShapeGroup2D+GroupState&) has unsupported parameter type UnityEngine.PhysicsShapeGroup2D+GroupState& physicsShapeGroupState
[Debug  :Il2CppInteropGen] Method System.Void UnityEngine.Rigidbody2D::Distance_Internal_Injected(UnityEngine.Collider2D, UnityEngine.ColliderDistance2D&) has unsupported parameter type UnityEngine.ColliderDistance2D& ret
[Debug  :Il2CppInteropGen] Method System.Int32 UnityEngine.Collider2D::GetShapes_Internal(UnityEngine.PhysicsShapeGroup2D+GroupState&, System.Int32, System.Int32) has unsupported parameter type UnityEngine.PhysicsShapeGroup2D+GroupState& physicsShapeGroupState
[Debug  :Il2CppInteropGen] Method UnityEngine.ColliderDistance2D UnityEngine.Collider2D::Distance(UnityEngine.Collider2D) has unsupported return type UnityEngine.ColliderDistance2D
[Debug  :Il2CppInteropGen] Method System.Int32 UnityEngine.CustomCollider2D::GetCustomShapes_Internal(UnityEngine.PhysicsShapeGroup2D+GroupState&, System.Int32, System.Int32) has unsupported parameter type UnityEngine.PhysicsShapeGroup2D+GroupState& physicsShapeGroupState
[Debug  :Il2CppInteropGen] Method System.Int32 UnityEngine.CustomCollider2D::GetCustomShapes(Unity.Collections.NativeArray`1<UnityEngine.PhysicsShape2D>, Unity.Collections.NativeArray`1<UnityEngine.Vector2>) has unsupported parameter type Unity.Collections.NativeArray`1<UnityEngine.PhysicsShape2D> shapes
[Debug  :Il2CppInteropGen] Method System.Void UnityEngine.CustomCollider2D::SetCustomShapesAll_Internal(UnityEngine.PhysicsShapeGroup2D+GroupState&) has unsupported parameter type UnityEngine.PhysicsShapeGroup2D+GroupState& physicsShapeGroupState
[Debug  :Il2CppInteropGen] Method System.Void UnityEngine.CustomCollider2D::SetCustomShapes(Unity.Collections.NativeArray`1<UnityEngine.PhysicsShape2D>, Unity.Collections.NativeArray`1<UnityEngine.Vector2>) has unsupported parameter type Unity.Collections.NativeArray`1<UnityEngine.PhysicsShape2D> shapes
[Debug  :Il2CppInteropGen] Method System.Void UnityEngine.CustomCollider2D::SetCustomShape_Internal(UnityEngine.PhysicsShapeGroup2D+GroupState&, System.Int32, System.Int32) has unsupported parameter type UnityEngine.PhysicsShapeGroup2D+GroupState& physicsShapeGroupState
[Debug  :Il2CppInteropGen] Method System.Void UnityEngine.CustomCollider2D::SetCustomShape(Unity.Collections.NativeArray`1<UnityEngine.PhysicsShape2D>, Unity.Collections.NativeArray`1<UnityEngine.Vector2>, System.Int32, System.Int32) has unsupported parameter type Unity.Collections.NativeArray`1<UnityEngine.PhysicsShape2D> shapes
[Debug  :Il2CppInteropGen] Method UnityEngine.JointMotor2D UnityEngine.HingeJoint2D::get_motor() has unsupported return type UnityEngine.JointMotor2D
[Debug  :Il2CppInteropGen] Method System.Void UnityEngine.HingeJoint2D::set_motor(UnityEngine.JointMotor2D) has unsupported parameter type UnityEngine.JointMotor2D value
[Debug  :Il2CppInteropGen] Method UnityEngine.JointAngleLimits2D UnityEngine.HingeJoint2D::get_limits() has unsupported return type UnityEngine.JointAngleLimits2D
[Debug  :Il2CppInteropGen] Method System.Void UnityEngine.HingeJoint2D::set_limits(UnityEngine.JointAngleLimits2D) has unsupported parameter type UnityEngine.JointAngleLimits2D value
[Debug  :Il2CppInteropGen] Method System.Void UnityEngine.HingeJoint2D::get_motor_Injected(UnityEngine.JointMotor2D&) has unsupported parameter type UnityEngine.JointMotor2D& ret
[Debug  :Il2CppInteropGen] Method System.Void UnityEngine.HingeJoint2D::set_motor_Injected(UnityEngine.JointMotor2D&) has unsupported parameter type UnityEngine.JointMotor2D& value
[Debug  :Il2CppInteropGen] Method System.Void UnityEngine.HingeJoint2D::get_limits_Injected(UnityEngine.JointAngleLimits2D&) has unsupported parameter type UnityEngine.JointAngleLimits2D& ret
[Debug  :Il2CppInteropGen] Method System.Void UnityEngine.HingeJoint2D::set_limits_Injected(UnityEngine.JointAngleLimits2D&) has unsupported parameter type UnityEngine.JointAngleLimits2D& value
[Debug  :Il2CppInteropGen] Method UnityEngine.JointMotor2D UnityEngine.SliderJoint2D::get_motor() has unsupported return type UnityEngine.JointMotor2D
[Debug  :Il2CppInteropGen] Method System.Void UnityEngine.SliderJoint2D::set_motor(UnityEngine.JointMotor2D) has unsupported parameter type UnityEngine.JointMotor2D value
[Debug  :Il2CppInteropGen] Method UnityEngine.JointTranslationLimits2D UnityEngine.SliderJoint2D::get_limits() has unsupported return type UnityEngine.JointTranslationLimits2D
[Debug  :Il2CppInteropGen] Method System.Void UnityEngine.SliderJoint2D::set_limits(UnityEngine.JointTranslationLimits2D) has unsupported parameter type UnityEngine.JointTranslationLimits2D value
[Debug  :Il2CppInteropGen] Method System.Void UnityEngine.SliderJoint2D::get_motor_Injected(UnityEngine.JointMotor2D&) has unsupported parameter type UnityEngine.JointMotor2D& ret
[Debug  :Il2CppInteropGen] Method System.Void UnityEngine.SliderJoint2D::set_motor_Injected(UnityEngine.JointMotor2D&) has unsupported parameter type UnityEngine.JointMotor2D& value
[Debug  :Il2CppInteropGen] Method System.Void UnityEngine.SliderJoint2D::get_limits_Injected(UnityEngine.JointTranslationLimits2D&) has unsupported parameter type UnityEngine.JointTranslationLimits2D& ret
[Debug  :Il2CppInteropGen] Method System.Void UnityEngine.SliderJoint2D::set_limits_Injected(UnityEngine.JointTranslationLimits2D&) has unsupported parameter type UnityEngine.JointTranslationLimits2D& value
[Debug  :Il2CppInteropGen] Method UnityEngine.JointSuspension2D UnityEngine.WheelJoint2D::get_suspension() has unsupported return type UnityEngine.JointSuspension2D
[Debug  :Il2CppInteropGen] Method System.Void UnityEngine.WheelJoint2D::set_suspension(UnityEngine.JointSuspension2D) has unsupported parameter type UnityEngine.JointSuspension2D value
[Debug  :Il2CppInteropGen] Method UnityEngine.JointMotor2D UnityEngine.WheelJoint2D::get_motor() has unsupported return type UnityEngine.JointMotor2D
[Debug  :Il2CppInteropGen] Method System.Void UnityEngine.WheelJoint2D::set_motor(UnityEngine.JointMotor2D) has unsupported parameter type UnityEngine.JointMotor2D value
[Debug  :Il2CppInteropGen] Method System.Void UnityEngine.WheelJoint2D::get_suspension_Injected(UnityEngine.JointSuspension2D&) has unsupported parameter type UnityEngine.JointSuspension2D& ret
[Debug  :Il2CppInteropGen] Method System.Void UnityEngine.WheelJoint2D::set_suspension_Injected(UnityEngine.JointSuspension2D&) has unsupported parameter type UnityEngine.JointSuspension2D& value
[Debug  :Il2CppInteropGen] Method System.Void UnityEngine.WheelJoint2D::get_motor_Injected(UnityEngine.JointMotor2D&) has unsupported parameter type UnityEngine.JointMotor2D& ret
[Debug  :Il2CppInteropGen] Method System.Void UnityEngine.WheelJoint2D::set_motor_Injected(UnityEngine.JointMotor2D&) has unsupported parameter type UnityEngine.JointMotor2D& value
[Debug  :Il2CppInteropGen] Method UnityEngine.ArticulationDrive UnityEngine.ArticulationBody::get_xDrive() has unsupported return type UnityEngine.ArticulationDrive
[Debug  :Il2CppInteropGen] Method System.Void UnityEngine.ArticulationBody::set_xDrive(UnityEngine.ArticulationDrive) has unsupported parameter type UnityEngine.ArticulationDrive value
[Debug  :Il2CppInteropGen] Method UnityEngine.ArticulationDrive UnityEngine.ArticulationBody::get_yDrive() has unsupported return type UnityEngine.ArticulationDrive
[Debug  :Il2CppInteropGen] Method System.Void UnityEngine.ArticulationBody::set_yDrive(UnityEngine.ArticulationDrive) has unsupported parameter type UnityEngine.ArticulationDrive value
[Debug  :Il2CppInteropGen] Method UnityEngine.ArticulationDrive UnityEngine.ArticulationBody::get_zDrive() has unsupported return type UnityEngine.ArticulationDrive
[Debug  :Il2CppInteropGen] Method System.Void UnityEngine.ArticulationBody::set_zDrive(UnityEngine.ArticulationDrive) has unsupported parameter type UnityEngine.ArticulationDrive value
[Debug  :Il2CppInteropGen] Method UnityEngine.ArticulationReducedSpace UnityEngine.ArticulationBody::get_jointPosition() has unsupported return type UnityEngine.ArticulationReducedSpace
[Debug  :Il2CppInteropGen] Method System.Void UnityEngine.ArticulationBody::set_jointPosition(UnityEngine.ArticulationReducedSpace) has unsupported parameter type UnityEngine.ArticulationReducedSpace value
[Debug  :Il2CppInteropGen] Method UnityEngine.ArticulationReducedSpace UnityEngine.ArticulationBody::get_jointVelocity() has unsupported return type UnityEngine.ArticulationReducedSpace
[Debug  :Il2CppInteropGen] Method System.Void UnityEngine.ArticulationBody::set_jointVelocity(UnityEngine.ArticulationReducedSpace) has unsupported parameter type UnityEngine.ArticulationReducedSpace value
[Debug  :Il2CppInteropGen] Method UnityEngine.ArticulationReducedSpace UnityEngine.ArticulationBody::get_jointAcceleration() has unsupported return type UnityEngine.ArticulationReducedSpace
[Debug  :Il2CppInteropGen] Method System.Void UnityEngine.ArticulationBody::set_jointAcceleration(UnityEngine.ArticulationReducedSpace) has unsupported parameter type UnityEngine.ArticulationReducedSpace value
[Debug  :Il2CppInteropGen] Method UnityEngine.ArticulationReducedSpace UnityEngine.ArticulationBody::get_jointForce() has unsupported return type UnityEngine.ArticulationReducedSpace
[Debug  :Il2CppInteropGen] Method System.Void UnityEngine.ArticulationBody::set_jointForce(UnityEngine.ArticulationReducedSpace) has unsupported parameter type UnityEngine.ArticulationReducedSpace value
[Debug  :Il2CppInteropGen] Method UnityEngine.ArticulationReducedSpace UnityEngine.ArticulationBody::get_driveForce() has unsupported return type UnityEngine.ArticulationReducedSpace
[Debug  :Il2CppInteropGen] Method System.Int32 UnityEngine.ArticulationBody::GetDenseJacobian_Internal(UnityEngine.ArticulationJacobian&) has unsupported parameter type UnityEngine.ArticulationJacobian& jacobian
[Debug  :Il2CppInteropGen] Method System.Int32 UnityEngine.ArticulationBody::GetDenseJacobian(UnityEngine.ArticulationJacobian&) has unsupported parameter type UnityEngine.ArticulationJacobian& jacobian
[Debug  :Il2CppInteropGen] Method UnityEngine.ArticulationReducedSpace UnityEngine.ArticulationBody::GetJointForcesForAcceleration(UnityEngine.ArticulationReducedSpace) has unsupported return type UnityEngine.ArticulationReducedSpace
[Debug  :Il2CppInteropGen] Method System.Void UnityEngine.ArticulationBody::get_xDrive_Injected(UnityEngine.ArticulationDrive&) has unsupported parameter type UnityEngine.ArticulationDrive& ret
[Debug  :Il2CppInteropGen] Method System.Void UnityEngine.ArticulationBody::set_xDrive_Injected(UnityEngine.ArticulationDrive&) has unsupported parameter type UnityEngine.ArticulationDrive& value
[Debug  :Il2CppInteropGen] Method System.Void UnityEngine.ArticulationBody::get_yDrive_Injected(UnityEngine.ArticulationDrive&) has unsupported parameter type UnityEngine.ArticulationDrive& ret
[Debug  :Il2CppInteropGen] Method System.Void UnityEngine.ArticulationBody::set_yDrive_Injected(UnityEngine.ArticulationDrive&) has unsupported parameter type UnityEngine.ArticulationDrive& value
[Debug  :Il2CppInteropGen] Method System.Void UnityEngine.ArticulationBody::get_zDrive_Injected(UnityEngine.ArticulationDrive&) has unsupported parameter type UnityEngine.ArticulationDrive& ret
[Debug  :Il2CppInteropGen] Method System.Void UnityEngine.ArticulationBody::set_zDrive_Injected(UnityEngine.ArticulationDrive&) has unsupported parameter type UnityEngine.ArticulationDrive& value
[Debug  :Il2CppInteropGen] Method System.Void UnityEngine.ArticulationBody::get_jointPosition_Injected(UnityEngine.ArticulationReducedSpace&) has unsupported parameter type UnityEngine.ArticulationReducedSpace& ret
[Debug  :Il2CppInteropGen] Method System.Void UnityEngine.ArticulationBody::set_jointPosition_Injected(UnityEngine.ArticulationReducedSpace&) has unsupported parameter type UnityEngine.ArticulationReducedSpace& value
[Debug  :Il2CppInteropGen] Method System.Void UnityEngine.ArticulationBody::get_jointVelocity_Injected(UnityEngine.ArticulationReducedSpace&) has unsupported parameter type UnityEngine.ArticulationReducedSpace& ret
[Debug  :Il2CppInteropGen] Method System.Void UnityEngine.ArticulationBody::set_jointVelocity_Injected(UnityEngine.ArticulationReducedSpace&) has unsupported parameter type UnityEngine.ArticulationReducedSpace& value
[Debug  :Il2CppInteropGen] Method System.Void UnityEngine.ArticulationBody::get_jointAcceleration_Injected(UnityEngine.ArticulationReducedSpace&) has unsupported parameter type UnityEngine.ArticulationReducedSpace& ret
[Debug  :Il2CppInteropGen] Method System.Void UnityEngine.ArticulationBody::set_jointAcceleration_Injected(UnityEngine.ArticulationReducedSpace&) has unsupported parameter type UnityEngine.ArticulationReducedSpace& value
[Debug  :Il2CppInteropGen] Method System.Void UnityEngine.ArticulationBody::get_jointForce_Injected(UnityEngine.ArticulationReducedSpace&) has unsupported parameter type UnityEngine.ArticulationReducedSpace& ret
[Debug  :Il2CppInteropGen] Method System.Void UnityEngine.ArticulationBody::set_jointForce_Injected(UnityEngine.ArticulationReducedSpace&) has unsupported parameter type UnityEngine.ArticulationReducedSpace& value
[Debug  :Il2CppInteropGen] Method System.Void UnityEngine.ArticulationBody::get_driveForce_Injected(UnityEngine.ArticulationReducedSpace&) has unsupported parameter type UnityEngine.ArticulationReducedSpace& ret
[Debug  :Il2CppInteropGen] Method System.Void UnityEngine.ArticulationBody::GetJointForcesForAcceleration_Injected(UnityEngine.ArticulationReducedSpace&, UnityEngine.ArticulationReducedSpace&) has unsupported parameter type UnityEngine.ArticulationReducedSpace& acceleration
[Debug  :Il2CppInteropGen] Method UnityEngine.ModifiableMassProperties UnityEngine.ModifiableContactPair::get_massProperties() has unsupported return type UnityEngine.ModifiableMassProperties
[Debug  :Il2CppInteropGen] Method System.Void UnityEngine.ModifiableContactPair::set_massProperties(UnityEngine.ModifiableMassProperties) has unsupported parameter type UnityEngine.ModifiableMassProperties value
[Debug  :Il2CppInteropGen] Method UnityEngine.ModifiableContact* UnityEngine.ModifiableContactPair::GetContact(System.Int32) has unsupported return type UnityEngine.ModifiableContact*
[Debug  :Il2CppInteropGen] Method UnityEngine.ModifiableContactPatch* UnityEngine.ModifiableContactPair::GetContactPatch() has unsupported return type UnityEngine.ModifiableContactPatch*
[Debug  :Il2CppInteropGen] Method UnityEngine.JointMotor UnityEngine.HingeJoint::get_motor() has unsupported return type UnityEngine.JointMotor
[Debug  :Il2CppInteropGen] Method System.Void UnityEngine.HingeJoint::set_motor(UnityEngine.JointMotor) has unsupported parameter type UnityEngine.JointMotor value
[Debug  :Il2CppInteropGen] Method UnityEngine.JointLimits UnityEngine.HingeJoint::get_limits() has unsupported return type UnityEngine.JointLimits
[Debug  :Il2CppInteropGen] Method System.Void UnityEngine.HingeJoint::set_limits(UnityEngine.JointLimits) has unsupported parameter type UnityEngine.JointLimits value
[Debug  :Il2CppInteropGen] Method UnityEngine.JointSpring UnityEngine.HingeJoint::get_spring() has unsupported return type UnityEngine.JointSpring
[Debug  :Il2CppInteropGen] Method System.Void UnityEngine.HingeJoint::set_spring(UnityEngine.JointSpring) has unsupported parameter type UnityEngine.JointSpring value
[Debug  :Il2CppInteropGen] Method System.Void UnityEngine.HingeJoint::get_motor_Injected(UnityEngine.JointMotor&) has unsupported parameter type UnityEngine.JointMotor& ret
[Debug  :Il2CppInteropGen] Method System.Void UnityEngine.HingeJoint::set_motor_Injected(UnityEngine.JointMotor&) has unsupported parameter type UnityEngine.JointMotor& value
[Debug  :Il2CppInteropGen] Method System.Void UnityEngine.HingeJoint::get_limits_Injected(UnityEngine.JointLimits&) has unsupported parameter type UnityEngine.JointLimits& ret
[Debug  :Il2CppInteropGen] Method System.Void UnityEngine.HingeJoint::set_limits_Injected(UnityEngine.JointLimits&) has unsupported parameter type UnityEngine.JointLimits& value
[Debug  :Il2CppInteropGen] Method System.Void UnityEngine.HingeJoint::get_spring_Injected(UnityEngine.JointSpring&) has unsupported parameter type UnityEngine.JointSpring& ret
[Debug  :Il2CppInteropGen] Method System.Void UnityEngine.HingeJoint::set_spring_Injected(UnityEngine.JointSpring&) has unsupported parameter type UnityEngine.JointSpring& value
[Debug  :Il2CppInteropGen] Method UnityEngine.SoftJointLimitSpring UnityEngine.CharacterJoint::get_twistLimitSpring() has unsupported return type UnityEngine.SoftJointLimitSpring
[Debug  :Il2CppInteropGen] Method System.Void UnityEngine.CharacterJoint::set_twistLimitSpring(UnityEngine.SoftJointLimitSpring) has unsupported parameter type UnityEngine.SoftJointLimitSpring value
[Debug  :Il2CppInteropGen] Method UnityEngine.SoftJointLimitSpring UnityEngine.CharacterJoint::get_swingLimitSpring() has unsupported return type UnityEngine.SoftJointLimitSpring
[Debug  :Il2CppInteropGen] Method System.Void UnityEngine.CharacterJoint::set_swingLimitSpring(UnityEngine.SoftJointLimitSpring) has unsupported parameter type UnityEngine.SoftJointLimitSpring value
[Debug  :Il2CppInteropGen] Method UnityEngine.SoftJointLimit UnityEngine.CharacterJoint::get_lowTwistLimit() has unsupported return type UnityEngine.SoftJointLimit
[Debug  :Il2CppInteropGen] Method System.Void UnityEngine.CharacterJoint::set_lowTwistLimit(UnityEngine.SoftJointLimit) has unsupported parameter type UnityEngine.SoftJointLimit value
[Debug  :Il2CppInteropGen] Method UnityEngine.SoftJointLimit UnityEngine.CharacterJoint::get_highTwistLimit() has unsupported return type UnityEngine.SoftJointLimit
[Debug  :Il2CppInteropGen] Method System.Void UnityEngine.CharacterJoint::set_highTwistLimit(UnityEngine.SoftJointLimit) has unsupported parameter type UnityEngine.SoftJointLimit value
[Debug  :Il2CppInteropGen] Method UnityEngine.SoftJointLimit UnityEngine.CharacterJoint::get_swing1Limit() has unsupported return type UnityEngine.SoftJointLimit
[Debug  :Il2CppInteropGen] Method System.Void UnityEngine.CharacterJoint::set_swing1Limit(UnityEngine.SoftJointLimit) has unsupported parameter type UnityEngine.SoftJointLimit value
[Debug  :Il2CppInteropGen] Method UnityEngine.SoftJointLimit UnityEngine.CharacterJoint::get_swing2Limit() has unsupported return type UnityEngine.SoftJointLimit
[Debug  :Il2CppInteropGen] Method System.Void UnityEngine.CharacterJoint::set_swing2Limit(UnityEngine.SoftJointLimit) has unsupported parameter type UnityEngine.SoftJointLimit value
[Debug  :Il2CppInteropGen] Method System.Void UnityEngine.CharacterJoint::get_twistLimitSpring_Injected(UnityEngine.SoftJointLimitSpring&) has unsupported parameter type UnityEngine.SoftJointLimitSpring& ret
[Debug  :Il2CppInteropGen] Method System.Void UnityEngine.CharacterJoint::set_twistLimitSpring_Injected(UnityEngine.SoftJointLimitSpring&) has unsupported parameter type UnityEngine.SoftJointLimitSpring& value
[Debug  :Il2CppInteropGen] Method System.Void UnityEngine.CharacterJoint::get_swingLimitSpring_Injected(UnityEngine.SoftJointLimitSpring&) has unsupported parameter type UnityEngine.SoftJointLimitSpring& ret
[Debug  :Il2CppInteropGen] Method System.Void UnityEngine.CharacterJoint::set_swingLimitSpring_Injected(UnityEngine.SoftJointLimitSpring&) has unsupported parameter type UnityEngine.SoftJointLimitSpring& value
[Debug  :Il2CppInteropGen] Method System.Void UnityEngine.CharacterJoint::get_lowTwistLimit_Injected(UnityEngine.SoftJointLimit&) has unsupported parameter type UnityEngine.SoftJointLimit& ret
[Debug  :Il2CppInteropGen] Method System.Void UnityEngine.CharacterJoint::set_lowTwistLimit_Injected(UnityEngine.SoftJointLimit&) has unsupported parameter type UnityEngine.SoftJointLimit& value
[Debug  :Il2CppInteropGen] Method System.Void UnityEngine.CharacterJoint::get_highTwistLimit_Injected(UnityEngine.SoftJointLimit&) has unsupported parameter type UnityEngine.SoftJointLimit& ret
[Debug  :Il2CppInteropGen] Method System.Void UnityEngine.CharacterJoint::set_highTwistLimit_Injected(UnityEngine.SoftJointLimit&) has unsupported parameter type UnityEngine.SoftJointLimit& value
[Debug  :Il2CppInteropGen] Method System.Void UnityEngine.CharacterJoint::get_swing1Limit_Injected(UnityEngine.SoftJointLimit&) has unsupported parameter type UnityEngine.SoftJointLimit& ret
[Debug  :Il2CppInteropGen] Method System.Void UnityEngine.CharacterJoint::set_swing1Limit_Injected(UnityEngine.SoftJointLimit&) has unsupported parameter type UnityEngine.SoftJointLimit& value
[Debug  :Il2CppInteropGen] Method System.Void UnityEngine.CharacterJoint::get_swing2Limit_Injected(UnityEngine.SoftJointLimit&) has unsupported parameter type UnityEngine.SoftJointLimit& ret
[Debug  :Il2CppInteropGen] Method System.Void UnityEngine.CharacterJoint::set_swing2Limit_Injected(UnityEngine.SoftJointLimit&) has unsupported parameter type UnityEngine.SoftJointLimit& value
[Debug  :Il2CppInteropGen] Method UnityEngine.SoftJointLimitSpring UnityEngine.ConfigurableJoint::get_linearLimitSpring() has unsupported return type UnityEngine.SoftJointLimitSpring
[Debug  :Il2CppInteropGen] Method System.Void UnityEngine.ConfigurableJoint::set_linearLimitSpring(UnityEngine.SoftJointLimitSpring) has unsupported parameter type UnityEngine.SoftJointLimitSpring value
[Debug  :Il2CppInteropGen] Method UnityEngine.SoftJointLimitSpring UnityEngine.ConfigurableJoint::get_angularXLimitSpring() has unsupported return type UnityEngine.SoftJointLimitSpring
[Debug  :Il2CppInteropGen] Method System.Void UnityEngine.ConfigurableJoint::set_angularXLimitSpring(UnityEngine.SoftJointLimitSpring) has unsupported parameter type UnityEngine.SoftJointLimitSpring value
[Debug  :Il2CppInteropGen] Method UnityEngine.SoftJointLimitSpring UnityEngine.ConfigurableJoint::get_angularYZLimitSpring() has unsupported return type UnityEngine.SoftJointLimitSpring
[Debug  :Il2CppInteropGen] Method System.Void UnityEngine.ConfigurableJoint::set_angularYZLimitSpring(UnityEngine.SoftJointLimitSpring) has unsupported parameter type UnityEngine.SoftJointLimitSpring value
[Debug  :Il2CppInteropGen] Method UnityEngine.SoftJointLimit UnityEngine.ConfigurableJoint::get_linearLimit() has unsupported return type UnityEngine.SoftJointLimit
[Debug  :Il2CppInteropGen] Method System.Void UnityEngine.ConfigurableJoint::set_linearLimit(UnityEngine.SoftJointLimit) has unsupported parameter type UnityEngine.SoftJointLimit value
[Debug  :Il2CppInteropGen] Method UnityEngine.SoftJointLimit UnityEngine.ConfigurableJoint::get_lowAngularXLimit() has unsupported return type UnityEngine.SoftJointLimit
[Debug  :Il2CppInteropGen] Method System.Void UnityEngine.ConfigurableJoint::set_lowAngularXLimit(UnityEngine.SoftJointLimit) has unsupported parameter type UnityEngine.SoftJointLimit value
[Debug  :Il2CppInteropGen] Method UnityEngine.SoftJointLimit UnityEngine.ConfigurableJoint::get_highAngularXLimit() has unsupported return type UnityEngine.SoftJointLimit
[Debug  :Il2CppInteropGen] Method System.Void UnityEngine.ConfigurableJoint::set_highAngularXLimit(UnityEngine.SoftJointLimit) has unsupported parameter type UnityEngine.SoftJointLimit value
[Debug  :Il2CppInteropGen] Method UnityEngine.SoftJointLimit UnityEngine.ConfigurableJoint::get_angularYLimit() has unsupported return type UnityEngine.SoftJointLimit
[Debug  :Il2CppInteropGen] Method System.Void UnityEngine.ConfigurableJoint::set_angularYLimit(UnityEngine.SoftJointLimit) has unsupported parameter type UnityEngine.SoftJointLimit value
[Debug  :Il2CppInteropGen] Method UnityEngine.SoftJointLimit UnityEngine.ConfigurableJoint::get_angularZLimit() has unsupported return type UnityEngine.SoftJointLimit
[Debug  :Il2CppInteropGen] Method System.Void UnityEngine.ConfigurableJoint::set_angularZLimit(UnityEngine.SoftJointLimit) has unsupported parameter type UnityEngine.SoftJointLimit value
[Debug  :Il2CppInteropGen] Method UnityEngine.JointDrive UnityEngine.ConfigurableJoint::get_xDrive() has unsupported return type UnityEngine.JointDrive
[Debug  :Il2CppInteropGen] Method System.Void UnityEngine.ConfigurableJoint::set_xDrive(UnityEngine.JointDrive) has unsupported parameter type UnityEngine.JointDrive value
[Debug  :Il2CppInteropGen] Method UnityEngine.JointDrive UnityEngine.ConfigurableJoint::get_yDrive() has unsupported return type UnityEngine.JointDrive
[Debug  :Il2CppInteropGen] Method System.Void UnityEngine.ConfigurableJoint::set_yDrive(UnityEngine.JointDrive) has unsupported parameter type UnityEngine.JointDrive value
[Debug  :Il2CppInteropGen] Method UnityEngine.JointDrive UnityEngine.ConfigurableJoint::get_zDrive() has unsupported return type UnityEngine.JointDrive
[Debug  :Il2CppInteropGen] Method System.Void UnityEngine.ConfigurableJoint::set_zDrive(UnityEngine.JointDrive) has unsupported parameter type UnityEngine.JointDrive value
[Debug  :Il2CppInteropGen] Method UnityEngine.JointDrive UnityEngine.ConfigurableJoint::get_angularXDrive() has unsupported return type UnityEngine.JointDrive
[Debug  :Il2CppInteropGen] Method System.Void UnityEngine.ConfigurableJoint::set_angularXDrive(UnityEngine.JointDrive) has unsupported parameter type UnityEngine.JointDrive value
[Debug  :Il2CppInteropGen] Method UnityEngine.JointDrive UnityEngine.ConfigurableJoint::get_angularYZDrive() has unsupported return type UnityEngine.JointDrive
[Debug  :Il2CppInteropGen] Method System.Void UnityEngine.ConfigurableJoint::set_angularYZDrive(UnityEngine.JointDrive) has unsupported parameter type UnityEngine.JointDrive value
[Debug  :Il2CppInteropGen] Method UnityEngine.JointDrive UnityEngine.ConfigurableJoint::get_slerpDrive() has unsupported return type UnityEngine.JointDrive
[Debug  :Il2CppInteropGen] Method System.Void UnityEngine.ConfigurableJoint::set_slerpDrive(UnityEngine.JointDrive) has unsupported parameter type UnityEngine.JointDrive value
[Debug  :Il2CppInteropGen] Method System.Void UnityEngine.ConfigurableJoint::get_linearLimitSpring_Injected(UnityEngine.SoftJointLimitSpring&) has unsupported parameter type UnityEngine.SoftJointLimitSpring& ret
[Debug  :Il2CppInteropGen] Method System.Void UnityEngine.ConfigurableJoint::set_linearLimitSpring_Injected(UnityEngine.SoftJointLimitSpring&) has unsupported parameter type UnityEngine.SoftJointLimitSpring& value
[Debug  :Il2CppInteropGen] Method System.Void UnityEngine.ConfigurableJoint::get_angularXLimitSpring_Injected(UnityEngine.SoftJointLimitSpring&) has unsupported parameter type UnityEngine.SoftJointLimitSpring& ret
[Debug  :Il2CppInteropGen] Method System.Void UnityEngine.ConfigurableJoint::set_angularXLimitSpring_Injected(UnityEngine.SoftJointLimitSpring&) has unsupported parameter type UnityEngine.SoftJointLimitSpring& value
[Debug  :Il2CppInteropGen] Method System.Void UnityEngine.ConfigurableJoint::get_angularYZLimitSpring_Injected(UnityEngine.SoftJointLimitSpring&) has unsupported parameter type UnityEngine.SoftJointLimitSpring& ret
[Debug  :Il2CppInteropGen] Method System.Void UnityEngine.ConfigurableJoint::set_angularYZLimitSpring_Injected(UnityEngine.SoftJointLimitSpring&) has unsupported parameter type UnityEngine.SoftJointLimitSpring& value
[Debug  :Il2CppInteropGen] Method System.Void UnityEngine.ConfigurableJoint::get_linearLimit_Injected(UnityEngine.SoftJointLimit&) has unsupported parameter type UnityEngine.SoftJointLimit& ret
[Debug  :Il2CppInteropGen] Method System.Void UnityEngine.ConfigurableJoint::set_linearLimit_Injected(UnityEngine.SoftJointLimit&) has unsupported parameter type UnityEngine.SoftJointLimit& value
[Debug  :Il2CppInteropGen] Method System.Void UnityEngine.ConfigurableJoint::get_lowAngularXLimit_Injected(UnityEngine.SoftJointLimit&) has unsupported parameter type UnityEngine.SoftJointLimit& ret
[Debug  :Il2CppInteropGen] Method System.Void UnityEngine.ConfigurableJoint::set_lowAngularXLimit_Injected(UnityEngine.SoftJointLimit&) has unsupported parameter type UnityEngine.SoftJointLimit& value
[Debug  :Il2CppInteropGen] Method System.Void UnityEngine.ConfigurableJoint::get_highAngularXLimit_Injected(UnityEngine.SoftJointLimit&) has unsupported parameter type UnityEngine.SoftJointLimit& ret
[Debug  :Il2CppInteropGen] Method System.Void UnityEngine.ConfigurableJoint::set_highAngularXLimit_Injected(UnityEngine.SoftJointLimit&) has unsupported parameter type UnityEngine.SoftJointLimit& value
[Debug  :Il2CppInteropGen] Method System.Void UnityEngine.ConfigurableJoint::get_angularYLimit_Injected(UnityEngine.SoftJointLimit&) has unsupported parameter type UnityEngine.SoftJointLimit& ret
[Debug  :Il2CppInteropGen] Method System.Void UnityEngine.ConfigurableJoint::set_angularYLimit_Injected(UnityEngine.SoftJointLimit&) has unsupported parameter type UnityEngine.SoftJointLimit& value
[Debug  :Il2CppInteropGen] Method System.Void UnityEngine.ConfigurableJoint::get_angularZLimit_Injected(UnityEngine.SoftJointLimit&) has unsupported parameter type UnityEngine.SoftJointLimit& ret
[Debug  :Il2CppInteropGen] Method System.Void UnityEngine.ConfigurableJoint::set_angularZLimit_Injected(UnityEngine.SoftJointLimit&) has unsupported parameter type UnityEngine.SoftJointLimit& value
[Debug  :Il2CppInteropGen] Method System.Void UnityEngine.ConfigurableJoint::get_xDrive_Injected(UnityEngine.JointDrive&) has unsupported parameter type UnityEngine.JointDrive& ret
[Debug  :Il2CppInteropGen] Method System.Void UnityEngine.ConfigurableJoint::set_xDrive_Injected(UnityEngine.JointDrive&) has unsupported parameter type UnityEngine.JointDrive& value
[Debug  :Il2CppInteropGen] Method System.Void UnityEngine.ConfigurableJoint::get_yDrive_Injected(UnityEngine.JointDrive&) has unsupported parameter type UnityEngine.JointDrive& ret
[Debug  :Il2CppInteropGen] Method System.Void UnityEngine.ConfigurableJoint::set_yDrive_Injected(UnityEngine.JointDrive&) has unsupported parameter type UnityEngine.JointDrive& value
[Debug  :Il2CppInteropGen] Method System.Void UnityEngine.ConfigurableJoint::get_zDrive_Injected(UnityEngine.JointDrive&) has unsupported parameter type UnityEngine.JointDrive& ret
[Debug  :Il2CppInteropGen] Method System.Void UnityEngine.ConfigurableJoint::set_zDrive_Injected(UnityEngine.JointDrive&) has unsupported parameter type UnityEngine.JointDrive& value
[Debug  :Il2CppInteropGen] Method System.Void UnityEngine.ConfigurableJoint::get_angularXDrive_Injected(UnityEngine.JointDrive&) has unsupported parameter type UnityEngine.JointDrive& ret
[Debug  :Il2CppInteropGen] Method System.Void UnityEngine.ConfigurableJoint::set_angularXDrive_Injected(UnityEngine.JointDrive&) has unsupported parameter type UnityEngine.JointDrive& value
[Debug  :Il2CppInteropGen] Method System.Void UnityEngine.ConfigurableJoint::get_angularYZDrive_Injected(UnityEngine.JointDrive&) has unsupported parameter type UnityEngine.JointDrive& ret
[Debug  :Il2CppInteropGen] Method System.Void UnityEngine.ConfigurableJoint::set_angularYZDrive_Injected(UnityEngine.JointDrive&) has unsupported parameter type UnityEngine.JointDrive& value
[Debug  :Il2CppInteropGen] Method System.Void UnityEngine.ConfigurableJoint::get_slerpDrive_Injected(UnityEngine.JointDrive&) has unsupported parameter type UnityEngine.JointDrive& ret
[Debug  :Il2CppInteropGen] Method System.Void UnityEngine.ConfigurableJoint::set_slerpDrive_Injected(UnityEngine.JointDrive&) has unsupported parameter type UnityEngine.JointDrive& value
[Debug  :Il2CppInteropGen] Method System.Void UnityEngine.ContactPair::CopyToNativeArray(Unity.Collections.NativeArray`1<UnityEngine.ContactPairPoint>) has unsupported parameter type Unity.Collections.NativeArray`1<UnityEngine.ContactPairPoint> buffer
[Debug  :Il2CppInteropGen] Method UnityEngine.ContactPairPoint& modreq(System.Runtime.InteropServices.InAttribute) UnityEngine.ContactPair::GetContactPoint(System.Int32) has unsupported return type UnityEngine.ContactPairPoint& modreq(System.Runtime.InteropServices.InAttribute)
[Debug  :Il2CppInteropGen] Method UnityEngine.ContactPairPoint* UnityEngine.ContactPair::GetContactPoint_Internal(System.Int32) has unsupported return type UnityEngine.ContactPairPoint*
[Debug  :Il2CppInteropGen] Method Unity.Jobs.JobHandle UnityEngine.OverlapBoxCommand::ScheduleBatch(Unity.Collections.NativeArray`1<UnityEngine.OverlapBoxCommand>, Unity.Collections.NativeArray`1<UnityEngine.ColliderHit>, System.Int32, System.Int32, Unity.Jobs.JobHandle) has unsupported parameter type Unity.Collections.NativeArray`1<UnityEngine.ColliderHit> results
[Debug  :Il2CppInteropGen] Method System.Void Unity.Properties.PropertyContainer::Accept<TContainer>(Unity.Properties.IPropertyVisitor, !!0&, Unity.Properties.PropertyPath&, Unity.Properties.VisitParameters) has unsupported parameter type Unity.Properties.PropertyPath& path
[Debug  :Il2CppInteropGen] Method System.Boolean Unity.Properties.PropertyContainer::TryAccept<TContainer>(Unity.Properties.IPropertyVisitor, !!0&, Unity.Properties.PropertyPath&, Unity.Properties.VisitReturnCode&, Unity.Properties.VisitParameters) has unsupported parameter type Unity.Properties.PropertyPath& path
[Debug  :Il2CppInteropGen] Method Unity.Properties.IProperty Unity.Properties.PropertyContainer::GetProperty<TContainer>(!!0, Unity.Properties.PropertyPath&) has unsupported parameter type Unity.Properties.PropertyPath& path
[Debug  :Il2CppInteropGen] Method Unity.Properties.IProperty Unity.Properties.PropertyContainer::GetProperty<TContainer>(!!0&, Unity.Properties.PropertyPath&) has unsupported parameter type Unity.Properties.PropertyPath& path
[Debug  :Il2CppInteropGen] Method System.Boolean Unity.Properties.PropertyContainer::TryGetProperty<TContainer>(!!0, Unity.Properties.PropertyPath&, Unity.Properties.IProperty&) has unsupported parameter type Unity.Properties.PropertyPath& path
[Debug  :Il2CppInteropGen] Method System.Boolean Unity.Properties.PropertyContainer::TryGetProperty<TContainer>(!!0&, Unity.Properties.PropertyPath&, Unity.Properties.IProperty&) has unsupported parameter type Unity.Properties.PropertyPath& path
[Debug  :Il2CppInteropGen] Method System.Boolean Unity.Properties.PropertyContainer::TryGetProperty<TContainer>(!!0&, Unity.Properties.PropertyPath&, Unity.Properties.IProperty&, Unity.Properties.VisitReturnCode&) has unsupported parameter type Unity.Properties.PropertyPath& path
[Debug  :Il2CppInteropGen] Method !!1 Unity.Properties.PropertyContainer::GetValue<TContainer, TValue>(!!0, Unity.Properties.PropertyPath&) has unsupported parameter type Unity.Properties.PropertyPath& path
[Debug  :Il2CppInteropGen] Method !!1 Unity.Properties.PropertyContainer::GetValue<TContainer, TValue>(!!0&, Unity.Properties.PropertyPath&) has unsupported parameter type Unity.Properties.PropertyPath& path
[Debug  :Il2CppInteropGen] Method System.Boolean Unity.Properties.PropertyContainer::TryGetValue<TContainer, TValue>(!!0, Unity.Properties.PropertyPath&, !!1&) has unsupported parameter type Unity.Properties.PropertyPath& path
[Debug  :Il2CppInteropGen] Method System.Boolean Unity.Properties.PropertyContainer::TryGetValue<TContainer, TValue>(!!0&, Unity.Properties.PropertyPath&, !!1&) has unsupported parameter type Unity.Properties.PropertyPath& path
[Debug  :Il2CppInteropGen] Method System.Boolean Unity.Properties.PropertyContainer::TryGetValue<TContainer, TValue>(!!0&, Unity.Properties.PropertyPath&, !!1&, Unity.Properties.VisitReturnCode&) has unsupported parameter type Unity.Properties.PropertyPath& path
[Debug  :Il2CppInteropGen] Method System.Boolean Unity.Properties.PropertyContainer::IsPathValid<TContainer>(!!0, Unity.Properties.PropertyPath&) has unsupported parameter type Unity.Properties.PropertyPath& path
[Debug  :Il2CppInteropGen] Method System.Boolean Unity.Properties.PropertyContainer::IsPathValid<TContainer>(!!0&, Unity.Properties.PropertyPath&) has unsupported parameter type Unity.Properties.PropertyPath& path
[Debug  :Il2CppInteropGen] Method System.Void Unity.Properties.PropertyContainer::SetValue<TContainer, TValue>(!!0, Unity.Properties.PropertyPath&, !!1) has unsupported parameter type Unity.Properties.PropertyPath& path
[Debug  :Il2CppInteropGen] Method System.Void Unity.Properties.PropertyContainer::SetValue<TContainer, TValue>(!!0&, Unity.Properties.PropertyPath&, !!1) has unsupported parameter type Unity.Properties.PropertyPath& path
[Debug  :Il2CppInteropGen] Method System.Boolean Unity.Properties.PropertyContainer::TrySetValue<TContainer, TValue>(!!0, Unity.Properties.PropertyPath&, !!1) has unsupported parameter type Unity.Properties.PropertyPath& path
[Debug  :Il2CppInteropGen] Method System.Boolean Unity.Properties.PropertyContainer::TrySetValue<TContainer, TValue>(!!0&, Unity.Properties.PropertyPath&, !!1) has unsupported parameter type Unity.Properties.PropertyPath& path
[Debug  :Il2CppInteropGen] Method System.Boolean Unity.Properties.PropertyContainer::TrySetValue<TContainer, TValue>(!!0&, Unity.Properties.PropertyPath&, !!1, Unity.Properties.VisitReturnCode&) has unsupported parameter type Unity.Properties.PropertyPath& path
[Debug  :Il2CppInteropGen] Method Unity.Properties.AttributesScope Unity.Properties.Property`2::Unity.Properties.Internal.IAttributes.CreateAttributesScope(Unity.Properties.Internal.IAttributes) has unsupported return type Unity.Properties.AttributesScope
[Debug  :Il2CppInteropGen] Method Unity.Properties.PropertyCollection`1<!0> Unity.Properties.ContainerPropertyBag`1::GetProperties() has unsupported return type Unity.Properties.PropertyCollection`1<!0>
[Debug  :Il2CppInteropGen] Method Unity.Properties.PropertyCollection`1<!0> Unity.Properties.ContainerPropertyBag`1::GetProperties(!0&) has unsupported return type Unity.Properties.PropertyCollection`1<!0>
[Debug  :Il2CppInteropGen] Method Unity.Properties.PropertyCollection`1<!0> Unity.Properties.IndexedCollectionPropertyBag`2::GetProperties() has unsupported return type Unity.Properties.PropertyCollection`1<!0>
[Debug  :Il2CppInteropGen] Method Unity.Properties.PropertyCollection`1<!0> Unity.Properties.IndexedCollectionPropertyBag`2::GetProperties(!0&) has unsupported return type Unity.Properties.PropertyCollection`1<!0>
[Debug  :Il2CppInteropGen] Method Unity.Properties.IndexedCollectionSharedPropertyState Unity.Properties.IndexedCollectionPropertyBag`2::Unity.Properties.IIndexedCollectionPropertyBagEnumerator<TList>.GetSharedPropertyState() has unsupported return type Unity.Properties.IndexedCollectionSharedPropertyState
[Debug  :Il2CppInteropGen] Method System.Void Unity.Properties.IndexedCollectionPropertyBag`2::Unity.Properties.IIndexedCollectionPropertyBagEnumerator<TList>.SetSharedPropertyState(Unity.Properties.IndexedCollectionSharedPropertyState) has unsupported parameter type Unity.Properties.IndexedCollectionSharedPropertyState state
[Debug  :Il2CppInteropGen] Method Unity.Properties.PropertyCollection`1<!0> Unity.Properties.KeyValueCollectionPropertyBag`3::GetProperties() has unsupported return type Unity.Properties.PropertyCollection`1<!0>
[Debug  :Il2CppInteropGen] Method Unity.Properties.PropertyCollection`1<!0> Unity.Properties.KeyValueCollectionPropertyBag`3::GetProperties(!0&) has unsupported return type Unity.Properties.PropertyCollection`1<!0>
[Debug  :Il2CppInteropGen] Method Unity.Properties.PropertyCollection`1<System.Collections.Generic.KeyValuePair`2<!0, !1>> Unity.Properties.KeyValuePairPropertyBag`2::GetProperties() has unsupported return type Unity.Properties.PropertyCollection`1<System.Collections.Generic.KeyValuePair`2<!0, !1>>
[Debug  :Il2CppInteropGen] Method Unity.Properties.PropertyCollection`1<System.Collections.Generic.KeyValuePair`2<!0, !1>> Unity.Properties.KeyValuePairPropertyBag`2::GetProperties(System.Collections.Generic.KeyValuePair`2<!0, !1>&) has unsupported return type Unity.Properties.PropertyCollection`1<System.Collections.Generic.KeyValuePair`2<!0, !1>>
[Debug  :Il2CppInteropGen] Method Unity.Properties.PropertyCollection`1<!0> Unity.Properties.PropertyBag`1::Unity.Properties.IPropertyBag<TContainer>.GetProperties() has unsupported return type Unity.Properties.PropertyCollection`1<!0>
[Debug  :Il2CppInteropGen] Method Unity.Properties.PropertyCollection`1<!0> Unity.Properties.PropertyBag`1::Unity.Properties.IPropertyBag<TContainer>.GetProperties(!0&) has unsupported return type Unity.Properties.PropertyCollection`1<!0>
[Debug  :Il2CppInteropGen] Method Unity.Properties.PropertyCollection`1<!0> Unity.Properties.SetPropertyBagBase`2::GetProperties() has unsupported return type Unity.Properties.PropertyCollection`1<!0>
[Debug  :Il2CppInteropGen] Method Unity.Properties.PropertyCollection`1<!0> Unity.Properties.SetPropertyBagBase`2::GetProperties(!0&) has unsupported return type Unity.Properties.PropertyCollection`1<!0>
[Debug  :Il2CppInteropGen] Method Unity.Properties.PropertyPath Unity.Properties.PathVisitor::get_Path() has unsupported return type Unity.Properties.PropertyPath
[Debug  :Il2CppInteropGen] Method System.Void Unity.Properties.PathVisitor::set_Path(Unity.Properties.PropertyPath) has unsupported parameter type Unity.Properties.PropertyPath value
[Debug  :Il2CppInteropGen] Method System.Void Unity.Properties.PropertyVisitor::Unity.Properties.IListPropertyBagVisitor.Visit<TList, TElement>(Unity.Properties.IListPropertyBag`2<!!0, !!1>, !!0&) has unsupported parameter type Unity.Properties.IListPropertyBag`2<!!0, !!1> properties
[Debug  :Il2CppInteropGen] Method System.Void Unity.Properties.PropertyVisitor::Unity.Properties.IDictionaryPropertyBagVisitor.Visit<TDictionary, TKey, TValue>(Unity.Properties.IDictionaryPropertyBag`3<!!0, !!1, !!2>, !!0&) has unsupported parameter type Unity.Properties.IDictionaryPropertyBag`3<!!0, !!1, !!2> properties
[Debug  :Il2CppInteropGen] Method System.Boolean Unity.Properties.PropertyVisitor::IsExcluded<TContainer, TValue>(Unity.Properties.Property`2<!!0, !!1>, Unity.Properties.Internal.ReadOnlyAdapterCollection+Enumerator, !!0&, !!1&) has unsupported parameter type Unity.Properties.Internal.ReadOnlyAdapterCollection+Enumerator enumerator
[Debug  :Il2CppInteropGen] Method System.Void Unity.Properties.PropertyVisitor::ContinueVisitation<TContainer, TValue>(Unity.Properties.Property`2<!!0, !!1>, Unity.Properties.Internal.ReadOnlyAdapterCollection+Enumerator, !!0&, !!1&) has unsupported parameter type Unity.Properties.Internal.ReadOnlyAdapterCollection+Enumerator enumerator
[Debug  :Il2CppInteropGen] Method System.Void Unity.Properties.PropertyVisitor::ContinueVisitationWithoutAdapters<TContainer, TValue>(Unity.Properties.Property`2<!!0, !!1>, Unity.Properties.Internal.ReadOnlyAdapterCollection+Enumerator, !!0&, !!1&) has unsupported parameter type Unity.Properties.Internal.ReadOnlyAdapterCollection+Enumerator enumerator
[Debug  :Il2CppInteropGen] Method System.Void Unity.Properties.TypeConversion::Register<TSource, TDestination>(Unity.Properties.TypeConverter`2<!!0, !!1>) has unsupported parameter type Unity.Properties.TypeConverter`2<!!0, !!1> converter
[Debug  :Il2CppInteropGen] Method System.Void UnityEngine.U2D.SpriteShapeRenderer::Prepare(Unity.Jobs.JobHandle, UnityEngine.U2D.SpriteShapeParameters, UnityEngine.Sprite[]) has unsupported parameter type UnityEngine.U2D.SpriteShapeParameters shapeParams
[Debug  :Il2CppInteropGen] Method UnityEngine.U2D.SpriteChannelInfo UnityEngine.U2D.SpriteShapeRenderer::GetDataInfo(UnityEngine.U2D.SpriteShapeDataType) has unsupported return type UnityEngine.U2D.SpriteChannelInfo
[Debug  :Il2CppInteropGen] Method UnityEngine.U2D.SpriteChannelInfo UnityEngine.U2D.SpriteShapeRenderer::GetChannelInfo(UnityEngine.Rendering.VertexAttribute) has unsupported return type UnityEngine.U2D.SpriteChannelInfo
[Debug  :Il2CppInteropGen] Method Unity.Collections.NativeArray`1<UnityEngine.U2D.SpriteShapeSegment> UnityEngine.U2D.SpriteShapeRenderer::GetSegments(System.Int32) has unsupported return type Unity.Collections.NativeArray`1<UnityEngine.U2D.SpriteShapeSegment>
[Debug  :Il2CppInteropGen] Method System.Void UnityEngine.U2D.SpriteShapeRenderer::Prepare_Injected(Unity.Jobs.JobHandle&, UnityEngine.U2D.SpriteShapeParameters&, UnityEngine.Sprite[]) has unsupported parameter type UnityEngine.U2D.SpriteShapeParameters& shapeParams
[Debug  :Il2CppInteropGen] Method System.Void UnityEngine.U2D.SpriteShapeRenderer::GetDataInfo_Injected(UnityEngine.U2D.SpriteShapeDataType, UnityEngine.U2D.SpriteChannelInfo&) has unsupported parameter type UnityEngine.U2D.SpriteChannelInfo& ret
[Debug  :Il2CppInteropGen] Method System.Void UnityEngine.U2D.SpriteShapeRenderer::GetChannelInfo_Injected(UnityEngine.Rendering.VertexAttribute, UnityEngine.U2D.SpriteChannelInfo&) has unsupported parameter type UnityEngine.U2D.SpriteChannelInfo& ret
[Debug  :Il2CppInteropGen] Method System.Int32[] UnityEngine.U2D.SpriteShapeUtility::Generate(UnityEngine.Mesh, UnityEngine.U2D.SpriteShapeParameters, UnityEngine.U2D.ShapeControlPoint[], UnityEngine.U2D.SpriteShapeMetaData[], UnityEngine.U2D.AngleRangeInfo[], UnityEngine.Sprite[], UnityEngine.Sprite[]) has unsupported parameter type UnityEngine.U2D.SpriteShapeParameters shapeParams
[Debug  :Il2CppInteropGen] Method System.Void UnityEngine.U2D.SpriteShapeUtility::GenerateSpriteShape(UnityEngine.U2D.SpriteShapeRenderer, UnityEngine.U2D.SpriteShapeParameters, UnityEngine.U2D.ShapeControlPoint[], UnityEngine.U2D.SpriteShapeMetaData[], UnityEngine.U2D.AngleRangeInfo[], UnityEngine.Sprite[], UnityEngine.Sprite[]) has unsupported parameter type UnityEngine.U2D.SpriteShapeParameters shapeParams
[Debug  :Il2CppInteropGen] Method System.Int32[] UnityEngine.U2D.SpriteShapeUtility::Generate_Injected(UnityEngine.Mesh, UnityEngine.U2D.SpriteShapeParameters&, UnityEngine.U2D.ShapeControlPoint[], UnityEngine.U2D.SpriteShapeMetaData[], UnityEngine.U2D.AngleRangeInfo[], UnityEngine.Sprite[], UnityEngine.Sprite[]) has unsupported parameter type UnityEngine.U2D.SpriteShapeParameters& shapeParams
[Debug  :Il2CppInteropGen] Method System.Void UnityEngine.U2D.SpriteShapeUtility::GenerateSpriteShape_Injected(UnityEngine.U2D.SpriteShapeRenderer, UnityEngine.U2D.SpriteShapeParameters&, UnityEngine.U2D.ShapeControlPoint[], UnityEngine.U2D.SpriteShapeMetaData[], UnityEngine.U2D.AngleRangeInfo[], UnityEngine.Sprite[], UnityEngine.Sprite[]) has unsupported parameter type UnityEngine.U2D.SpriteShapeParameters& shapeParams
[Debug  :Il2CppInteropGen] Method UnityEngine.SubsystemsImplementation.SubsystemProxy`2<!!0, !!1> UnityEngine.SubsystemsImplementation.Extensions.SubsystemDescriptorExtensions::CreateProxy<TSubsystem, TProvider>(UnityEngine.SubsystemsImplementation.SubsystemDescriptorWithProvider`2<!!0, !!1>) has unsupported return type UnityEngine.SubsystemsImplementation.SubsystemProxy`2<!!0, !!1>
[Debug  :Il2CppInteropGen] Method !!2 UnityEngine.SubsystemsImplementation.Extensions.SubsystemExtensions::GetProvider<TSubsystem, TDescriptor, TProvider>(UnityEngine.SubsystemsImplementation.SubsystemWithProvider`3<!!0, !!1, !!2>) has unsupported parameter type UnityEngine.SubsystemsImplementation.SubsystemWithProvider`3<!!0, !!1, !!2> subsystem
[Debug  :Il2CppInteropGen] Method System.Single[0..., 0...] UnityEngine.TerrainData::GetInterpolatedHeights(System.Single, System.Single, System.Int32, System.Int32, System.Single, System.Single) has unsupported return type System.Single[0..., 0...]
[Debug  :Il2CppInteropGen] Method System.Void UnityEngine.TerrainData::GetInterpolatedHeights(System.Single[0..., 0...], System.Int32, System.Int32, System.Single, System.Single, System.Int32, System.Int32, System.Single, System.Single) has unsupported parameter type System.Single[0..., 0...] results
[Debug  :Il2CppInteropGen] Method System.Void UnityEngine.TerrainData::Internal_GetInterpolatedHeights(System.Single[0..., 0...], System.Int32, System.Int32, System.Int32, System.Single, System.Single, System.Int32, System.Int32, System.Single, System.Single) has unsupported parameter type System.Single[0..., 0...] results
[Debug  :Il2CppInteropGen] Method System.Void UnityEngine.TerrainData::SetHeights(System.Int32, System.Int32, System.Single[0..., 0...]) has unsupported parameter type System.Single[0..., 0...] heights
[Debug  :Il2CppInteropGen] Method System.Void UnityEngine.TerrainData::Internal_SetHeights(System.Int32, System.Int32, System.Int32, System.Int32, System.Single[0..., 0...]) has unsupported parameter type System.Single[0..., 0...] heights
[Debug  :Il2CppInteropGen] Method UnityEngine.PatchExtents[] UnityEngine.TerrainData::GetPatchMinMaxHeights() has unsupported return type UnityEngine.PatchExtents[]
[Debug  :Il2CppInteropGen] Method System.Void UnityEngine.TerrainData::OverrideMinMaxPatchHeights(UnityEngine.PatchExtents[]) has unsupported parameter type UnityEngine.PatchExtents[] minMaxHeights
[Debug  :Il2CppInteropGen] Method System.Void UnityEngine.TerrainData::SetHeightsDelayLOD(System.Int32, System.Int32, System.Single[0..., 0...]) has unsupported parameter type System.Single[0..., 0...] heights
[Debug  :Il2CppInteropGen] Method System.Void UnityEngine.TerrainData::Internal_SetHeightsDelayLOD(System.Int32, System.Int32, System.Int32, System.Int32, System.Single[0..., 0...]) has unsupported parameter type System.Single[0..., 0...] heights
[Debug  :Il2CppInteropGen] Method System.Boolean[0..., 0...] UnityEngine.TerrainData::GetHoles(System.Int32, System.Int32, System.Int32, System.Int32) has unsupported return type System.Boolean[0..., 0...]
[Debug  :Il2CppInteropGen] Method System.Void UnityEngine.TerrainData::SetHoles(System.Int32, System.Int32, System.Boolean[0..., 0...]) has unsupported parameter type System.Boolean[0..., 0...] holes
[Debug  :Il2CppInteropGen] Method System.Void UnityEngine.TerrainData::SetHolesDelayLOD(System.Int32, System.Int32, System.Boolean[0..., 0...]) has unsupported parameter type System.Boolean[0..., 0...] holes
[Debug  :Il2CppInteropGen] Method System.Void UnityEngine.TerrainData::Internal_SetHoles(System.Int32, System.Int32, System.Int32, System.Int32, System.Boolean[0..., 0...]) has unsupported parameter type System.Boolean[0..., 0...] holes
[Debug  :Il2CppInteropGen] Method System.Boolean[0..., 0...] UnityEngine.TerrainData::Internal_GetHoles(System.Int32, System.Int32, System.Int32, System.Int32) has unsupported return type System.Boolean[0..., 0...]
[Debug  :Il2CppInteropGen] Method System.Void UnityEngine.TerrainData::Internal_SetHolesDelayLOD(System.Int32, System.Int32, System.Int32, System.Int32, System.Boolean[0..., 0...]) has unsupported parameter type System.Boolean[0..., 0...] holes
[Debug  :Il2CppInteropGen] Method System.Int32[0..., 0...] UnityEngine.TerrainData::GetDetailLayer(UnityEngine.Vector2Int, UnityEngine.Vector2Int, System.Int32) has unsupported return type System.Int32[0..., 0...]
[Debug  :Il2CppInteropGen] Method UnityEngine.DetailInstanceTransform[] UnityEngine.TerrainData::ComputeDetailInstanceTransforms(System.Int32, System.Int32, System.Int32, System.Single, UnityEngine.Bounds&) has unsupported return type UnityEngine.DetailInstanceTransform[]
[Debug  :Il2CppInteropGen] Method System.Void UnityEngine.TerrainData::SetDetailLayer(System.Int32, System.Int32, System.Int32, System.Int32[0..., 0...]) has unsupported parameter type System.Int32[0..., 0...] details
[Debug  :Il2CppInteropGen] Method System.Void UnityEngine.TerrainData::SetDetailLayer(UnityEngine.Vector2Int, System.Int32, System.Int32[0..., 0...]) has unsupported parameter type System.Int32[0..., 0...] details
[Debug  :Il2CppInteropGen] Method System.Void UnityEngine.TerrainData::Internal_SetDetailLayer(System.Int32, System.Int32, System.Int32, System.Int32, System.Int32, System.Int32[0..., 0...]) has unsupported parameter type System.Int32[0..., 0...] data
[Debug  :Il2CppInteropGen] Method System.Void UnityEngine.TerrainData::SetAlphamaps(System.Int32, System.Int32, System.Single[0..., 0..., 0...]) has unsupported parameter type System.Single[0..., 0..., 0...] map
[Debug  :Il2CppInteropGen] Method System.Void UnityEngine.TerrainData::Internal_SetAlphamaps(System.Int32, System.Int32, System.Int32, System.Int32, System.Single[0..., 0..., 0...]) has unsupported parameter type System.Single[0..., 0..., 0...] map
[Debug  :Il2CppInteropGen] Method System.Boolean UnityEngine.TreePrototype::ValidateTreePrototype(UnityEngine.TreePrototype, System.String&) has a reference-typed ref parameter, this will be ignored
[Debug  :Il2CppInteropGen] Method System.Boolean UnityEngine.DetailPrototype::ValidateDetailPrototype(UnityEngine.DetailPrototype, System.String&) has a reference-typed ref parameter, this will be ignored
[Debug  :Il2CppInteropGen] Method UnityEngine.TextCore.LowLevel.OTL_Table UnityEngine.TextCore.LowLevel.FontEngine::GetOpenTypeLayoutTable(UnityEngine.TextCore.LowLevel.OTL_TableType) has unsupported return type UnityEngine.TextCore.LowLevel.OTL_Table
[Debug  :Il2CppInteropGen] Method UnityEngine.TextCore.LowLevel.OTL_Script[] UnityEngine.TextCore.LowLevel.FontEngine::GetOpenTypeLayoutScripts() has unsupported return type UnityEngine.TextCore.LowLevel.OTL_Script[]
[Debug  :Il2CppInteropGen] Method UnityEngine.TextCore.LowLevel.OTL_Feature[] UnityEngine.TextCore.LowLevel.FontEngine::GetOpenTypeLayoutFeatures() has unsupported return type UnityEngine.TextCore.LowLevel.OTL_Feature[]
[Debug  :Il2CppInteropGen] Method UnityEngine.TextCore.LowLevel.OTL_Lookup[] UnityEngine.TextCore.LowLevel.FontEngine::GetOpenTypeLayoutLookups() has unsupported return type UnityEngine.TextCore.LowLevel.OTL_Lookup[]
[Debug  :Il2CppInteropGen] Method UnityEngine.TextCore.LowLevel.SingleSubstitutionRecord[] UnityEngine.TextCore.LowLevel.FontEngine::GetAllSingleSubstitutionRecords() has unsupported return type UnityEngine.TextCore.LowLevel.SingleSubstitutionRecord[]
[Debug  :Il2CppInteropGen] Method UnityEngine.TextCore.LowLevel.SingleSubstitutionRecord[] UnityEngine.TextCore.LowLevel.FontEngine::GetSingleSubstitutionRecords(System.Int32, System.UInt32) has unsupported return type UnityEngine.TextCore.LowLevel.SingleSubstitutionRecord[]
[Debug  :Il2CppInteropGen] Method UnityEngine.TextCore.LowLevel.SingleSubstitutionRecord[] UnityEngine.TextCore.LowLevel.FontEngine::GetSingleSubstitutionRecords(System.Int32, System.Collections.Generic.List`1<System.UInt32>) has unsupported return type UnityEngine.TextCore.LowLevel.SingleSubstitutionRecord[]
[Debug  :Il2CppInteropGen] Method UnityEngine.TextCore.LowLevel.SingleSubstitutionRecord[] UnityEngine.TextCore.LowLevel.FontEngine::GetSingleSubstitutionRecords(System.Int32, System.UInt32[]) has unsupported return type UnityEngine.TextCore.LowLevel.SingleSubstitutionRecord[]
[Debug  :Il2CppInteropGen] Method System.Int32 UnityEngine.TextCore.LowLevel.FontEngine::GetSingleSubstitutionRecordsFromMarshallingArray(UnityEngine.TextCore.LowLevel.SingleSubstitutionRecord[]) has unsupported parameter type UnityEngine.TextCore.LowLevel.SingleSubstitutionRecord[] singleSubstitutionRecords
[Debug  :Il2CppInteropGen] Method UnityEngine.TextCore.LowLevel.AlternateSubstitutionRecord[] UnityEngine.TextCore.LowLevel.FontEngine::GetAllAlternateSubstitutionRecords() has unsupported return type UnityEngine.TextCore.LowLevel.AlternateSubstitutionRecord[]
[Debug  :Il2CppInteropGen] Method UnityEngine.TextCore.LowLevel.AlternateSubstitutionRecord[] UnityEngine.TextCore.LowLevel.FontEngine::GetAlternateSubstitutionRecords(System.Int32, System.UInt32) has unsupported return type UnityEngine.TextCore.LowLevel.AlternateSubstitutionRecord[]
[Debug  :Il2CppInteropGen] Method UnityEngine.TextCore.LowLevel.AlternateSubstitutionRecord[] UnityEngine.TextCore.LowLevel.FontEngine::GetAlternateSubstitutionRecords(System.Int32, System.Collections.Generic.List`1<System.UInt32>) has unsupported return type UnityEngine.TextCore.LowLevel.AlternateSubstitutionRecord[]
[Debug  :Il2CppInteropGen] Method UnityEngine.TextCore.LowLevel.AlternateSubstitutionRecord[] UnityEngine.TextCore.LowLevel.FontEngine::GetAlternateSubstitutionRecords(System.Int32, System.UInt32[]) has unsupported return type UnityEngine.TextCore.LowLevel.AlternateSubstitutionRecord[]
[Debug  :Il2CppInteropGen] Method System.Int32 UnityEngine.TextCore.LowLevel.FontEngine::GetAlternateSubstitutionRecordsFromMarshallingArray(UnityEngine.TextCore.LowLevel.AlternateSubstitutionRecord[]) has unsupported parameter type UnityEngine.TextCore.LowLevel.AlternateSubstitutionRecord[] singleSubstitutionRecords
[Debug  :Il2CppInteropGen] Method UnityEngine.TextCore.LowLevel.ContextualSubstitutionRecord[] UnityEngine.TextCore.LowLevel.FontEngine::GetAllContextualSubstitutionRecords() has unsupported return type UnityEngine.TextCore.LowLevel.ContextualSubstitutionRecord[]
[Debug  :Il2CppInteropGen] Method UnityEngine.TextCore.LowLevel.ContextualSubstitutionRecord[] UnityEngine.TextCore.LowLevel.FontEngine::GetContextualSubstitutionRecords(System.Int32, System.UInt32) has unsupported return type UnityEngine.TextCore.LowLevel.ContextualSubstitutionRecord[]
[Debug  :Il2CppInteropGen] Method UnityEngine.TextCore.LowLevel.ContextualSubstitutionRecord[] UnityEngine.TextCore.LowLevel.FontEngine::GetContextualSubstitutionRecords(System.Int32, System.Collections.Generic.List`1<System.UInt32>) has unsupported return type UnityEngine.TextCore.LowLevel.ContextualSubstitutionRecord[]
[Debug  :Il2CppInteropGen] Method UnityEngine.TextCore.LowLevel.ContextualSubstitutionRecord[] UnityEngine.TextCore.LowLevel.FontEngine::GetContextualSubstitutionRecords(System.Int32, System.UInt32[]) has unsupported return type UnityEngine.TextCore.LowLevel.ContextualSubstitutionRecord[]
[Debug  :Il2CppInteropGen] Method System.Int32 UnityEngine.TextCore.LowLevel.FontEngine::GetContextualSubstitutionRecordsFromMarshallingArray(UnityEngine.TextCore.LowLevel.ContextualSubstitutionRecord[]) has unsupported parameter type UnityEngine.TextCore.LowLevel.ContextualSubstitutionRecord[] substitutionRecords
[Debug  :Il2CppInteropGen] Method UnityEngine.TextCore.LowLevel.ChainingContextualSubstitutionRecord[] UnityEngine.TextCore.LowLevel.FontEngine::GetAllChainingContextualSubstitutionRecords() has unsupported return type UnityEngine.TextCore.LowLevel.ChainingContextualSubstitutionRecord[]
[Debug  :Il2CppInteropGen] Method UnityEngine.TextCore.LowLevel.ChainingContextualSubstitutionRecord[] UnityEngine.TextCore.LowLevel.FontEngine::GetChainingContextualSubstitutionRecords(System.Int32, System.UInt32) has unsupported return type UnityEngine.TextCore.LowLevel.ChainingContextualSubstitutionRecord[]
[Debug  :Il2CppInteropGen] Method UnityEngine.TextCore.LowLevel.ChainingContextualSubstitutionRecord[] UnityEngine.TextCore.LowLevel.FontEngine::GetChainingContextualSubstitutionRecords(System.Int32, System.Collections.Generic.List`1<System.UInt32>) has unsupported return type UnityEngine.TextCore.LowLevel.ChainingContextualSubstitutionRecord[]
[Debug  :Il2CppInteropGen] Method UnityEngine.TextCore.LowLevel.ChainingContextualSubstitutionRecord[] UnityEngine.TextCore.LowLevel.FontEngine::GetChainingContextualSubstitutionRecords(System.Int32, System.UInt32[]) has unsupported return type UnityEngine.TextCore.LowLevel.ChainingContextualSubstitutionRecord[]
[Debug  :Il2CppInteropGen] Method System.Int32 UnityEngine.TextCore.LowLevel.FontEngine::GetChainingContextualSubstitutionRecordsFromMarshallingArray(UnityEngine.TextCore.LowLevel.ChainingContextualSubstitutionRecord[]) has unsupported parameter type UnityEngine.TextCore.LowLevel.ChainingContextualSubstitutionRecord[] substitutionRecords
[Debug  :Il2CppInteropGen] Method System.Void UnityEngine.TextCore.LowLevel.FontEngine::GetOpenTypeLayoutTable_Injected(UnityEngine.TextCore.LowLevel.OTL_TableType, UnityEngine.TextCore.LowLevel.OTL_Table&) has unsupported parameter type UnityEngine.TextCore.LowLevel.OTL_Table& ret
[Debug  :Il2CppInteropGen] Method System.Void UnityEngine.TextCore.Text.UnicodeLineBreakingRules::set_leadingCharactersLookup(System.Collections.Generic.HashSet`1<System.UInt32>) has unsupported parameter type System.Collections.Generic.HashSet`1<System.UInt32> value
[Debug  :Il2CppInteropGen] Method System.Void UnityEngine.TextCore.Text.UnicodeLineBreakingRules::set_followingCharactersLookup(System.Collections.Generic.HashSet`1<System.UInt32>) has unsupported parameter type System.Collections.Generic.HashSet`1<System.UInt32> value
[Debug  :Il2CppInteropGen] Method UnityEngine.CharacterInfo[] UnityEngine.Font::get_characterInfo() has unsupported return type UnityEngine.CharacterInfo[]
[Debug  :Il2CppInteropGen] Method System.Void UnityEngine.Font::set_characterInfo(UnityEngine.CharacterInfo[]) has unsupported parameter type UnityEngine.CharacterInfo[] value
[Debug  :Il2CppInteropGen] Method System.Boolean UnityEngine.Font::GetCharacterInfo(System.Char, UnityEngine.CharacterInfo&, System.Int32, UnityEngine.FontStyle) has unsupported parameter type UnityEngine.CharacterInfo& info
[Debug  :Il2CppInteropGen] Method System.Boolean UnityEngine.Font::GetCharacterInfo(System.Char, UnityEngine.CharacterInfo&, System.Int32) has unsupported parameter type UnityEngine.CharacterInfo& info
[Debug  :Il2CppInteropGen] Method System.Boolean UnityEngine.Font::GetCharacterInfo(System.Char, UnityEngine.CharacterInfo&) has unsupported parameter type UnityEngine.CharacterInfo& info
[Debug  :Il2CppInteropGen] Method System.Void UnityEngine.Tilemaps.Tilemap::SetTile_Injected(UnityEngine.Tilemaps.TileChangeData&, System.Boolean) has a reference-typed ref parameter, this will be ignored
[Debug  :Il2CppInteropGen] Method System.UInt32 Unity.TLS.LowLevel.Binding::unitytls_client_send_data(Unity.TLS.LowLevel.Binding+unitytls_client*, System.Byte*, System.UIntPtr) has unsupported parameter type Unity.TLS.LowLevel.Binding+unitytls_client* clientInstance
[Debug  :Il2CppInteropGen] Method System.UInt32 Unity.TLS.LowLevel.Binding::unitytls_client_read_data(Unity.TLS.LowLevel.Binding+unitytls_client*, System.Byte*, System.UIntPtr, System.UIntPtr*) has unsupported parameter type Unity.TLS.LowLevel.Binding+unitytls_client* clientInstance
[Debug  :Il2CppInteropGen] Method System.Void Unity.TLS.LowLevel.Binding::unitytls_client_add_ciphersuite(Unity.TLS.LowLevel.Binding+unitytls_client*, System.UInt32) has unsupported parameter type Unity.TLS.LowLevel.Binding+unitytls_client* clientInstance
[Debug  :Il2CppInteropGen] Method System.UInt32 Unity.TLS.LowLevel.Binding::unitytls_client_get_ciphersuite(Unity.TLS.LowLevel.Binding+unitytls_client*, System.Int32) has unsupported parameter type Unity.TLS.LowLevel.Binding+unitytls_client* clientInstance
[Debug  :Il2CppInteropGen] Method System.Int32 Unity.TLS.LowLevel.Binding::unitytls_client_get_ciphersuite_cnt(Unity.TLS.LowLevel.Binding+unitytls_client*) has unsupported parameter type Unity.TLS.LowLevel.Binding+unitytls_client* clientInstance
[Debug  :Il2CppInteropGen] Method System.Void Unity.TLS.LowLevel.Binding::unitytls_client_init_config(Unity.TLS.LowLevel.Binding+unitytls_client_config*) has unsupported parameter type Unity.TLS.LowLevel.Binding+unitytls_client_config* config
[Debug  :Il2CppInteropGen] Method Unity.TLS.LowLevel.Binding+unitytls_client* Unity.TLS.LowLevel.Binding::unitytls_client_create(System.UInt32, Unity.TLS.LowLevel.Binding+unitytls_client_config*) has unsupported return type Unity.TLS.LowLevel.Binding+unitytls_client*
[Debug  :Il2CppInteropGen] Method System.Void Unity.TLS.LowLevel.Binding::unitytls_client_destroy(Unity.TLS.LowLevel.Binding+unitytls_client*) has unsupported parameter type Unity.TLS.LowLevel.Binding+unitytls_client* clientInstance
[Debug  :Il2CppInteropGen] Method System.Int32 Unity.TLS.LowLevel.Binding::unitytls_client_init(Unity.TLS.LowLevel.Binding+unitytls_client*) has unsupported parameter type Unity.TLS.LowLevel.Binding+unitytls_client* clientInstance
[Debug  :Il2CppInteropGen] Method System.UInt32 Unity.TLS.LowLevel.Binding::unitytls_client_handshake(Unity.TLS.LowLevel.Binding+unitytls_client*) has unsupported parameter type Unity.TLS.LowLevel.Binding+unitytls_client* clientInstance
[Debug  :Il2CppInteropGen] Method System.UInt32 Unity.TLS.LowLevel.Binding::unitytls_client_set_cookie_info(Unity.TLS.LowLevel.Binding+unitytls_client*, System.Byte*, System.Int32) has unsupported parameter type Unity.TLS.LowLevel.Binding+unitytls_client* clientInstance
[Debug  :Il2CppInteropGen] Method System.UInt32 Unity.TLS.LowLevel.Binding::unitytls_client_get_handshake_state(Unity.TLS.LowLevel.Binding+unitytls_client*) has unsupported parameter type Unity.TLS.LowLevel.Binding+unitytls_client* clientInstance
[Debug  :Il2CppInteropGen] Method System.UInt32 Unity.TLS.LowLevel.Binding::unitytls_client_get_errorsState(Unity.TLS.LowLevel.Binding+unitytls_client*, System.UInt64*) has unsupported parameter type Unity.TLS.LowLevel.Binding+unitytls_client* clientInstance
[Debug  :Il2CppInteropGen] Method System.UInt32 Unity.TLS.LowLevel.Binding::unitytls_client_get_state(Unity.TLS.LowLevel.Binding+unitytls_client*) has unsupported parameter type Unity.TLS.LowLevel.Binding+unitytls_client* clientInstance
[Debug  :Il2CppInteropGen] Method System.UInt32 Unity.TLS.LowLevel.Binding::unitytls_client_get_role(Unity.TLS.LowLevel.Binding+unitytls_client*) has unsupported parameter type Unity.TLS.LowLevel.Binding+unitytls_client* clientInstance
[Debug  :Il2CppInteropGen] Method System.Collections.Generic.Dictionary`2<System.String, UnityEngine.UIElements.EventDebugger+HistogramRecord> UnityEngine.UIElements.EventDebugger::ComputeHistogram(System.Collections.Generic.List`1<UnityEngine.UIElements.EventDebuggerEventRecord>) has unsupported return type System.Collections.Generic.Dictionary`2<System.String, UnityEngine.UIElements.EventDebugger+HistogramRecord>
[Debug  :Il2CppInteropGen] Method System.Int32 UnityEngine.UIElements.UIDocumentHierarchyUtil::FindHierarchicalSortedIndex(System.Collections.Generic.SortedDictionary`2<UnityEngine.UIElements.UIDocumentHierarchicalIndex, UnityEngine.UIElements.UIDocument>, UnityEngine.UIElements.UIDocument) has unsupported parameter type System.Collections.Generic.SortedDictionary`2<UnityEngine.UIElements.UIDocumentHierarchicalIndex, UnityEngine.UIElements.UIDocument> children
[Debug  :Il2CppInteropGen] Method System.Void UnityEngine.UIElements.UIDocumentHierarchyUtil::SetHierarchicalIndex(UnityEngine.Transform, UnityEngine.Transform, UnityEngine.Transform, UnityEngine.UIElements.UIDocumentHierarchicalIndex&) has unsupported parameter type UnityEngine.UIElements.UIDocumentHierarchicalIndex& hierarchicalIndex
[Debug  :Il2CppInteropGen] Method System.Void UnityEngine.UIElements.UIDocumentHierarchyUtil::SetGlobalIndex(UnityEngine.Transform, UnityEngine.Transform, UnityEngine.UIElements.UIDocumentHierarchicalIndex&) has unsupported parameter type UnityEngine.UIElements.UIDocumentHierarchicalIndex& globalIndex
[Debug  :Il2CppInteropGen] Method System.Int32 UnityEngine.UIElements.UIDocumentHierarchicalIndexComparer::Compare(UnityEngine.UIElements.UIDocumentHierarchicalIndex, UnityEngine.UIElements.UIDocumentHierarchicalIndex) has unsupported parameter type UnityEngine.UIElements.UIDocumentHierarchicalIndex x
[Debug  :Il2CppInteropGen] Method UnityEngine.Vector2 UnityEngine.UIElements.TextNative::GetCursorPosition(UnityEngine.UIElements.TextNativeSettings, UnityEngine.Rect, System.Int32) has unsupported parameter type UnityEngine.UIElements.TextNativeSettings settings
[Debug  :Il2CppInteropGen] Method System.Single UnityEngine.UIElements.TextNative::ComputeTextWidth(UnityEngine.UIElements.TextNativeSettings) has unsupported parameter type UnityEngine.UIElements.TextNativeSettings settings
[Debug  :Il2CppInteropGen] Method System.Single UnityEngine.UIElements.TextNative::ComputeTextHeight(UnityEngine.UIElements.TextNativeSettings) has unsupported parameter type UnityEngine.UIElements.TextNativeSettings settings
[Debug  :Il2CppInteropGen] Method Unity.Collections.NativeArray`1<UnityEngine.UIElements.TextVertex> UnityEngine.UIElements.TextNative::GetVertices(UnityEngine.UIElements.TextNativeSettings) has unsupported parameter type UnityEngine.UIElements.TextNativeSettings settings
[Debug  :Il2CppInteropGen] Method UnityEngine.Vector2 UnityEngine.UIElements.TextNative::GetOffset(UnityEngine.UIElements.TextNativeSettings, UnityEngine.Rect) has unsupported parameter type UnityEngine.UIElements.TextNativeSettings settings
[Debug  :Il2CppInteropGen] Method System.Single UnityEngine.UIElements.TextNative::DoComputeTextWidth(UnityEngine.UIElements.TextNativeSettings) has unsupported parameter type UnityEngine.UIElements.TextNativeSettings settings
[Debug  :Il2CppInteropGen] Method System.Single UnityEngine.UIElements.TextNative::DoComputeTextHeight(UnityEngine.UIElements.TextNativeSettings) has unsupported parameter type UnityEngine.UIElements.TextNativeSettings settings
[Debug  :Il2CppInteropGen] Method UnityEngine.Vector2 UnityEngine.UIElements.TextNative::DoGetCursorPosition(UnityEngine.UIElements.TextNativeSettings, UnityEngine.Rect, System.Int32) has unsupported parameter type UnityEngine.UIElements.TextNativeSettings settings
[Debug  :Il2CppInteropGen] Method System.Void UnityEngine.UIElements.TextNative::GetVertices(UnityEngine.UIElements.TextNativeSettings, System.IntPtr, System.Int32, System.Int32&) has unsupported parameter type UnityEngine.UIElements.TextNativeSettings settings
[Debug  :Il2CppInteropGen] Method UnityEngine.Vector2 UnityEngine.UIElements.TextNative::DoGetOffset(UnityEngine.UIElements.TextNativeSettings, UnityEngine.Rect) has unsupported parameter type UnityEngine.UIElements.TextNativeSettings settings
[Debug  :Il2CppInteropGen] Method System.Single UnityEngine.UIElements.TextNative::DoComputeTextWidth_Injected(UnityEngine.UIElements.TextNativeSettings&) has unsupported parameter type UnityEngine.UIElements.TextNativeSettings& settings
[Debug  :Il2CppInteropGen] Method System.Single UnityEngine.UIElements.TextNative::DoComputeTextHeight_Injected(UnityEngine.UIElements.TextNativeSettings&) has unsupported parameter type UnityEngine.UIElements.TextNativeSettings& settings
[Debug  :Il2CppInteropGen] Method System.Void UnityEngine.UIElements.TextNative::DoGetCursorPosition_Injected(UnityEngine.UIElements.TextNativeSettings&, UnityEngine.Rect&, System.Int32, UnityEngine.Vector2&) has unsupported parameter type UnityEngine.UIElements.TextNativeSettings& settings
[Debug  :Il2CppInteropGen] Method System.Void UnityEngine.UIElements.TextNative::GetVertices_Injected(UnityEngine.UIElements.TextNativeSettings&, System.IntPtr, System.Int32, System.Int32&) has unsupported parameter type UnityEngine.UIElements.TextNativeSettings& settings
[Debug  :Il2CppInteropGen] Method System.Void UnityEngine.UIElements.TextNative::DoGetOffset_Injected(UnityEngine.UIElements.TextNativeSettings&, UnityEngine.Rect&, UnityEngine.Vector2&) has unsupported parameter type UnityEngine.UIElements.TextNativeSettings& settings
[Debug  :Il2CppInteropGen] Method UnityEngine.UIElements.TextureRegistry+Statistics UnityEngine.UIElements.TextureRegistry::GatherStatistics() has unsupported return type UnityEngine.UIElements.TextureRegistry+Statistics
[Debug  :Il2CppInteropGen] Method UnityEngine.UIElements.StyleList`1<UnityEngine.UIElements.TimeValue> UnityEngine.UIElements.InlineStyleAccess::UnityEngine.UIElements.IStyle.get_transitionDelay() has unsupported return type UnityEngine.UIElements.StyleList`1<UnityEngine.UIElements.TimeValue>
[Debug  :Il2CppInteropGen] Method System.Void UnityEngine.UIElements.InlineStyleAccess::UnityEngine.UIElements.IStyle.set_transitionDelay(UnityEngine.UIElements.StyleList`1<UnityEngine.UIElements.TimeValue>) has unsupported parameter type UnityEngine.UIElements.StyleList`1<UnityEngine.UIElements.TimeValue> value
[Debug  :Il2CppInteropGen] Method UnityEngine.UIElements.StyleList`1<UnityEngine.UIElements.TimeValue> UnityEngine.UIElements.InlineStyleAccess::UnityEngine.UIElements.IStyle.get_transitionDuration() has unsupported return type UnityEngine.UIElements.StyleList`1<UnityEngine.UIElements.TimeValue>
[Debug  :Il2CppInteropGen] Method System.Void UnityEngine.UIElements.InlineStyleAccess::UnityEngine.UIElements.IStyle.set_transitionDuration(UnityEngine.UIElements.StyleList`1<UnityEngine.UIElements.TimeValue>) has unsupported parameter type UnityEngine.UIElements.StyleList`1<UnityEngine.UIElements.TimeValue> value
[Debug  :Il2CppInteropGen] Method UnityEngine.UIElements.StyleList`1<UnityEngine.UIElements.StylePropertyName> UnityEngine.UIElements.InlineStyleAccess::UnityEngine.UIElements.IStyle.get_transitionProperty() has unsupported return type UnityEngine.UIElements.StyleList`1<UnityEngine.UIElements.StylePropertyName>
[Debug  :Il2CppInteropGen] Method System.Void UnityEngine.UIElements.InlineStyleAccess::UnityEngine.UIElements.IStyle.set_transitionProperty(UnityEngine.UIElements.StyleList`1<UnityEngine.UIElements.StylePropertyName>) has unsupported parameter type UnityEngine.UIElements.StyleList`1<UnityEngine.UIElements.StylePropertyName> value
[Debug  :Il2CppInteropGen] Method UnityEngine.UIElements.StyleList`1<UnityEngine.UIElements.EasingFunction> UnityEngine.UIElements.InlineStyleAccess::UnityEngine.UIElements.IStyle.get_transitionTimingFunction() has unsupported return type UnityEngine.UIElements.StyleList`1<UnityEngine.UIElements.EasingFunction>
[Debug  :Il2CppInteropGen] Method System.Void UnityEngine.UIElements.InlineStyleAccess::UnityEngine.UIElements.IStyle.set_transitionTimingFunction(UnityEngine.UIElements.StyleList`1<UnityEngine.UIElements.EasingFunction>) has unsupported parameter type UnityEngine.UIElements.StyleList`1<UnityEngine.UIElements.EasingFunction> value
[Debug  :Il2CppInteropGen] Method UnityEngine.UIElements.StyleList`1<!!0> UnityEngine.UIElements.InlineStyleAccess::GetStyleList<T>(UnityEngine.UIElements.StyleSheets.StylePropertyId) has unsupported return type UnityEngine.UIElements.StyleList`1<!!0>
[Debug  :Il2CppInteropGen] Method System.Boolean UnityEngine.UIElements.InlineStyleAccess::SetStyleValue<T>(UnityEngine.UIElements.StyleSheets.StylePropertyId, UnityEngine.UIElements.StyleList`1<!!0>) has unsupported parameter type UnityEngine.UIElements.StyleList`1<!!0> inlineValue
[Debug  :Il2CppInteropGen] Method UnityEngine.UIElements.UIR.TempAllocator`1+Statistics<!0> UnityEngine.UIElements.UIR.TempAllocator`1::GatherStatistics() has unsupported return type UnityEngine.UIElements.UIR.TempAllocator`1+Statistics<!0>
[Debug  :Il2CppInteropGen] Method UnityEngine.UIElements.UIR.UIRenderDevice+AllocationStatistics UnityEngine.UIElements.UIR.UIRenderDevice::GatherAllocationStatistics() has unsupported return type UnityEngine.UIElements.UIR.UIRenderDevice+AllocationStatistics
[Debug  :Il2CppInteropGen] Method UnityEngine.UIElements.UIR.HeapStatistics UnityEngine.UIElements.UIR.BestFitAllocator::GatherStatistics() has unsupported return type UnityEngine.UIElements.UIR.HeapStatistics
[Debug  :Il2CppInteropGen] Method UnityEngine.UIElements.UIR.HeapStatistics UnityEngine.UIElements.UIR.GPUBufferAllocator::GatherStatistics() has unsupported return type UnityEngine.UIElements.UIR.HeapStatistics
[Debug  :Il2CppInteropGen] Method UnityEngine.UIElements.StyleSheets.StyleSheetBuilder+ComplexSelectorScope UnityEngine.UIElements.StyleSheets.StyleSheetBuilder::BeginComplexSelector(System.Int32) has unsupported return type UnityEngine.UIElements.StyleSheets.StyleSheetBuilder+ComplexSelectorScope
[Debug  :Il2CppInteropGen] Method UnityEngine.UIElements.StyleSheets.StyleValidationResult UnityEngine.UIElements.StyleSheets.StyleValidator::ValidateProperty(System.String, System.String) has unsupported return type UnityEngine.UIElements.StyleSheets.StyleValidationResult
[Debug  :Il2CppInteropGen] Method UnityEngine.Networking.UnityWebRequest UnityEngine.Networking.UnityWebRequestAssetBundle::GetAssetBundle(System.Uri) has unsupported parameter type System.Uri uri
[Debug  :Il2CppInteropGen] Method UnityEngine.Networking.UnityWebRequest UnityEngine.Networking.UnityWebRequestAssetBundle::GetAssetBundle(System.Uri, System.UInt32) has unsupported parameter type System.Uri uri
[Debug  :Il2CppInteropGen] Method UnityEngine.Networking.UnityWebRequest UnityEngine.Networking.UnityWebRequestAssetBundle::GetAssetBundle(System.Uri, System.UInt32, System.UInt32) has unsupported parameter type System.Uri uri
[Debug  :Il2CppInteropGen] Method UnityEngine.Networking.UnityWebRequest UnityEngine.Networking.UnityWebRequestAssetBundle::GetAssetBundle(System.Uri, UnityEngine.Hash128, System.UInt32) has unsupported parameter type System.Uri uri
[Debug  :Il2CppInteropGen] Method UnityEngine.Networking.UnityWebRequest UnityEngine.Networking.UnityWebRequestAssetBundle::GetAssetBundle(System.String, UnityEngine.CachedAssetBundle, System.UInt32) has unsupported parameter type UnityEngine.CachedAssetBundle cachedAssetBundle
[Debug  :Il2CppInteropGen] Method UnityEngine.Networking.UnityWebRequest UnityEngine.Networking.UnityWebRequestAssetBundle::GetAssetBundle(System.Uri, UnityEngine.CachedAssetBundle, System.UInt32) has unsupported parameter type System.Uri uri
[Debug  :Il2CppInteropGen] Method UnityEngine.Networking.UnityWebRequest UnityEngine.Networking.UnityWebRequestMultimedia::GetAudioClip(System.Uri, UnityEngine.AudioType) has unsupported parameter type System.Uri uri
[Debug  :Il2CppInteropGen] Method UnityEngine.Networking.UnityWebRequest UnityEngine.Networking.UnityWebRequestMultimedia::GetMovieTexture(System.Uri) has unsupported parameter type System.Uri uri
[Debug  :Il2CppInteropGen] Method System.Void UnityEngine.Networking.UnityWebRequest::ClearCookieCache(System.Uri) has unsupported parameter type System.Uri uri
[Debug  :Il2CppInteropGen] Method System.Uri UnityEngine.Networking.UnityWebRequest::get_uri() has unsupported return type System.Uri
[Debug  :Il2CppInteropGen] Method System.Void UnityEngine.Networking.UnityWebRequest::set_uri(System.Uri) has unsupported parameter type System.Uri value
[Debug  :Il2CppInteropGen] Method UnityEngine.Networking.UnityWebRequest UnityEngine.Networking.UnityWebRequest::Get(System.Uri) has unsupported parameter type System.Uri uri
[Debug  :Il2CppInteropGen] Method UnityEngine.Networking.UnityWebRequest UnityEngine.Networking.UnityWebRequest::Delete(System.Uri) has unsupported parameter type System.Uri uri
[Debug  :Il2CppInteropGen] Method UnityEngine.Networking.UnityWebRequest UnityEngine.Networking.UnityWebRequest::Head(System.Uri) has unsupported parameter type System.Uri uri
[Debug  :Il2CppInteropGen] Method UnityEngine.Networking.UnityWebRequest UnityEngine.Networking.UnityWebRequest::GetAssetBundle(System.String, UnityEngine.CachedAssetBundle, System.UInt32) has unsupported parameter type UnityEngine.CachedAssetBundle cachedAssetBundle
[Debug  :Il2CppInteropGen] Method UnityEngine.Networking.UnityWebRequest UnityEngine.Networking.UnityWebRequest::Put(System.Uri, System.Byte[]) has unsupported parameter type System.Uri uri
[Debug  :Il2CppInteropGen] Method UnityEngine.Networking.UnityWebRequest UnityEngine.Networking.UnityWebRequest::Put(System.Uri, System.String) has unsupported parameter type System.Uri uri
[Debug  :Il2CppInteropGen] Method UnityEngine.Networking.UnityWebRequest UnityEngine.Networking.UnityWebRequest::Post(System.Uri, System.String) has unsupported parameter type System.Uri uri
[Debug  :Il2CppInteropGen] Method UnityEngine.Networking.UnityWebRequest UnityEngine.Networking.UnityWebRequest::PostWwwForm(System.Uri, System.String) has unsupported parameter type System.Uri uri
[Debug  :Il2CppInteropGen] Method UnityEngine.Networking.UnityWebRequest UnityEngine.Networking.UnityWebRequest::Post(System.Uri, System.String, System.String) has unsupported parameter type System.Uri uri
[Debug  :Il2CppInteropGen] Method UnityEngine.Networking.UnityWebRequest UnityEngine.Networking.UnityWebRequest::Post(System.Uri, UnityEngine.WWWForm) has unsupported parameter type System.Uri uri
[Debug  :Il2CppInteropGen] Method UnityEngine.Networking.UnityWebRequest UnityEngine.Networking.UnityWebRequest::Post(System.Uri, System.Collections.Generic.List`1<UnityEngine.Networking.IMultipartFormSection>) has unsupported parameter type System.Uri uri
[Debug  :Il2CppInteropGen] Method UnityEngine.Networking.UnityWebRequest UnityEngine.Networking.UnityWebRequest::Post(System.Uri, System.Collections.Generic.List`1<UnityEngine.Networking.IMultipartFormSection>, System.Byte[]) has unsupported parameter type System.Uri uri
[Debug  :Il2CppInteropGen] Method UnityEngine.Networking.UnityWebRequest UnityEngine.Networking.UnityWebRequest::Post(System.Uri, System.Collections.Generic.Dictionary`2<System.String, System.String>) has unsupported parameter type System.Uri uri
[Debug  :Il2CppInteropGen] Method UnityEngine.Networking.UnityWebRequest UnityEngine.Networking.UnityWebRequestTexture::GetTexture(System.Uri) has unsupported parameter type System.Uri uri
[Debug  :Il2CppInteropGen] Method UnityEngine.Networking.UnityWebRequest UnityEngine.Networking.UnityWebRequestTexture::GetTexture(System.Uri, System.Boolean) has unsupported parameter type System.Uri uri
[Debug  :Il2CppInteropGen] Method UnityEngine.WWW UnityEngine.WWW::LoadFromCacheOrDownload(System.String, UnityEngine.CachedAssetBundle, System.UInt32) has unsupported parameter type UnityEngine.CachedAssetBundle cachedBundle
[Debug  :Il2CppInteropGen] Method UnityEngine.JointSpring UnityEngine.WheelCollider::get_suspensionSpring() has unsupported return type UnityEngine.JointSpring
[Debug  :Il2CppInteropGen] Method System.Void UnityEngine.WheelCollider::set_suspensionSpring(UnityEngine.JointSpring) has unsupported parameter type UnityEngine.JointSpring value
[Debug  :Il2CppInteropGen] Method UnityEngine.WheelFrictionCurve UnityEngine.WheelCollider::get_forwardFriction() has unsupported return type UnityEngine.WheelFrictionCurve
[Debug  :Il2CppInteropGen] Method System.Void UnityEngine.WheelCollider::set_forwardFriction(UnityEngine.WheelFrictionCurve) has unsupported parameter type UnityEngine.WheelFrictionCurve value
[Debug  :Il2CppInteropGen] Method UnityEngine.WheelFrictionCurve UnityEngine.WheelCollider::get_sidewaysFriction() has unsupported return type UnityEngine.WheelFrictionCurve
[Debug  :Il2CppInteropGen] Method System.Void UnityEngine.WheelCollider::set_sidewaysFriction(UnityEngine.WheelFrictionCurve) has unsupported parameter type UnityEngine.WheelFrictionCurve value
[Debug  :Il2CppInteropGen] Method System.Boolean UnityEngine.WheelCollider::GetGroundHit(UnityEngine.WheelHit&) has unsupported parameter type UnityEngine.WheelHit& hit
[Debug  :Il2CppInteropGen] Method System.Void UnityEngine.WheelCollider::get_suspensionSpring_Injected(UnityEngine.JointSpring&) has unsupported parameter type UnityEngine.JointSpring& ret
[Debug  :Il2CppInteropGen] Method System.Void UnityEngine.WheelCollider::set_suspensionSpring_Injected(UnityEngine.JointSpring&) has unsupported parameter type UnityEngine.JointSpring& value
[Debug  :Il2CppInteropGen] Method System.Void UnityEngine.WheelCollider::get_forwardFriction_Injected(UnityEngine.WheelFrictionCurve&) has unsupported parameter type UnityEngine.WheelFrictionCurve& ret
[Debug  :Il2CppInteropGen] Method System.Void UnityEngine.WheelCollider::set_forwardFriction_Injected(UnityEngine.WheelFrictionCurve&) has unsupported parameter type UnityEngine.WheelFrictionCurve& value
[Debug  :Il2CppInteropGen] Method System.Void UnityEngine.WheelCollider::get_sidewaysFriction_Injected(UnityEngine.WheelFrictionCurve&) has unsupported parameter type UnityEngine.WheelFrictionCurve& ret
[Debug  :Il2CppInteropGen] Method System.Void UnityEngine.WheelCollider::set_sidewaysFriction_Injected(UnityEngine.WheelFrictionCurve&) has unsupported parameter type UnityEngine.WheelFrictionCurve& value
[Debug  :Il2CppInteropGen] Method System.Void UnityEngine.VFX.VFXManager::GetBatchedEffectInfo_Injected(UnityEngine.VFX.VisualEffectAsset, UnityEngine.VFX.VFXBatchedEffectInfo&) has a reference-typed ref parameter, this will be ignored
[Debug  :Il2CppInteropGen] Method System.Void UnityEngine.VFX.VisualEffectAsset::GetExposedProperties(System.Collections.Generic.List`1<UnityEngine.VFX.VFXExposedProperty>) has unsupported parameter type System.Collections.Generic.List`1<UnityEngine.VFX.VFXExposedProperty> exposedProperties
[Debug  :Il2CppInteropGen] Method UnityEngine.VFX.VFXParticleSystemInfo UnityEngine.VFX.VisualEffect::GetParticleSystemInfo(System.Int32) has unsupported return type UnityEngine.VFX.VFXParticleSystemInfo
[Debug  :Il2CppInteropGen] Method UnityEngine.VFX.VFXParticleSystemInfo UnityEngine.VFX.VisualEffect::GetParticleSystemInfo(System.String) has unsupported return type UnityEngine.VFX.VFXParticleSystemInfo
[Debug  :Il2CppInteropGen] Method System.Void UnityEngine.VFX.VisualEffect::GetParticleSystemInfo_Injected(System.Int32, UnityEngine.VFX.VFXParticleSystemInfo&) has unsupported parameter type UnityEngine.VFX.VFXParticleSystemInfo& ret
[Debug  :Il2CppInteropGen] Method System.Void UnityEngineInternal.Video.VideoPlayback::SeekToFrame(System.Int64, UnityEngineInternal.Video.VideoPlayback+Callback) has unsupported parameter type UnityEngineInternal.Video.VideoPlayback+Callback seekCompletedCallback
[Debug  :Il2CppInteropGen] Method System.Void UnityEngineInternal.Video.VideoPlayback::SeekToTime(System.Double, UnityEngineInternal.Video.VideoPlayback+Callback) has unsupported parameter type UnityEngineInternal.Video.VideoPlayback+Callback seekCompletedCallback
[Debug  :Il2CppInteropGen] Method UnityEngineInternal.Video.VideoPlayback UnityEngineInternal.Video.VideoPlaybackMgr::CreateVideoPlayback(System.String, UnityEngineInternal.Video.VideoPlaybackMgr+MessageCallback, UnityEngineInternal.Video.VideoPlaybackMgr+Callback, UnityEngineInternal.Video.VideoPlaybackMgr+Callback, System.Boolean) has unsupported parameter type UnityEngineInternal.Video.VideoPlaybackMgr+MessageCallback errorCallback
[Debug  :Il2CppInteropGen] Method System.Boolean UnityEngine.Rendering.VirtualTexturing.EditorHelpers::ValidateTextureStack(Il2CppInterop.Runtime.InteropTypes.Arrays.Il2CppReferenceArray`1<UnityEngine.Texture>, System.String&) has a reference-typed ref parameter, this will be ignored
[Debug  :Il2CppInteropGen] Method UnityEngine.Rendering.VirtualTexturing.EditorHelpers+StackValidationResult[] UnityEngine.Rendering.VirtualTexturing.EditorHelpers::ValidateMaterialTextureStacks(UnityEngine.Material) has unsupported return type UnityEngine.Rendering.VirtualTexturing.EditorHelpers+StackValidationResult[]
[Debug  :Il2CppInteropGen] Method System.Void UnityEngine.Rendering.VirtualTexturing.Debugging::GrabHandleInfo(UnityEngine.Rendering.VirtualTexturing.Debugging+Handle&, System.Int32) has unsupported parameter type UnityEngine.Rendering.VirtualTexturing.Debugging+Handle& debugHandle
[Debug  :Il2CppInteropGen] Method System.Void UnityEngine.Rendering.VirtualTexturing.Streaming::SetGPUCacheSettings(UnityEngine.Rendering.VirtualTexturing.GPUCacheSetting[]) has unsupported parameter type UnityEngine.Rendering.VirtualTexturing.GPUCacheSetting[] cacheSettings
[Debug  :Il2CppInteropGen] Method UnityEngine.Rendering.VirtualTexturing.GPUCacheSetting[] UnityEngine.Rendering.VirtualTexturing.Streaming::GetGPUCacheSettings() has unsupported return type UnityEngine.Rendering.VirtualTexturing.GPUCacheSetting[]
[Debug  :Il2CppInteropGen] Method System.Void UnityEngine.Rendering.VirtualTexturing.Procedural::SetGPUCacheSettings(UnityEngine.Rendering.VirtualTexturing.GPUCacheSetting[]) has unsupported parameter type UnityEngine.Rendering.VirtualTexturing.GPUCacheSetting[] cacheSettings
[Debug  :Il2CppInteropGen] Method UnityEngine.Rendering.VirtualTexturing.GPUCacheSetting[] UnityEngine.Rendering.VirtualTexturing.Procedural::GetGPUCacheSettings() has unsupported return type UnityEngine.Rendering.VirtualTexturing.GPUCacheSetting[]
[Debug  :Il2CppInteropGen] Method UnityEngine.XR.InputFeatureUsage`1<!!0> UnityEngine.XR.InputFeatureUsage::As<T>() has unsupported return type UnityEngine.XR.InputFeatureUsage`1<!!0>
[Debug  :Il2CppInteropGen] Method System.Boolean UnityEngine.XR.InputDevice::TryGetHapticCapabilities(UnityEngine.XR.HapticCapabilities&) has unsupported parameter type UnityEngine.XR.HapticCapabilities& capabilities
[Debug  :Il2CppInteropGen] Method System.Boolean UnityEngine.XR.InputDevice::TryGetFeatureValue(UnityEngine.XR.InputFeatureUsage`1<System.Boolean>, System.Boolean&) has unsupported parameter type UnityEngine.XR.InputFeatureUsage`1<System.Boolean> usage
[Debug  :Il2CppInteropGen] Method System.Boolean UnityEngine.XR.InputDevice::TryGetFeatureValue(UnityEngine.XR.InputFeatureUsage`1<System.UInt32>, System.UInt32&) has unsupported parameter type UnityEngine.XR.InputFeatureUsage`1<System.UInt32> usage
[Debug  :Il2CppInteropGen] Method System.Boolean UnityEngine.XR.InputDevice::TryGetFeatureValue(UnityEngine.XR.InputFeatureUsage`1<System.Single>, System.Single&) has unsupported parameter type UnityEngine.XR.InputFeatureUsage`1<System.Single> usage
[Debug  :Il2CppInteropGen] Method System.Boolean UnityEngine.XR.InputDevice::TryGetFeatureValue(UnityEngine.XR.InputFeatureUsage`1<UnityEngine.Vector2>, UnityEngine.Vector2&) has unsupported parameter type UnityEngine.XR.InputFeatureUsage`1<UnityEngine.Vector2> usage
[Debug  :Il2CppInteropGen] Method System.Boolean UnityEngine.XR.InputDevice::TryGetFeatureValue(UnityEngine.XR.InputFeatureUsage`1<UnityEngine.Vector3>, UnityEngine.Vector3&) has unsupported parameter type UnityEngine.XR.InputFeatureUsage`1<UnityEngine.Vector3> usage
[Debug  :Il2CppInteropGen] Method System.Boolean UnityEngine.XR.InputDevice::TryGetFeatureValue(UnityEngine.XR.InputFeatureUsage`1<UnityEngine.Quaternion>, UnityEngine.Quaternion&) has unsupported parameter type UnityEngine.XR.InputFeatureUsage`1<UnityEngine.Quaternion> usage
[Debug  :Il2CppInteropGen] Method System.Boolean UnityEngine.XR.InputDevice::TryGetFeatureValue(UnityEngine.XR.InputFeatureUsage`1<UnityEngine.XR.Hand>, UnityEngine.XR.Hand&) has unsupported parameter type UnityEngine.XR.InputFeatureUsage`1<UnityEngine.XR.Hand> usage
[Debug  :Il2CppInteropGen] Method System.Boolean UnityEngine.XR.InputDevice::TryGetFeatureValue(UnityEngine.XR.InputFeatureUsage`1<UnityEngine.XR.Bone>, UnityEngine.XR.Bone&) has unsupported parameter type UnityEngine.XR.InputFeatureUsage`1<UnityEngine.XR.Bone> usage
[Debug  :Il2CppInteropGen] Method System.Boolean UnityEngine.XR.InputDevice::TryGetFeatureValue(UnityEngine.XR.InputFeatureUsage`1<UnityEngine.XR.Eyes>, UnityEngine.XR.Eyes&) has unsupported parameter type UnityEngine.XR.InputFeatureUsage`1<UnityEngine.XR.Eyes> usage
[Debug  :Il2CppInteropGen] Method System.Boolean UnityEngine.XR.InputDevice::TryGetFeatureValue(UnityEngine.XR.InputFeatureUsage`1<System.Byte[]>, System.Byte[]) has unsupported parameter type UnityEngine.XR.InputFeatureUsage`1<System.Byte[]> usage
[Debug  :Il2CppInteropGen] Method System.Boolean UnityEngine.XR.InputDevice::TryGetFeatureValue(UnityEngine.XR.InputFeatureUsage`1<UnityEngine.XR.InputTrackingState>, UnityEngine.XR.InputTrackingState&) has unsupported parameter type UnityEngine.XR.InputFeatureUsage`1<UnityEngine.XR.InputTrackingState> usage
[Debug  :Il2CppInteropGen] Method System.Boolean UnityEngine.XR.InputDevice::TryGetFeatureValue(UnityEngine.XR.InputFeatureUsage`1<System.Boolean>, System.DateTime, System.Boolean&) has unsupported parameter type UnityEngine.XR.InputFeatureUsage`1<System.Boolean> usage
[Debug  :Il2CppInteropGen] Method System.Boolean UnityEngine.XR.InputDevice::TryGetFeatureValue(UnityEngine.XR.InputFeatureUsage`1<System.UInt32>, System.DateTime, System.UInt32&) has unsupported parameter type UnityEngine.XR.InputFeatureUsage`1<System.UInt32> usage
[Debug  :Il2CppInteropGen] Method System.Boolean UnityEngine.XR.InputDevice::TryGetFeatureValue(UnityEngine.XR.InputFeatureUsage`1<System.Single>, System.DateTime, System.Single&) has unsupported parameter type UnityEngine.XR.InputFeatureUsage`1<System.Single> usage
[Debug  :Il2CppInteropGen] Method System.Boolean UnityEngine.XR.InputDevice::TryGetFeatureValue(UnityEngine.XR.InputFeatureUsage`1<UnityEngine.Vector2>, System.DateTime, UnityEngine.Vector2&) has unsupported parameter type UnityEngine.XR.InputFeatureUsage`1<UnityEngine.Vector2> usage
[Debug  :Il2CppInteropGen] Method System.Boolean UnityEngine.XR.InputDevice::TryGetFeatureValue(UnityEngine.XR.InputFeatureUsage`1<UnityEngine.Vector3>, System.DateTime, UnityEngine.Vector3&) has unsupported parameter type UnityEngine.XR.InputFeatureUsage`1<UnityEngine.Vector3> usage
[Debug  :Il2CppInteropGen] Method System.Boolean UnityEngine.XR.InputDevice::TryGetFeatureValue(UnityEngine.XR.InputFeatureUsage`1<UnityEngine.Quaternion>, System.DateTime, UnityEngine.Quaternion&) has unsupported parameter type UnityEngine.XR.InputFeatureUsage`1<UnityEngine.Quaternion> usage
[Debug  :Il2CppInteropGen] Method System.Boolean UnityEngine.XR.InputDevice::TryGetFeatureValue(UnityEngine.XR.InputFeatureUsage`1<UnityEngine.XR.InputTrackingState>, System.DateTime, UnityEngine.XR.InputTrackingState&) has unsupported parameter type UnityEngine.XR.InputFeatureUsage`1<UnityEngine.XR.InputTrackingState> usage
[Debug  :Il2CppInteropGen] Method System.Boolean UnityEngine.XR.InputDevices::TryGetHapticCapabilities(System.UInt64, UnityEngine.XR.HapticCapabilities&) has unsupported parameter type UnityEngine.XR.HapticCapabilities& capabilities
[Debug  :Il2CppInteropGen] Method System.Void UnityEngine.XR.XRDisplaySubsystemDescriptor::GetMirrorBlitModeByIndex(System.Int32, UnityEngine.XR.XRMirrorViewBlitModeDesc&) has unsupported parameter type UnityEngine.XR.XRMirrorViewBlitModeDesc& mode
[Debug  :Il2CppInteropGen] Method System.Boolean UnityEngine.XR.XRMeshSubsystem::TryGetMeshInfos(System.Collections.Generic.List`1<UnityEngine.XR.MeshInfo>) has unsupported parameter type System.Collections.Generic.List`1<UnityEngine.XR.MeshInfo> meshInfosOut
[Debug  :Il2CppInteropGen] Method System.Boolean UnityEngine.XR.XRMeshSubsystem::GetMeshInfosAsList(System.Collections.Generic.List`1<UnityEngine.XR.MeshInfo>) has unsupported parameter type System.Collections.Generic.List`1<UnityEngine.XR.MeshInfo> meshInfos
[Debug  :Il2CppInteropGen] Method UnityEngine.XR.MeshInfo[] UnityEngine.XR.XRMeshSubsystem::GetMeshInfosAsFixedArray() has unsupported return type UnityEngine.XR.MeshInfo[]
[Debug  :Il2CppInteropGen] Method Unity.Collections.NativeArray`1<UnityEngine.XR.MeshTransform> UnityEngine.XR.XRMeshSubsystem::GetUpdatedMeshTransforms(Unity.Collections.Allocator) has unsupported return type Unity.Collections.NativeArray`1<UnityEngine.XR.MeshTransform>
[Info   :Il2CppInteropGen] Restored 13949 methods
[Info   :Il2CppInteropGen] Failed to restore 946 methods
[Info   :Il2CppInteropGen] Done in 00:00:01.1714125
[Info   :Il2CppInteropGen] Unstripping method bodies...
[Info   :Il2CppInteropGen] IL unstrip statistics: 7722 successful, 1206 failed
[Info   :Il2CppInteropGen] Done in 00:00:03.0683759
[Info   :Il2CppInteropGen] Writing xref cache...
[Info   :Il2CppInteropGen] Done in 00:00:01.5557514
[Info   :Il2CppInteropGen] Writing assemblies...
[Info   :Il2CppInteropGen] Done in 00:00:13.7589536
[Info   :Il2CppInteropGen] Writing method pointer map...
[Info   :Il2CppInteropGen] Done in 00:00:00.0814652
[Info   :Il2CppInteropGen] Clearing static data...
[Info   :Il2CppInteropGen] Done in 00:00:00.0000126
[Info   :Il2CppInteropGen] Done!
[Info   : Preloader] 0 patcher plugins loaded
[Debug  :AssemblyPatcher] Assembly loaded: Assembly-CSharp.dll
[Debug  :AssemblyPatcher] Assembly loaded: AstarPathfindingProject.dll
[Debug  :AssemblyPatcher] Assembly loaded: BehaviorDesigner.Runtime.dll
[Debug  :AssemblyPatcher] Assembly loaded: Cinemachine.dll
[Debug  :AssemblyPatcher] Assembly loaded: com.rlabrecque.steamworks.net.dll
[Debug  :AssemblyPatcher] Assembly loaded: CW.Common.dll
[Debug  :AssemblyPatcher] Assembly loaded: DOTween.dll
[Debug  :AssemblyPatcher] Assembly loaded: GameFramework.dll
[Debug  :AssemblyPatcher] Assembly loaded: ICSharpCode.SharpZipLib.dll
[Debug  :AssemblyPatcher] Assembly loaded: Il2CppMono.Security.dll
[Debug  :AssemblyPatcher] Assembly loaded: Il2Cppmscorlib.dll
[Debug  :AssemblyPatcher] Assembly loaded: Il2CppSystem.Configuration.dll
[Debug  :AssemblyPatcher] Assembly loaded: Il2CppSystem.Core.dll
[Debug  :AssemblyPatcher] Assembly loaded: Il2CppSystem.dll
[Debug  :AssemblyPatcher] Assembly loaded: Il2CppSystem.Numerics.dll
[Debug  :AssemblyPatcher] Assembly loaded: Il2CppSystem.Runtime.Serialization.dll
[Debug  :AssemblyPatcher] Assembly loaded: Il2CppSystem.Xml.dll
[Debug  :AssemblyPatcher] Assembly loaded: IngameDebugConsole.Runtime.dll
[Debug  :AssemblyPatcher] Assembly loaded: KWS.dll
[Debug  :AssemblyPatcher] Assembly loaded: MagicaCloth.dll
[Debug  :AssemblyPatcher] Assembly loaded: Newtonsoft.Json.dll
[Debug  :AssemblyPatcher] Assembly loaded: PaintIn3D.dll
[Debug  :AssemblyPatcher] Assembly loaded: PaintIn3D_Editor.dll
[Debug  :AssemblyPatcher] Assembly loaded: PaintIn3D_Game.dll
[Debug  :AssemblyPatcher] Assembly loaded: Pathfinding.ClipperLib.dll
[Debug  :AssemblyPatcher] Assembly loaded: Pathfinding.Ionic.Zip.Reduced.dll
[Debug  :AssemblyPatcher] Assembly loaded: Pathfinding.Poly2Tri.dll
[Debug  :AssemblyPatcher] Assembly loaded: Unity.Burst.dll
[Debug  :AssemblyPatcher] Assembly loaded: Unity.Burst.Unsafe.dll
[Debug  :AssemblyPatcher] Assembly loaded: Unity.Collections.dll
[Debug  :AssemblyPatcher] Assembly loaded: Unity.Collections.LowLevel.ILSupport.dll
[Debug  :AssemblyPatcher] Assembly loaded: Unity.InputSystem.dll
[Debug  :AssemblyPatcher] Assembly loaded: Unity.InputSystem.ForUI.dll
[Debug  :AssemblyPatcher] Assembly loaded: Unity.Mathematics.dll
[Debug  :AssemblyPatcher] Assembly loaded: Unity.RenderPipelines.Core.Runtime.dll
[Debug  :AssemblyPatcher] Assembly loaded: Unity.RenderPipelines.HighDefinition.Config.Runtime.dll
[Debug  :AssemblyPatcher] Assembly loaded: Unity.RenderPipelines.HighDefinition.Runtime.dll
[Debug  :AssemblyPatcher] Assembly loaded: Unity.TextMeshPro.dll
[Debug  :AssemblyPatcher] Assembly loaded: Unity.Timeline.dll
[Debug  :AssemblyPatcher] Assembly loaded: Unity.VisualEffectGraph.Runtime.dll
[Debug  :AssemblyPatcher] Assembly loaded: UnityEngine.AccessibilityModule.dll
[Debug  :AssemblyPatcher] Assembly loaded: UnityEngine.AIModule.dll
[Debug  :AssemblyPatcher] Assembly loaded: UnityEngine.AndroidJNIModule.dll
[Debug  :AssemblyPatcher] Assembly loaded: UnityEngine.AnimationModule.dll
[Debug  :AssemblyPatcher] Assembly loaded: UnityEngine.AssetBundleModule.dll
[Debug  :AssemblyPatcher] Assembly loaded: UnityEngine.AudioModule.dll
[Debug  :AssemblyPatcher] Assembly loaded: UnityEngine.ClothModule.dll
[Debug  :AssemblyPatcher] Assembly loaded: UnityEngine.ClusterInputModule.dll
[Debug  :AssemblyPatcher] Assembly loaded: UnityEngine.ClusterRendererModule.dll
[Debug  :AssemblyPatcher] Assembly loaded: UnityEngine.ContentLoadModule.dll
[Debug  :AssemblyPatcher] Assembly loaded: UnityEngine.CoreModule.dll
[Debug  :AssemblyPatcher] Assembly loaded: UnityEngine.CrashReportingModule.dll
[Debug  :AssemblyPatcher] Assembly loaded: UnityEngine.DirectorModule.dll
[Debug  :AssemblyPatcher] Assembly loaded: UnityEngine.dll
[Debug  :AssemblyPatcher] Assembly loaded: UnityEngine.DSPGraphModule.dll
[Debug  :AssemblyPatcher] Assembly loaded: UnityEngine.GameCenterModule.dll
[Debug  :AssemblyPatcher] Assembly loaded: UnityEngine.GIModule.dll
[Debug  :AssemblyPatcher] Assembly loaded: UnityEngine.GridModule.dll
[Debug  :AssemblyPatcher] Assembly loaded: UnityEngine.HotReloadModule.dll
[Debug  :AssemblyPatcher] Assembly loaded: UnityEngine.ImageConversionModule.dll
[Debug  :AssemblyPatcher] Assembly loaded: UnityEngine.IMGUIModule.dll
[Debug  :AssemblyPatcher] Assembly loaded: UnityEngine.InputLegacyModule.dll
[Debug  :AssemblyPatcher] Assembly loaded: UnityEngine.InputModule.dll
[Debug  :AssemblyPatcher] Assembly loaded: UnityEngine.JSONSerializeModule.dll
[Debug  :AssemblyPatcher] Assembly loaded: UnityEngine.LocalizationModule.dll
[Debug  :AssemblyPatcher] Assembly loaded: UnityEngine.ParticleSystemModule.dll
[Debug  :AssemblyPatcher] Assembly loaded: UnityEngine.PerformanceReportingModule.dll
[Debug  :AssemblyPatcher] Assembly loaded: UnityEngine.Physics2DModule.dll
[Debug  :AssemblyPatcher] Assembly loaded: UnityEngine.PhysicsModule.dll
[Debug  :AssemblyPatcher] Assembly loaded: UnityEngine.ProfilerModule.dll
[Debug  :AssemblyPatcher] Assembly loaded: UnityEngine.PropertiesModule.dll
[Debug  :AssemblyPatcher] Assembly loaded: UnityEngine.RuntimeInitializeOnLoadManagerInitializerModule.dll
[Debug  :AssemblyPatcher] Assembly loaded: UnityEngine.ScreenCaptureModule.dll
[Debug  :AssemblyPatcher] Assembly loaded: UnityEngine.SharedInternalsModule.dll
[Debug  :AssemblyPatcher] Assembly loaded: UnityEngine.SpriteMaskModule.dll
[Debug  :AssemblyPatcher] Assembly loaded: UnityEngine.SpriteShapeModule.dll
[Debug  :AssemblyPatcher] Assembly loaded: UnityEngine.StreamingModule.dll
[Debug  :AssemblyPatcher] Assembly loaded: UnityEngine.SubstanceModule.dll
[Debug  :AssemblyPatcher] Assembly loaded: UnityEngine.SubsystemsModule.dll
[Debug  :AssemblyPatcher] Assembly loaded: UnityEngine.TerrainModule.dll
[Debug  :AssemblyPatcher] Assembly loaded: UnityEngine.TerrainPhysicsModule.dll
[Debug  :AssemblyPatcher] Assembly loaded: UnityEngine.TextCoreFontEngineModule.dll
[Debug  :AssemblyPatcher] Assembly loaded: UnityEngine.TextCoreTextEngineModule.dll
[Debug  :AssemblyPatcher] Assembly loaded: UnityEngine.TextRenderingModule.dll
[Debug  :AssemblyPatcher] Assembly loaded: UnityEngine.TilemapModule.dll
[Debug  :AssemblyPatcher] Assembly loaded: UnityEngine.TLSModule.dll
[Debug  :AssemblyPatcher] Assembly loaded: UnityEngine.UI.dll
[Debug  :AssemblyPatcher] Assembly loaded: UnityEngine.UIElementsModule.dll
[Debug  :AssemblyPatcher] Assembly loaded: UnityEngine.UIModule.dll
[Debug  :AssemblyPatcher] Assembly loaded: UnityEngine.UmbraModule.dll
[Debug  :AssemblyPatcher] Assembly loaded: UnityEngine.UnityAnalyticsCommonModule.dll
[Debug  :AssemblyPatcher] Assembly loaded: UnityEngine.UnityAnalyticsModule.dll
[Debug  :AssemblyPatcher] Assembly loaded: UnityEngine.UnityConnectModule.dll
[Debug  :AssemblyPatcher] Assembly loaded: UnityEngine.UnityCurlModule.dll
[Debug  :AssemblyPatcher] Assembly loaded: UnityEngine.UnityTestProtocolModule.dll
[Debug  :AssemblyPatcher] Assembly loaded: UnityEngine.UnityWebRequestAssetBundleModule.dll
[Debug  :AssemblyPatcher] Assembly loaded: UnityEngine.UnityWebRequestAudioModule.dll
[Debug  :AssemblyPatcher] Assembly loaded: UnityEngine.UnityWebRequestModule.dll
[Debug  :AssemblyPatcher] Assembly loaded: UnityEngine.UnityWebRequestTextureModule.dll
[Debug  :AssemblyPatcher] Assembly loaded: UnityEngine.UnityWebRequestWWWModule.dll
[Debug  :AssemblyPatcher] Assembly loaded: UnityEngine.VehiclesModule.dll
[Debug  :AssemblyPatcher] Assembly loaded: UnityEngine.VFXModule.dll
[Debug  :AssemblyPatcher] Assembly loaded: UnityEngine.VideoModule.dll
[Debug  :AssemblyPatcher] Assembly loaded: UnityEngine.VirtualTexturingModule.dll
[Debug  :AssemblyPatcher] Assembly loaded: UnityEngine.VRModule.dll
[Debug  :AssemblyPatcher] Assembly loaded: UnityEngine.WindModule.dll
[Debug  :AssemblyPatcher] Assembly loaded: UnityEngine.XRModule.dll
[Debug  :AssemblyPatcher] Assembly loaded: UnityGameFramework.Runtime.dll
[Debug  :AssemblyPatcher] Assembly loaded: __Generated.dll
[Info   : Preloader] 0 assemblies discovered
[Message:AssemblyPatcher] Executing 0 patch(es)
[Message:   BepInEx] Chainloader initialized
[Debug  : Preloader] Runtime invoke pointer: 0x7FFFCD729820
[Debug  :DobbyDetour] Preparing detour from 0x7FFFCD729820 to 0x7FF7EBC634E4
[Debug  :DobbyDetour] Prepared detour; Trampoline: 0x7FFF8D730000
[Debug  :DobbyDetour] Original: 7FFFCD729820, Trampoline: 7FFF8D730000, diff: 3FFF9820
[Debug  : Preloader] Runtime invoke patched
[Debug  :Il2CppInterop] il2cpp_object_get_virtual_method: 0x7FFFCD729700
[Debug  :Il2CppInterop] Object::GetVirtualMethod: 0x7FFFCD7437B0
[Debug  :Il2CppInterop] GenericMethod::GetMethod found: 0x7FFFCD750470
[Debug  :DobbyDetour] Preparing detour from 0x7FFFCD750470 to 0x7FF7EBC63524
[Debug  :DobbyDetour] Prepared detour; Trampoline: 0x7FFF8D760000
[Debug  :DobbyDetour] Original: 7FFFCD750470, Trampoline: 7FFF8D760000, diff: 3FFF0470
[Debug  :Il2CppInterop] il2cpp_image_get_class: 0x7FFFCD7293D0
[Debug  :Il2CppInterop] Image::GetType: 0x7FFFCD7C5AC0
[Debug  :Il2CppInterop] imageGetTypeXrefs.Length: 2
[Debug  :Il2CppInterop] getTypeInfoFromHandle: 7FFFCD789B80
[Debug  :Il2CppInterop] MetadataCache::GetTypeInfoFromTypeDefinitionIndex found: 0x7FFFCD7B6DC0
[Debug  :DobbyDetour] Preparing detour from 0x7FFFCD7B6DC0 to 0x7FF7EBC63564
[Debug  :DobbyDetour] Prepared detour; Trampoline: 0x7FFF8D7C0000
[Debug  :DobbyDetour] Original: 7FFFCD7B6DC0, Trampoline: 7FFF8D7C0000, diff: 3FFF6DC0
[Debug  :Il2CppInterop] Class::GetDefaultFieldValue found: 0x7FFFCD7B5A60
[Debug  :DobbyDetour] Preparing detour from 0x7FFFCD7B5A60 to 0x7FF7EBC635A4
[Debug  :DobbyDetour] Prepared detour; Trampoline: 0x7FFF8D7C0020
[Debug  :DobbyDetour] Original: 7FFFCD7B5A60, Trampoline: 7FFF8D7C0020, diff: 3FFF5A40
[Warning:Il2CppInterop] Class::Init signatures have been exhausted, using a substitute!
[Debug  :Il2CppInterop] Picked mono_class_instance_size as a Class::Init substitute
[Debug  :Il2CppInterop] Class::Init: 0x7FFFCD72A060
[Debug  :Il2CppInterop] il2cpp_class_from_il2cpp_type: 0x7FFFCD728C40
[Debug  :Il2CppInterop] Class::FromIl2CppType found: 0x7FFFCD7869B0
[Debug  :DobbyDetour] Preparing detour from 0x7FFFCD7869B0 to 0x7FF7EBC635E4
[Debug  :DobbyDetour] Prepared detour; Trampoline: 0x7FFF8D7C0040
[Debug  :DobbyDetour] Original: 7FFFCD7869B0, Trampoline: 7FFF8D7C0040, diff: 3FFC6970
[Debug  :Il2CppInterop] il2cpp_class_from_name: 0x7FFFCD728C50
[Debug  :Il2CppInterop] Class::FromName found: 0x7FFFCD786F10
[Debug  :DobbyDetour] Preparing detour from 0x7FFFCD786F10 to 0x7FF7EBC63624
[Debug  :DobbyDetour] Prepared detour; Trampoline: 0x7FFF8D7C0060
[Debug  :DobbyDetour] Original: 7FFFCD786F10, Trampoline: 7FFF8D7C0060, diff: 3FFC6EB0
[Debug  :Il2CppInterop] GarbageCollector::RunFinalizer found: 0x7FFFCD734650
[Debug  :DobbyDetour] Preparing detour from 0x7FFFCD734650 to 0x7FF7EBC63664
[Debug  :DobbyDetour] Prepared detour; Trampoline: 0x7FFF8D760020
[Debug  :DobbyDetour] Original: 7FFFCD734650, Trampoline: 7FFF8D760020, diff: 3FFD4630
[Info   :Il2CppInterop] Registered mono type Il2CppInterop.Runtime.DelegateSupport+Il2CppToMonoDelegateReference in il2cpp domain
[Debug  :InteropManager] Preloaded 109 interop assemblies in 511ms
[Debug  :   BepInEx] Examining 'D:\steam\steamapps\common\RomanticEscapades\RE\BepInEx\plugins\xmod\0Harmony.dll'
[Debug  :   BepInEx] Examining 'D:\steam\steamapps\common\RomanticEscapades\RE\BepInEx\plugins\xmod\FlowerPicker.dll'
[Debug  :   BepInEx] Examining 'D:\steam\steamapps\common\RomanticEscapades\RE\BepInEx\plugins\xmod\Google.Protobuf.dll'
[Debug  :   BepInEx] Examining 'D:\steam\steamapps\common\RomanticEscapades\RE\BepInEx\plugins\xmod\Grpc.Core.Api.dll'
[Debug  :   BepInEx] Examining 'D:\steam\steamapps\common\RomanticEscapades\RE\BepInEx\plugins\xmod\Grpc.Core.dll'
[Debug  :   BepInEx] Examining 'D:\steam\steamapps\common\RomanticEscapades\RE\BepInEx\plugins\xmod\ModFramework.dll'
[Debug  :   BepInEx] Skipping loading D:\steam\steamapps\common\RomanticEscapades\RE\BepInEx\plugins\xmod\runtimes\win-x64\native\capstone.dll because it's not a valid .NET assembly. Full error: Format of the executable (.exe) or library (.dll) is invalid.
[Debug  :   BepInEx] Skipping loading D:\steam\steamapps\common\RomanticEscapades\RE\BepInEx\plugins\xmod\runtimes\win-x64\native\grpc_csharp_ext.x64.dll because it's not a valid .NET assembly. Full error: Format of the executable (.exe) or library (.dll) is invalid.
[Debug  :   BepInEx] Skipping loading D:\steam\steamapps\common\RomanticEscapades\RE\BepInEx\plugins\xmod\runtimes\win-x86\native\capstone.dll because it's not a valid .NET assembly. Full error: Format of the executable (.exe) or library (.dll) is invalid.
[Debug  :   BepInEx] Skipping loading D:\steam\steamapps\common\RomanticEscapades\RE\BepInEx\plugins\xmod\runtimes\win-x86\native\grpc_csharp_ext.x86.dll because it's not a valid .NET assembly. Full error: Format of the executable (.exe) or library (.dll) is invalid.
[Info   :   BepInEx] 1 plugin to load
[Info   :   BepInEx] Loading [Il2cpp plugin FlowerPicker 1.0.0]
[Info   :Il2CppInterop] Registered mono type WindowDragger in il2cpp domain
[Info   :Il2CppInterop] Registered mono type HaxxToyBox.GUI.SliderAmountText in il2cpp domain
[Info   :Il2CppInterop] Registered mono type ModFramework.Utilities.CoroutineRunner in il2cpp domain
[Info   :Il2CppInterop] Registered mono type ModFramework.GUI.GlobalDeselectOnClick in il2cpp domain
[Warning:Il2CppInterop] Method System.Collections.IEnumerator DoFadeIn() on type ModFramework.GUI.HoverEffect has unsupported return type System.Collections.IEnumerator
[Warning:Il2CppInterop] Method System.Collections.IEnumerator DoFadeOut() on type ModFramework.GUI.HoverEffect has unsupported return type System.Collections.IEnumerator
[Info   :Il2CppInterop] Registered mono type ModFramework.GUI.HoverEffect in il2cpp domain
[Info   :Il2CppInterop] Registered mono type ModFramework.GUI.Ripple in il2cpp domain
[Info   :Il2CppInterop] Registered mono type ModFramework.GUI.FadeButtonWrapper in il2cpp domain
[Warning:Il2CppInterop] Method System.Collections.IEnumerator InitAfterLayout() on type ModFramework.GUI.InfinityScrollBase has unsupported return type System.Collections.IEnumerator
[Info   :Il2CppInterop] Registered mono type ModFramework.GUI.InfinityScrollBase in il2cpp domain
[Info   :Il2CppInterop] Registered mono type ModFramework.GUI.PopupPanel in il2cpp domain
[Info   :Il2CppInterop] Registered mono type ModFramework.GUI.SettingsPanel in il2cpp domain
[Warning:Il2CppInterop] Method System.Collections.IEnumerator DisableAnimator() on type ModFramework.GUI.AnimatedIconHandler has unsupported return type System.Collections.IEnumerator
[Info   :Il2CppInterop] Registered mono type ModFramework.GUI.AnimatedIconHandler in il2cpp domain
[Warning:Il2CppInterop] Method System.Collections.IEnumerator LayoutFix() on type ModFramework.GUI.ButtonManager has unsupported return type System.Collections.IEnumerator
[Warning:Il2CppInterop] Method System.Collections.IEnumerator SetNormal() on type ModFramework.GUI.ButtonManager has unsupported return type System.Collections.IEnumerator
[Warning:Il2CppInterop] Method System.Collections.IEnumerator SetHighlight() on type ModFramework.GUI.ButtonManager has unsupported return type System.Collections.IEnumerator
[Warning:Il2CppInterop] Method System.Collections.IEnumerator SetPressed() on type ModFramework.GUI.ButtonManager has unsupported return type System.Collections.IEnumerator
[Warning:Il2CppInterop] Method System.Collections.IEnumerator SetDisabled() on type ModFramework.GUI.ButtonManager has unsupported return type System.Collections.IEnumerator
[Warning:Il2CppInterop] Method System.Collections.IEnumerator CheckForDoubleClick() on type ModFramework.GUI.ButtonManager has unsupported return type System.Collections.IEnumerator
[Warning:Il2CppInterop] Method System.Collections.IEnumerator InitUINavigation(UnityEngine.UI.Navigation) on type ModFramework.GUI.ButtonManager has unsupported return type System.Collections.IEnumerator
[Info   :Il2CppInterop] Registered mono type ModFramework.GUI.ButtonManager in il2cpp domain
[Warning:Il2CppInterop] Method Void SetItems(System.Collections.Generic.IEnumerable`1[System.String], Int32) on type ModFramework.GUI.HorizontalSelector has unsupported parameter System.Collections.Generic.IEnumerable`1[System.String] titles of type System.Collections.Generic.IEnumerable`1[System.String]
[Warning:Il2CppInterop] Method System.Collections.IEnumerator DisableAnimator() on type ModFramework.GUI.HorizontalSelector has unsupported return type System.Collections.IEnumerator
[Info   :Il2CppInterop] Registered mono type ModFramework.GUI.HorizontalSelector in il2cpp domain
[Warning:Il2CppInterop] Method System.Collections.IEnumerator SetNormal() on type ModFramework.GUI.PanelButton has unsupported return type System.Collections.IEnumerator
[Warning:Il2CppInterop] Method System.Collections.IEnumerator SetHighlight() on type ModFramework.GUI.PanelButton has unsupported return type System.Collections.IEnumerator
[Warning:Il2CppInterop] Method System.Collections.IEnumerator SetPressed() on type ModFramework.GUI.PanelButton has unsupported return type System.Collections.IEnumerator
[Warning:Il2CppInterop] Method System.Collections.IEnumerator SetSelect() on type ModFramework.GUI.PanelButton has unsupported return type System.Collections.IEnumerator
[Info   :Il2CppInterop] Registered mono type ModFramework.GUI.PanelButton in il2cpp domain
[Warning:Il2CppInterop] Method System.Collections.IEnumerator DisablePreviousPanel() on type ModFramework.GUI.WindowPanelManager has unsupported return type System.Collections.IEnumerator
[Warning:Il2CppInterop] Method System.Collections.IEnumerator DisableAnimators() on type ModFramework.GUI.WindowPanelManager has unsupported return type System.Collections.IEnumerator
[Warning:Il2CppInterop] Method System.Collections.IEnumerator MoveIndicatorToParent(UnityEngine.Transform) on type ModFramework.GUI.WindowPanelManager has unsupported return type System.Collections.IEnumerator
[Warning:Il2CppInterop] Method System.Collections.IEnumerator SetIndicatorHeight(Single) on type ModFramework.GUI.WindowPanelManager has unsupported return type System.Collections.IEnumerator
[Info   :Il2CppInterop] Registered mono type ModFramework.GUI.WindowPanelManager in il2cpp domain
[Info   :Il2CppInterop] Registered mono type ModFramework.GUI.WindowResizeAnchor in il2cpp domain
[Warning:Il2CppInterop] Method System.Collections.IEnumerator DoAnimate(Single, Single, System.Action`1[System.Single]) on type ModFramework.GUI.WindowManager has unsupported return type System.Collections.IEnumerator
[Warning:Il2CppInterop] Method System.Collections.IEnumerator DisableAfter(Boolean) on type ModFramework.GUI.WindowManager has unsupported return type System.Collections.IEnumerator
[Info   :Il2CppInterop] Registered mono type ModFramework.GUI.WindowManager in il2cpp domain
[Warning:Il2CppInterop] Method Void Bind(ModFramework.GUI.IItemModel, System.Func`1[System.Int32]) on type ModFramework.GUI.GenericItemEntry has unsupported parameter ModFramework.GUI.IItemModel model of type ModFramework.GUI.IItemModel
[Info   :Il2CppInterop] Registered mono type ModFramework.GUI.GenericItemEntry in il2cpp domain
[Warning:Il2CppInterop] Method System.Collections.IEnumerator DeferredInit() on type ModFramework.GUI.GenericItemPanel has unsupported return type System.Collections.IEnumerator
[Warning:Il2CppInterop] Method Void Configure(System.Collections.Generic.List`1[ModFramework.GUI.IItemModel], System.Collections.Generic.List`1[ModFramework.GUI.FilterDefinition]) on type ModFramework.GUI.GenericItemPanel has unsupported parameter System.Collections.Generic.List`1[ModFramework.GUI.IItemModel] models of type System.Collections.Generic.List`1[ModFramework.GUI.IItemModel]
[Warning:Il2CppInterop] Method Void ShowQuantityDialog(ModFramework.GUI.IItemModel) on type ModFramework.GUI.GenericItemPanel has unsupported parameter ModFramework.GUI.IItemModel model of type ModFramework.GUI.IItemModel
[Info   :Il2CppInterop] Registered mono type ModFramework.GUI.GenericItemPanel in il2cpp domain
[Warning:Il2cpp plugin FlowerPicker] Failed to register ModFramework.GUI.IItemModel: System.ArgumentException: Class System.Object does not inherit from a class registered in il2cpp
   at Il2CppInterop.Runtime.Injection.ClassInjector.RegisterTypeInIl2Cpp(Type type, RegisterTypeOptions options) in /home/runner/work/Il2CppInterop/Il2CppInterop/Il2CppInterop.Runtime/Injection/ClassInjector.cs:line 185
   at Il2CppInterop.Runtime.Injection.ClassInjector.RegisterTypeInIl2Cpp(Type type, RegisterTypeOptions options) in /home/runner/work/Il2CppInterop/Il2CppInterop/Il2CppInterop.Runtime/Injection/ClassInjector.cs:line 191
   at ModFramework.Utilities.Attributes.RegisterInIl2CppAttribute.RegisterType(Type type, Type[] interfaces)
[Warning:Il2CppInterop] Method System.Collections.Generic.List`1[ModFramework.GUI.IItemModel] get_Models() on type ModFramework.GUI.InfinityScrollModel has unsupported return type System.Collections.Generic.List`1[ModFramework.GUI.IItemModel]
[Warning:Il2CppInterop] Method Void set_Models(System.Collections.Generic.List`1[ModFramework.GUI.IItemModel]) on type ModFramework.GUI.InfinityScrollModel has unsupported parameter System.Collections.Generic.List`1[ModFramework.GUI.IItemModel] value of type System.Collections.Generic.List`1[ModFramework.GUI.IItemModel]
[Warning:Il2CppInterop] Method System.Func`1[System.Int32] get_QuantityProvider() on type ModFramework.GUI.InfinityScrollModel has unsupported return type System.Func`1[System.Int32]
[Warning:Il2CppInterop] Method Void set_QuantityProvider(System.Func`1[System.Int32]) on type ModFramework.GUI.InfinityScrollModel has unsupported parameter System.Func`1[System.Int32] value of type System.Func`1[System.Int32]
[Info   :Il2CppInterop] Registered mono type ModFramework.GUI.InfinityScrollModel in il2cpp domain
[Warning:Il2CppInterop] Method Void SetKey(System.String, System.String[]) on type ModFramework.GUI.LocalizedText has unsupported parameter System.String[] newArgKeys of type System.String[]
[Info   :Il2CppInterop] Registered mono type ModFramework.GUI.LocalizedText in il2cpp domain
[Warning:Il2CppInterop] Method Void Bind(ModFramework.GUI.PropertyDefinition) on type ModFramework.GUI.PropertyEntry has unsupported parameter ModFramework.GUI.PropertyDefinition def of type ModFramework.GUI.PropertyDefinition
[Info   :Il2CppInterop] Registered mono type ModFramework.GUI.PropertyEntry in il2cpp domain
[Warning:Il2CppInterop] Method System.Collections.IEnumerator ResizeCoroutine(Single, Single) on type ModFramework.GUI.PropertyGroup has unsupported return type System.Collections.IEnumerator
[Info   :Il2CppInterop] Registered mono type ModFramework.GUI.PropertyGroup in il2cpp domain
[Warning:Il2CppInterop] Method Void SetupSelectionButtonForGroup(UnityEngine.GameObject, System.String, System.Func`1[System.Collections.Generic.List`1[ModFramework.GUI.SelectionDefinition]]) on type ModFramework.GUI.PropertyPanel has unsupported parameter System.Func`1[System.Collections.Generic.List`1[ModFramework.GUI.SelectionDefinition]] defsProvider of type System.Func`1[System.Collections.Generic.List`1[ModFramework.GUI.SelectionDefinition]]
[Warning:Il2CppInterop] Method SelectionButtonInfo SetupSelectionButton(System.String, System.Func`1[System.Collections.Generic.List`1[ModFramework.GUI.SelectionDefinition]], UnityEngine.Transform, Int32) on type ModFramework.GUI.PropertyPanel has unsupported return type ModFramework.GUI.PropertyPanel+SelectionButtonInfo
[Warning:Il2CppInterop] Method UnityEngine.GameObject AddPropertyGroup(ModFramework.GUI.PropertyGroupDefinition) on type ModFramework.GUI.PropertyPanel has unsupported parameter ModFramework.GUI.PropertyGroupDefinition groupDef of type ModFramework.GUI.PropertyGroupDefinition
[Warning:Il2CppInterop] Method Void SetPropertyGroups(System.Collections.Generic.List`1[ModFramework.GUI.PropertyGroupDefinition]) on type ModFramework.GUI.PropertyPanel has unsupported parameter System.Collections.Generic.List`1[ModFramework.GUI.PropertyGroupDefinition] groupDefs of type System.Collections.Generic.List`1[ModFramework.GUI.PropertyGroupDefinition]
[Warning:Il2CppInterop] Method SelectionButtonInfo GetSelectionButtonForGroup(UnityEngine.GameObject) on type ModFramework.GUI.PropertyPanel has unsupported return type ModFramework.GUI.PropertyPanel+SelectionButtonInfo
[Warning:Il2CppInterop] Method Void ConstructGroup(UnityEngine.Transform, ModFramework.GUI.PropertyGroupDefinition) on type ModFramework.GUI.PropertyPanel has unsupported parameter ModFramework.GUI.PropertyGroupDefinition def of type ModFramework.GUI.PropertyGroupDefinition
[Warning:Il2CppInterop] Method Void SetActiveRange(System.Collections.Generic.List`1[UnityEngine.GameObject], Int32) on type ModFramework.GUI.PropertyPanel has unsupported parameter System.Collections.Generic.List`1[UnityEngine.GameObject] pool of type System.Collections.Generic.List`1[UnityEngine.GameObject]
[Warning:Il2CppInterop] Method Void BindSlot(UnityEngine.Transform, ModFramework.GUI.PropertyDefinition) on type ModFramework.GUI.PropertyPanel has unsupported parameter ModFramework.GUI.PropertyDefinition prop of type ModFramework.GUI.PropertyDefinition
[Info   :Il2CppInterop] Registered mono type ModFramework.GUI.PropertyPanel in il2cpp domain
[Warning:Il2CppInterop] Method Void Open(System.Collections.Generic.List`1[ModFramework.GUI.SelectionDefinition]) on type ModFramework.GUI.TargetSelectionWidget has unsupported parameter System.Collections.Generic.List`1[ModFramework.GUI.SelectionDefinition] defs of type System.Collections.Generic.List`1[ModFramework.GUI.SelectionDefinition]
[Warning:Il2CppInterop] Method System.Collections.IEnumerator DisableObjectAfterDelay() on type ModFramework.GUI.TargetSelectionWidget has unsupported return type System.Collections.IEnumerator
[Warning:Il2CppInterop] Method System.Collections.IEnumerator DisableAnimatorAfterDelay() on type ModFramework.GUI.TargetSelectionWidget has unsupported return type System.Collections.IEnumerator
[Info   :Il2CppInterop] Registered mono type ModFramework.GUI.TargetSelectionWidget in il2cpp domain
[Warning:Il2CppInterop] Method Void ConfigureRoles(System.Collections.Generic.List`1[ModFramework.GUI.RoleDefinition]) on type ModFramework.GUI.GenericRolePanel has unsupported parameter System.Collections.Generic.List`1[ModFramework.GUI.RoleDefinition] roles of type System.Collections.Generic.List`1[ModFramework.GUI.RoleDefinition]
[Warning:Il2CppInterop] Method Void ConfigureProperties(System.Collections.Generic.List`1[ModFramework.GUI.PropertyGroupDefinition]) on type ModFramework.GUI.GenericRolePanel has unsupported parameter System.Collections.Generic.List`1[ModFramework.GUI.PropertyGroupDefinition] groupDefs of type System.Collections.Generic.List`1[ModFramework.GUI.PropertyGroupDefinition]
[Warning:Il2CppInterop] Method Void PopulateGroup(UnityEngine.Transform, ModFramework.GUI.PropertyGroupDefinition) on type ModFramework.GUI.GenericRolePanel has unsupported parameter ModFramework.GUI.PropertyGroupDefinition def of type ModFramework.GUI.PropertyGroupDefinition
[Warning:Il2CppInterop] Method Void PopulateEntry(UnityEngine.Transform, ModFramework.GUI.PropertyDefinition) on type ModFramework.GUI.GenericRolePanel has unsupported parameter ModFramework.GUI.PropertyDefinition prop of type ModFramework.GUI.PropertyDefinition
[Warning:Il2CppInterop] Method Void EnsurePoolSize(System.Collections.Generic.List`1[UnityEngine.GameObject], UnityEngine.Transform, UnityEngine.GameObject, Int32) on type ModFramework.GUI.GenericRolePanel has unsupported parameter System.Collections.Generic.List`1[UnityEngine.GameObject] pool of type System.Collections.Generic.List`1[UnityEngine.GameObject]
[Info   :Il2CppInterop] Registered mono type ModFramework.GUI.GenericRolePanel in il2cpp domain
[Warning:Il2CppInterop] Method System.Collections.IEnumerator InitRoutine() on type ModFramework.GUI.UIService has unsupported return type System.Collections.IEnumerator
[Warning:Il2CppInterop] Method System.Collections.IEnumerator LoadAndInstantiateAsyncWithFallback() on type ModFramework.GUI.UIService has unsupported return type System.Collections.IEnumerator
[Warning:Il2CppInterop] Method System.Collections.IEnumerator InstantiateFromBundleAsync() on type ModFramework.GUI.UIService has unsupported return type System.Collections.IEnumerator
[Warning:Il2CppInterop] Method System.IO.Stream GetEmbeddedStream() on type ModFramework.GUI.UIService has unsupported return type System.IO.Stream
[Warning:Il2CppInterop] Method System.Collections.IEnumerator PreloadRequiredAssetsAsync() on type ModFramework.GUI.UIService has unsupported return type System.Collections.IEnumerator
[Warning:Il2CppInterop] Method System.Collections.IEnumerator LoadAndCacheAsync[T](System.String) on type ModFramework.GUI.UIService has unsupported return type System.Collections.IEnumerator
[Info   :Il2CppInterop] Registered mono type ModFramework.GUI.UIService in il2cpp domain
[Warning:Il2CppInterop] Method System.Collections.Generic.Dictionary`2[System.String,System.Action`1[System.String]] get_Handlers() on type ModFramework.Components.CommandComponentBase has unsupported return type System.Collections.Generic.Dictionary`2[System.String,System.Action`1[System.String]]
[Warning:Il2CppInterop] Method Void set_Handlers(System.Collections.Generic.Dictionary`2[System.String,System.Action`1[System.String]]) on type ModFramework.Components.CommandComponentBase has unsupported parameter System.Collections.Generic.Dictionary`2[System.String,System.Action`1[System.String]] value of type System.Collections.Generic.Dictionary`2[System.String,System.Action`1[System.String]]
[Warning:Il2CppInterop] Method Void ProcessRequest(CommandRequest) on type ModFramework.Components.CommandComponentBase has unsupported parameter CommandRequest req of type ModFramework.Commands.CommandDispatcher+CommandRequest
[Warning:Il2CppInterop] Method Void HandleToggle(System.String, System.Action`1[System.Boolean]) on type ModFramework.Components.CommandComponentBase has unsupported parameter System.Action`1[System.Boolean] onToggle of type System.Action`1[System.Boolean]
[Info   :Il2CppInterop] Registered mono type ModFramework.Components.CommandComponentBase in il2cpp domain
[Info   :Il2CppInterop] Registered mono type ModFramework.Utilities.StreamExtensions+StreamWrapper in il2cpp domain
[Warning:Il2cpp plugin FlowerPicker] Failed to register ModFramework.GUI.IItemModel: System.ArgumentException: Class System.Object does not inherit from a class registered in il2cpp
   at Il2CppInterop.Runtime.Injection.ClassInjector.RegisterTypeInIl2Cpp(Type type, RegisterTypeOptions options) in /home/runner/work/Il2CppInterop/Il2CppInterop/Il2CppInterop.Runtime/Injection/ClassInjector.cs:line 185
   at Il2CppInterop.Runtime.Injection.ClassInjector.RegisterTypeInIl2Cpp(Type type, RegisterTypeOptions options) in /home/runner/work/Il2CppInterop/Il2CppInterop/Il2CppInterop.Runtime/Injection/ClassInjector.cs:line 191
   at ModFramework.Utilities.Attributes.RegisterInIl2CppAttribute.RegisterType(Type type, Type[] interfaces)
[Warning:Il2cpp plugin FlowerPicker] Failed to register FlowerPicker.GUI.GameItemModel: System.ArgumentException: Class System.Object does not inherit from a class registered in il2cpp
   at Il2CppInterop.Runtime.Injection.ClassInjector.RegisterTypeInIl2Cpp(Type type, RegisterTypeOptions options) in /home/runner/work/Il2CppInterop/Il2CppInterop/Il2CppInterop.Runtime/Injection/ClassInjector.cs:line 185
   at Il2CppInterop.Runtime.Injection.ClassInjector.RegisterTypeInIl2Cpp(Type type, RegisterTypeOptions options) in /home/runner/work/Il2CppInterop/Il2CppInterop/Il2CppInterop.Runtime/Injection/ClassInjector.cs:line 191
   at Il2CppInterop.Runtime.Injection.ClassInjector.RegisterTypeInIl2Cpp(Type type, RegisterTypeOptions options) in /home/runner/work/Il2CppInterop/Il2CppInterop/Il2CppInterop.Runtime/Injection/ClassInjector.cs:line 191
   at ModFramework.Utilities.Attributes.RegisterInIl2CppAttribute.RegisterType(Type type, Type[] interfaces)
[Warning:Il2CppInterop] Method System.Collections.IEnumerator SetupCoroutine() on type FlowerPicker.GUI.ItemPanelAdapter has unsupported return type System.Collections.IEnumerator
[Info   :Il2CppInterop] Registered mono type FlowerPicker.GUI.ItemPanelAdapter in il2cpp domain
[Warning:Il2CppInterop] Method System.Collections.IEnumerator LoadIcons() on type FlowerPicker.Components.FlowerPickerComponent has unsupported return type System.Collections.IEnumerator
[Info   :Il2CppInterop] Registered mono type FlowerPicker.Components.FlowerPickerComponent in il2cpp domain
[Info   :Il2CppInterop] Registered mono type BepInEx.Unity.IL2CPP.Utils.Collections.Il2CppManagedEnumerator in il2cpp domain
[Info   :Il2cpp plugin FlowerPicker] Polling for scene change...
[Debug  :Il2cpp plugin FlowerPicker] Starting service [Win32NamedPipeService]
[Debug  :Il2cpp plugin FlowerPicker] [Win32Pipe] Starting service [\\.\pipe\FlowerPickerPipe]
[Debug  :Il2cpp plugin FlowerPicker] [Win32Pipe] Service [\\.\pipe\FlowerPickerPipe] started
[Debug  :Il2cpp plugin FlowerPicker] Starting service [Win32WindowMessageService]
[Info   :Il2cpp plugin FlowerPicker] [Win32Pipe] ListenLoop() entered on thread 3
[Info   :Il2cpp plugin FlowerPicker] [Win32Pipe] Waiting for connection on \\.\pipe\FlowerPickerPipe...
[Info   :Il2cpp plugin FlowerPicker] [WinMsg] Subclass installed on hwnd=0x6016C
[Debug  :Il2cpp plugin FlowerPicker] Starting service [GrpcCommunicationService]
[Info   :Il2cpp plugin FlowerPicker] Grpc.Core v2.0.0.0 loaded from D:\steam\steamapps\common\RomanticEscapades\RE\BepInEx\plugins\xmod\Grpc.Core.dll
[Info   :Il2cpp plugin FlowerPicker] Selected free port: 49160
[Info   :Il2cpp plugin FlowerPicker] gRPC server started
[Info   :Il2cpp plugin FlowerPicker]     Listening on 0.0.0.0:49160
[Info   :Il2cpp plugin FlowerPicker] Posting port 49160 to xmod window (199880)
[Message:   BepInEx] Chainloader startup complete
[Debug  :Il2cpp plugin FlowerPicker] PortRequestLoop entering wait-loop
[Debug  : Preloader] Runtime invoke unpatched
[Info   :Il2cpp plugin FlowerPicker] Scene loaded: Login
[Info   :Il2CppInterop] Registered mono type ModFramework.FrameworkBehaviour in il2cpp domain
[Info   :Il2CppInterop] Registered mono type ModFramework.Runtime.Il2Cpp.Il2CppManagedEnumerator in il2cpp domain
[Info   :Il2cpp plugin FlowerPicker] Scene loaded: Login
[Info   :Il2cpp plugin FlowerPicker] Loaded Unhollowed modules in 0.017 seconds.
[Info   :Il2cpp plugin FlowerPicker] Setup deobfuscation cache in 0.123 seconds.
[Info   :Il2cpp plugin FlowerPicker] Initialized new InputSystem support.
[Debug  :DobbyDetour] Preparing detour from 0x7FFFCFCECBE0 to 0x7FF7EDE651E4
[Debug  :DobbyDetour] Prepared detour; Trampoline: 0x7FFF8FCF0000
[Debug  :DobbyDetour] Original: 7FFFCFCECBE0, Trampoline: 7FFF8FCF0000, diff: 3FFFCBE0
[Debug  :Il2cpp plugin FlowerPicker] 	 Successfully patched UnityEngine.EventSystems.EventSystem.current
[Debug  :DobbyDetour] Preparing detour from 0x7FFFCFCEB830 to 0x7FF7EDE65224
[Debug  :DobbyDetour] Prepared detour; Trampoline: 0x7FFF8FCF0020
[Debug  :DobbyDetour] Original: 7FFFCFCEB830, Trampoline: 7FFF8FCF0020, diff: 3FFFB810
[Debug  :Il2cpp plugin FlowerPicker] 	 Successfully patched UnityEngine.EventSystems.EventSystem.SetSelectedGameObject
[Debug  :DobbyDetour] Preparing detour from 0x7FFFCFA5B430 to 0x7FF7EDE65264
[Debug  :DobbyDetour] Prepared detour; Trampoline: 0x7FFF8FCF0040
[Debug  :DobbyDetour] Original: 7FFFCFA5B430, Trampoline: 7FFF8FCF0040, diff: 3FD6B3F0
[Debug  :Il2cpp plugin FlowerPicker] 	 Successfully patched UnityEngine.Cursor.lockState
[Debug  :DobbyDetour] Preparing detour from 0x7FFFCFA5B470 to 0x7FF7EDE652A4
[Debug  :DobbyDetour] Prepared detour; Trampoline: 0x7FFF8FCF0060
[Debug  :DobbyDetour] Original: 7FFFCFA5B470, Trampoline: 7FFF8FCF0060, diff: 3FD6B410
[Debug  :Il2cpp plugin FlowerPicker] 	 Successfully patched UnityEngine.Cursor.visible
[Debug  :Il2cpp plugin FlowerPicker] Found panel button: Property Editing in Navigation Panel
[Debug  :Il2cpp plugin FlowerPicker] Found panel button: Item Editting in Navigation Panel
[Debug  :Il2cpp plugin FlowerPicker] Found panel button: Miscellaneous in Navigation Panel
[Debug  :Il2cpp plugin FlowerPicker] Found panel button: Settings in Navigation Panel
[Warning:Il2cpp plugin FlowerPicker] [ModFramework] Localization path not found: Xmod/Container/Content/Main Content/Settings/Settings List/List/Music Notification/Title
[Info   :Il2cpp plugin FlowerPicker] ModFramework initialized.
[Debug  :DobbyDetour] Preparing detour from 0x7FFFCFA80490 to 0x7FF7EDE653A4
[Debug  :DobbyDetour] Prepared detour; Trampoline: 0x7FFF8FCF0080
[Debug  :DobbyDetour] Original: 7FFFCFA80490, Trampoline: 7FFF8FCF0080, diff: 3FD90410
[Debug  :Il2CppInterop] Original class was inflated, falling back to reflection
[Debug  :DobbyDetour] Preparing detour from 0x7FFFCD8D6B10 to 0x7FF7EDE653E4
[Debug  :DobbyDetour] Prepared detour; Trampoline: 0x7FFF8FCF00A0
[Debug  :DobbyDetour] Original: 7FFFCD8D6B10, Trampoline: 7FFF8FCF00A0, diff: 3DBE6A70
[Debug  :DobbyDetour] Preparing detour from 0x7FFFCD8D6C00 to 0x7FF7EDE65424
[Debug  :DobbyDetour] Prepared detour; Trampoline: 0x7FFF8FCF00C0
[Debug  :DobbyDetour] Original: 7FFFCD8D6C00, Trampoline: 7FFF8FCF00C0, diff: 3DBE6B40
[Debug  :DobbyDetour] Preparing detour from 0x7FFFCD8EFE10 to 0x7FF7EDE65464
[Debug  :DobbyDetour] Prepared detour; Trampoline: 0x7FFF8FCF00E0
[Debug  :DobbyDetour] Original: 7FFFCD8EFE10, Trampoline: 7FFF8FCF00E0, diff: 3DBFFD30
[Debug  :DobbyDetour] Preparing detour from 0x7FFFCD8D4820 to 0x7FF7EDE654A4
[Debug  :DobbyDetour] Prepared detour; Trampoline: 0x7FFF8FCF0100
[Debug  :DobbyDetour] Original: 7FFFCD8D4820, Trampoline: 7FFF8FCF0100, diff: 3DBE4720
